{"best/epoch": 11, "best/precision": 0.7956968677767436, "best/recall": 0.2815834483807128, "best/mAP_0.5": 0.323976466986591, "best/mAP_0.5:0.95": 0.19414680990045102, "Labels": {"_type": "images/separated", "width": 2000, "height": 2000, "format": "jpg", "count": 2, "filenames": ["media/images/Labels_0_75f8a069f91436e74e79.jpg", "media/images/Labels_0_7e20077e3a35a160d389.jpg"], "captions": ["labels_correlogram.jpg", "labels.jpg"]}, "Mosaics": {"_type": "images/separated", "width": 1920, "height": 1920, "format": "jpg", "count": 3, "filenames": ["media/images/Mosaics_0_b5515f81b184cec691e6.jpg", "media/images/Mosaics_0_4527b2640d57c4edd96e.jpg", "media/images/Mosaics_0_fda94521b795804507d1.jpg"], "captions": ["train_batch0.jpg", "train_batch1.jpg", "train_batch2.jpg"]}, "train/box_loss": 0.04831107333302498, "train/obj_loss": 0.06381005048751831, "train/cls_loss": 0.009103999473154545, "metrics/precision": 0.7956968677767436, "metrics/recall": 0.2815834483807128, "metrics/mAP_0.5": 0.323976466986591, "metrics/mAP_0.5:0.95": 0.19414680990045102, "val/box_loss": 0.045720599591732025, "val/obj_loss": 0.06237143650650978, "val/cls_loss": 0.008604124188423157, "x/lr0": 0.00967, "x/lr1": 0.00967, "x/lr2": 0.00967, "_timestamp": 1659830313, "_runtime": 1733, "_step": 11}