{"best/epoch": 79, "best/precision": 0.535549227392126, "best/recall": 0.3517556033761794, "best/mAP_0.5": 0.385553158154661, "best/mAP_0.5:0.95": 0.2376614911734765, "Labels": {"_type": "images/separated", "width": 2000, "height": 2000, "format": "jpg", "count": 2, "filenames": ["media/images/Labels_0_4542dd33bc3c12891143.jpg", "media/images/Labels_0_aee0fe8e095e02b208b2.jpg"], "captions": ["labels_correlogram.jpg", "labels.jpg"]}, "Mosaics": {"_type": "images/separated", "width": 1920, "height": 1920, "format": "jpg", "count": 3, "filenames": ["media/images/Mosaics_0_b5735ca9d7429a95f4b1.jpg", "media/images/Mosaics_0_27afd1f12a5b02b354e8.jpg", "media/images/Mosaics_0_0ad7bc4e60a7aa039227.jpg"], "captions": ["train_batch0.jpg", "train_batch1.jpg", "train_batch2.jpg"]}, "train/box_loss": 0.03650432825088501, "train/obj_loss": 0.030133118852972984, "train/cls_loss": 0.0031521792989224195, "metrics/precision": 0.5353899626104704, "metrics/recall": 0.3519802653391254, "metrics/mAP_0.5": 0.38588140727704484, "metrics/mAP_0.5:0.95": 0.2377320360282329, "val/box_loss": 0.04188472405076027, "val/obj_loss": 0.06266458332538605, "val/cls_loss": 0.00834185816347599, "x/lr0": 0.005775999999999999, "x/lr1": 0.005775999999999999, "x/lr2": 0.005775999999999999, "_timestamp": 1662294196, "_runtime": 20358, "_step": 130, "BoundingBoxDebugger": {"_type": "images/separated", "width": 1344, "height": 768, "format": "png", "count": 16, "filenames": ["media/images/BoundingBoxDebugger_119_ee852353bbcffb6029db.png", "media/images/BoundingBoxDebugger_119_28dde4d61c956d308210.png", "media/images/BoundingBoxDebugger_119_88d4276bf909a7c8731b.png", "media/images/BoundingBoxDebugger_119_46b1609b3dd4b85a558d.png", "media/images/BoundingBoxDebugger_119_785003fd04f4c3107a64.png", "media/images/BoundingBoxDebugger_119_aa349ee51ea80cc2b241.png", "media/images/BoundingBoxDebugger_119_9e8873e8d2336f586820.png", "media/images/BoundingBoxDebugger_119_99e16d2ee1ef5e18040c.png", "media/images/BoundingBoxDebugger_119_3bee43b9efbb99b5fb9e.png", "media/images/BoundingBoxDebugger_119_f28b1174943aeb439e08.png", "media/images/BoundingBoxDebugger_119_53a50e2075a255998660.png", "media/images/BoundingBoxDebugger_119_a8a5e443f99e12afa31a.png", "media/images/BoundingBoxDebugger_119_21ce790b008bad74ff88.png", "media/images/BoundingBoxDebugger_119_c6d1f1fc21d90d736660.png", "media/images/BoundingBoxDebugger_119_0748d1034a65fcd21551.png", "media/images/BoundingBoxDebugger_119_07aed0bacafa44c48e27.png"], "captions": ["7d06fefd-f7be05a6.jpg", "a217361a-01b5b341.jpg", "a217361a-cdf174d7.jpg", "a2297c18-876eb30b.jpg", "a2300bf9-00000000.jpg", "a269d8cd-af4fc1d1.jpg", "a2881013-88cf91d5.jpg", "a293d57a-00000000.jpg", "a296eb41-691738fc.jpg", "a2ae40f3-00000000.jpg", "a2c6d74b-00000000.jpg", "a2c9376f-00000000.jpg", "a2d1b2be-d0ddcd7d.jpg", "a3025d3c-00000000.jpg", "a316282d-0e90097d.jpg", "a316362b-00000000.jpg"], "all_boxes": [{"predictions": {"_type": "boxes2D", "sha256": "7d851c8372af7306b49d0e2e898ef0a872d3b50a1f499420e3a291e0fb7dc644", "size": 34489, "path": "media/metadata/boxes2D/BoundingBoxDebugger_119_7d851c8372af7306b49d.boxes2D.json"}}, {"predictions": {"_type": "boxes2D", "sha256": "ecc133426bea480547bb05b7852fac1065bd6a2a105c7a39bde9f0909571d551", "size": 56296, "path": "media/metadata/boxes2D/BoundingBoxDebugger_119_ecc133426bea480547bb.boxes2D.json"}}, {"predictions": {"_type": "boxes2D", "sha256": "2c1f25b853df5baf428665cea8302232d73992fbcc17fb9401e3772719a320f2", "size": 56470, "path": "media/metadata/boxes2D/BoundingBoxDebugger_119_2c1f25b853df5baf4286.boxes2D.json"}}, {"predictions": {"_type": "boxes2D", "sha256": "10e505f906d82cee91c70e637591efc2ab3505156e99573676b294b594523eaa", "size": 56553, "path": "media/metadata/boxes2D/BoundingBoxDebugger_119_10e505f906d82cee91c7.boxes2D.json"}}, {"predictions": {"_type": "boxes2D", "sha256": "fa0c3182f3de132beac7b6b49a79414ea71ec23c1e0b4d522a070c0f0a2dc23f", "size": 56509, "path": "media/metadata/boxes2D/BoundingBoxDebugger_119_fa0c3182f3de132beac7.boxes2D.json"}}, {"predictions": {"_type": "boxes2D", "sha256": "ed18f9f4986e45cbc50c442445d9946f8ba76b1666d962ec59260654ac4d8178", "size": 11319, "path": "media/metadata/boxes2D/BoundingBoxDebugger_119_ed18f9f4986e45cbc50c.boxes2D.json"}}, {"predictions": {"_type": "boxes2D", "sha256": "2a5e3df5d46dad13892990bd24d8710469914dc142c003251820d4133a394202", "size": 27711, "path": "media/metadata/boxes2D/BoundingBoxDebugger_119_2a5e3df5d46dad138929.boxes2D.json"}}, {"predictions": {"_type": "boxes2D", "sha256": "2c3e78577f87f027435449268c0c4dd09b894bb137414d2f57d785bc7de60e98", "size": 14618, "path": "media/metadata/boxes2D/BoundingBoxDebugger_119_2c3e78577f87f0274354.boxes2D.json"}}, {"predictions": {"_type": "boxes2D", "sha256": "e6694d491db5d256037f3bc122153d4662d8e9001db9e6462eb744b92cdf4cbc", "size": 39810, "path": "media/metadata/boxes2D/BoundingBoxDebugger_119_e6694d491db5d256037f.boxes2D.json"}}, {"predictions": {"_type": "boxes2D", "sha256": "7c10ace28dcaf6554d255aa476fde5f7a7cbe4a81029ddc8d489bbd9b3e02d2a", "size": 56713, "path": "media/metadata/boxes2D/BoundingBoxDebugger_119_7c10ace28dcaf6554d25.boxes2D.json"}}, {"predictions": {"_type": "boxes2D", "sha256": "a1d7c6314e366ad7857ca8e2748f487fe3be56f4b1e9b5a6d6ff82a8bda56a9b", "size": 37786, "path": "media/metadata/boxes2D/BoundingBoxDebugger_119_a1d7c6314e366ad7857c.boxes2D.json"}}, {"predictions": {"_type": "boxes2D", "sha256": "08f4305968bf887407a68d42e6fb758fb91f13a294466fdd95f28a09e4805bde", "size": 35201, "path": "media/metadata/boxes2D/BoundingBoxDebugger_119_08f4305968bf887407a6.boxes2D.json"}}, {"predictions": {"_type": "boxes2D", "sha256": "eeaae2b6443a573aba9f93b2f40421a7b101b8ffe21e21776847df1af8db91c7", "size": 25977, "path": "media/metadata/boxes2D/BoundingBoxDebugger_119_eeaae2b6443a573aba9f.boxes2D.json"}}, {"predictions": {"_type": "boxes2D", "sha256": "c585bec73293b3c11bd28d44a6c8d22ecda5ef5ea1b244c5795a65c918d542bb", "size": 41529, "path": "media/metadata/boxes2D/BoundingBoxDebugger_119_c585bec73293b3c11bd2.boxes2D.json"}}, {"predictions": {"_type": "boxes2D", "sha256": "35fd878a18af21a781c5afa0bee86e891b4a776d927066c28b77366464a19beb", "size": 35759, "path": "media/metadata/boxes2D/BoundingBoxDebugger_119_35fd878a18af21a781c5.boxes2D.json"}}, {"predictions": {"_type": "boxes2D", "sha256": "c9ba13a49db83bff33989a532ece69eff3ace41f7cdfc0748ff7dc5396554267", "size": 46772, "path": "media/metadata/boxes2D/BoundingBoxDebugger_119_c9ba13a49db83bff3398.boxes2D.json"}}]}, "Validation": {"_type": "images/separated", "width": 1920, "height": 1100, "format": "jpg", "count": 6, "filenames": ["media/images/Validation_130_16851127fed0319052e2.jpg", "media/images/Validation_130_312ae3aec9422422e40f.jpg", "media/images/Validation_130_90cb3e1fc03ef97f8783.jpg", "media/images/Validation_130_8783df55977a70107436.jpg", "media/images/Validation_130_c7bb9755ae28184a548f.jpg", "media/images/Validation_130_4822fa19efe8b439da99.jpg"], "captions": ["val_batch0_labels.jpg", "val_batch0_pred.jpg", "val_batch1_labels.jpg", "val_batch1_pred.jpg", "val_batch2_labels.jpg", "val_batch2_pred.jpg"]}, "Results": {"_type": "images/separated", "width": 2400, "height": 1200, "format": "png", "count": 6, "filenames": ["media/images/Results_130_91647a0f59060e811d86.png", "media/images/Results_130_3979132192de158ad909.png", "media/images/Results_130_82d257bb8ace389e2e56.png", "media/images/Results_130_9a6a3eae4d1d4fc8ea3b.png", "media/images/Results_130_2b1f9a20b8b49011c813.png", "media/images/Results_130_1f398de316d62b3eaafe.png"], "captions": ["results.png", "confusion_matrix.png", "F1_curve.png", "PR_curve.png", "P_curve.png", "R_curve.png"]}, "_wandb": {"runtime": 20359}}