{"best/epoch": 67, "best/precision": 0.6309810816463786, "best/recall": 0.3460215682531226, "best/mAP_0.5": 0.38309090650399813, "best/mAP_0.5:0.95": 0.2387851350039985, "Labels": {"_type": "images/separated", "width": 2000, "height": 2000, "format": "jpg", "count": 2, "filenames": ["media/images/Labels_0_8270a4f85aa020e9d122.jpg", "media/images/Labels_0_97f689a2ba2872564d3e.jpg"], "captions": ["labels_correlogram.jpg", "labels.jpg"]}, "Mosaics": {"_type": "images/separated", "width": 1920, "height": 1920, "format": "jpg", "count": 3, "filenames": ["media/images/Mosaics_0_ab217304724727dd319e.jpg", "media/images/Mosaics_0_6365698dc0ec6871e6e1.jpg", "media/images/Mosaics_0_57d3aef66184bb72e955.jpg"], "captions": ["train_batch0.jpg", "train_batch1.jpg", "train_batch2.jpg"]}, "train/box_loss": 0.01849711313843727, "train/obj_loss": 0.025274332612752914, "train/cls_loss": 0.001623764168471098, "metrics/precision": 0.6312199110940581, "metrics/recall": 0.34687925386526924, "metrics/mAP_0.5": 0.38302080001024447, "metrics/mAP_0.5:0.95": 0.23869378332522148, "val/box_loss": 0.02331847883760929, "val/obj_loss": 0.0527617447078228, "val/cls_loss": 0.007810678333044052, "x/lr0": 0.0061719999999999995, "x/lr1": 0.0061719999999999995, "x/lr2": 0.0061719999999999995, "_timestamp": 1662378562, "_runtime": 30981, "_step": 118, "BoundingBoxDebugger": {"_type": "images/separated", "width": 1344, "height": 768, "format": "png", "count": 16, "filenames": ["media/images/BoundingBoxDebugger_89_ee852353bbcffb6029db.png", "media/images/BoundingBoxDebugger_89_28dde4d61c956d308210.png", "media/images/BoundingBoxDebugger_89_88d4276bf909a7c8731b.png", "media/images/BoundingBoxDebugger_89_46b1609b3dd4b85a558d.png", "media/images/BoundingBoxDebugger_89_785003fd04f4c3107a64.png", "media/images/BoundingBoxDebugger_89_aa349ee51ea80cc2b241.png", "media/images/BoundingBoxDebugger_89_9e8873e8d2336f586820.png", "media/images/BoundingBoxDebugger_89_99e16d2ee1ef5e18040c.png", "media/images/BoundingBoxDebugger_89_3bee43b9efbb99b5fb9e.png", "media/images/BoundingBoxDebugger_89_f28b1174943aeb439e08.png", "media/images/BoundingBoxDebugger_89_53a50e2075a255998660.png", "media/images/BoundingBoxDebugger_89_a8a5e443f99e12afa31a.png", "media/images/BoundingBoxDebugger_89_21ce790b008bad74ff88.png", "media/images/BoundingBoxDebugger_89_c6d1f1fc21d90d736660.png", "media/images/BoundingBoxDebugger_89_0748d1034a65fcd21551.png", "media/images/BoundingBoxDebugger_89_07aed0bacafa44c48e27.png"], "captions": ["7d06fefd-f7be05a6.jpg", "a217361a-01b5b341.jpg", "a217361a-cdf174d7.jpg", "a2297c18-876eb30b.jpg", "a2300bf9-00000000.jpg", "a269d8cd-af4fc1d1.jpg", "a2881013-88cf91d5.jpg", "a293d57a-00000000.jpg", "a296eb41-691738fc.jpg", "a2ae40f3-00000000.jpg", "a2c6d74b-00000000.jpg", "a2c9376f-00000000.jpg", "a2d1b2be-d0ddcd7d.jpg", "a3025d3c-00000000.jpg", "a316282d-0e90097d.jpg", "a316362b-00000000.jpg"], "all_boxes": [{"predictions": {"_type": "boxes2D", "sha256": "b4f5bcaa9a6a8f187381f4f6e7c42523af32e5f9d227889402133ea91ae649c0", "size": 45420, "path": "media/metadata/boxes2D/BoundingBoxDebugger_89_b4f5bcaa9a6a8f187381.boxes2D.json"}}, {"predictions": {"_type": "boxes2D", "sha256": "f69648c8567ac727144c5fca2289d63cdf0e93fcae86b6b4787594b5b3f42d2a", "size": 56973, "path": "media/metadata/boxes2D/BoundingBoxDebugger_89_f69648c8567ac727144c.boxes2D.json"}}, {"predictions": {"_type": "boxes2D", "sha256": "98b348430afc4dfbf152b3ed573f63c1d212d021ba0b68268935c9621d585e5a", "size": 56807, "path": "media/metadata/boxes2D/BoundingBoxDebugger_89_98b348430afc4dfbf152.boxes2D.json"}}, {"predictions": {"_type": "boxes2D", "sha256": "ee6e4cf009795aef6f8271aeb886f4b4bc99a291feb2f5d66acd12c17151d6fe", "size": 56548, "path": "media/metadata/boxes2D/BoundingBoxDebugger_89_ee6e4cf009795aef6f82.boxes2D.json"}}, {"predictions": {"_type": "boxes2D", "sha256": "45e9a2bbd4aad187605ed436f5eff7a6a5285578e269362895c4d4cb1ff7d7e6", "size": 56677, "path": "media/metadata/boxes2D/BoundingBoxDebugger_89_45e9a2bbd4aad187605e.boxes2D.json"}}, {"predictions": {"_type": "boxes2D", "sha256": "dda068a60b667ad5a8f68e552a57e283ca2a8adba159d1725cfd482af975c1bd", "size": 9649, "path": "media/metadata/boxes2D/BoundingBoxDebugger_89_dda068a60b667ad5a8f6.boxes2D.json"}}, {"predictions": {"_type": "boxes2D", "sha256": "1f83102265a7c22cbbbcd689af413e0ae450db3ae78bb068d30cf84989a26b77", "size": 28531, "path": "media/metadata/boxes2D/BoundingBoxDebugger_89_1f83102265a7c22cbbbc.boxes2D.json"}}, {"predictions": {"_type": "boxes2D", "sha256": "a78a2a2633253e99b12b5efb839778620bfb22717585b9568f6e79a5c12314dc", "size": 15689, "path": "media/metadata/boxes2D/BoundingBoxDebugger_89_a78a2a2633253e99b12b.boxes2D.json"}}, {"predictions": {"_type": "boxes2D", "sha256": "c569276b8a813019e75d85ccd30743856f8713ccfd0f641642f0b891ffc3f852", "size": 51232, "path": "media/metadata/boxes2D/BoundingBoxDebugger_89_c569276b8a813019e75d.boxes2D.json"}}, {"predictions": {"_type": "boxes2D", "sha256": "7d6ff09fa64b795523c5d44f237ee31c9a8498725afa8807d3e3936e7341a8bf", "size": 56774, "path": "media/metadata/boxes2D/BoundingBoxDebugger_89_7d6ff09fa64b795523c5.boxes2D.json"}}, {"predictions": {"_type": "boxes2D", "sha256": "c765a35492016d77bbb4f99c2c62a9d1d141b57a9d809c4b512773a0d8fe0ac8", "size": 55718, "path": "media/metadata/boxes2D/BoundingBoxDebugger_89_c765a35492016d77bbb4.boxes2D.json"}}, {"predictions": {"_type": "boxes2D", "sha256": "42b72951ff07c0bde578afb32cf73a2e5886e5541e123a1fb4e8d595ee11576c", "size": 18464, "path": "media/metadata/boxes2D/BoundingBoxDebugger_89_42b72951ff07c0bde578.boxes2D.json"}}, {"predictions": {"_type": "boxes2D", "sha256": "36a03c112484957976ccb32d07ec6c2eb24a4cd2e826c36a3b294cc8508dcae5", "size": 30559, "path": "media/metadata/boxes2D/BoundingBoxDebugger_89_36a03c112484957976cc.boxes2D.json"}}, {"predictions": {"_type": "boxes2D", "sha256": "c56882164149ed7e3461f1844fb201935cae857663bfcb15a1b301a523ff09f9", "size": 53685, "path": "media/metadata/boxes2D/BoundingBoxDebugger_89_c56882164149ed7e3461.boxes2D.json"}}, {"predictions": {"_type": "boxes2D", "sha256": "9706e9fdcafdff9708c9dbdf700ff2b6214fa3e7d990c5c32aa42e67d18f1692", "size": 23525, "path": "media/metadata/boxes2D/BoundingBoxDebugger_89_9706e9fdcafdff9708c9.boxes2D.json"}}, {"predictions": {"_type": "boxes2D", "sha256": "d5822e5ecd0305bb81d2e7cbd1241bb70b17211e2a62d9d8d7e84d2871d87a3c", "size": 41050, "path": "media/metadata/boxes2D/BoundingBoxDebugger_89_d5822e5ecd0305bb81d2.boxes2D.json"}}]}, "Validation": {"_type": "images/separated", "width": 1920, "height": 1100, "format": "jpg", "count": 6, "filenames": ["media/images/Validation_118_16851127fed0319052e2.jpg", "media/images/Validation_118_e786c1fe246cb26c2989.jpg", "media/images/Validation_118_90cb3e1fc03ef97f8783.jpg", "media/images/Validation_118_0a658bd2a6a4a59f8ea0.jpg", "media/images/Validation_118_c7bb9755ae28184a548f.jpg", "media/images/Validation_118_0a0ce6cef205b81c4705.jpg"], "captions": ["val_batch0_labels.jpg", "val_batch0_pred.jpg", "val_batch1_labels.jpg", "val_batch1_pred.jpg", "val_batch2_labels.jpg", "val_batch2_pred.jpg"]}, "Results": {"_type": "images/separated", "width": 2400, "height": 1200, "format": "png", "count": 6, "filenames": ["media/images/Results_118_53b7baf35d3688b8a0f1.png", "media/images/Results_118_6e882de94fe539ea5f33.png", "media/images/Results_118_ac57c2d416cf7be6fe71.png", "media/images/Results_118_2ea6f0e33aa6a9c63c9e.png", "media/images/Results_118_7721567b951151bfa05a.png", "media/images/Results_118_884f81a9a984395683ed.png"], "captions": ["results.png", "confusion_matrix.png", "F1_curve.png", "PR_curve.png", "P_curve.png", "R_curve.png"]}, "_wandb": {"runtime": 30982}}