{"best/epoch": 39, "best/precision": 0.679100684066421, "best/recall": 0.34836890346849914, "best/mAP_0.5": 0.37986387168694546, "best/mAP_0.5:0.95": 0.23695155509520496, "Labels": {"_type": "images/separated", "width": 2000, "height": 2000, "format": "jpg", "count": 2, "filenames": ["media/images/Labels_0_8270a4f85aa020e9d122.jpg", "media/images/Labels_0_97f689a2ba2872564d3e.jpg"], "captions": ["labels_correlogram.jpg", "labels.jpg"]}, "Mosaics": {"_type": "images/separated", "width": 1920, "height": 1920, "format": "jpg", "count": 3, "filenames": ["media/images/Mosaics_0_ab217304724727dd319e.jpg", "media/images/Mosaics_0_6365698dc0ec6871e6e1.jpg", "media/images/Mosaics_0_57d3aef66184bb72e955.jpg"], "captions": ["train_batch0.jpg", "train_batch1.jpg", "train_batch2.jpg"]}, "train/box_loss": 0.019528407603502274, "train/obj_loss": 0.02637575753033161, "train/cls_loss": 0.001862137927673757, "metrics/precision": 0.6786392624479951, "metrics/recall": 0.3481570878907909, "metrics/mAP_0.5": 0.3798582704058401, "metrics/mAP_0.5:0.95": 0.23678467448155419, "val/box_loss": 0.02357720583677292, "val/obj_loss": 0.05229141190648079, "val/cls_loss": 0.007808429654687643, "x/lr0": 0.007096, "x/lr1": 0.007096, "x/lr2": 0.007096, "_timestamp": 1662386956, "_runtime": 23764, "_step": 90, "BoundingBoxDebugger": {"_type": "images/separated", "width": 1344, "height": 768, "format": "png", "count": 16, "filenames": ["media/images/BoundingBoxDebugger_89_ee852353bbcffb6029db.png", "media/images/BoundingBoxDebugger_89_28dde4d61c956d308210.png", "media/images/BoundingBoxDebugger_89_88d4276bf909a7c8731b.png", "media/images/BoundingBoxDebugger_89_46b1609b3dd4b85a558d.png", "media/images/BoundingBoxDebugger_89_785003fd04f4c3107a64.png", "media/images/BoundingBoxDebugger_89_aa349ee51ea80cc2b241.png", "media/images/BoundingBoxDebugger_89_9e8873e8d2336f586820.png", "media/images/BoundingBoxDebugger_89_99e16d2ee1ef5e18040c.png", "media/images/BoundingBoxDebugger_89_3bee43b9efbb99b5fb9e.png", "media/images/BoundingBoxDebugger_89_f28b1174943aeb439e08.png", "media/images/BoundingBoxDebugger_89_53a50e2075a255998660.png", "media/images/BoundingBoxDebugger_89_a8a5e443f99e12afa31a.png", "media/images/BoundingBoxDebugger_89_21ce790b008bad74ff88.png", "media/images/BoundingBoxDebugger_89_c6d1f1fc21d90d736660.png", "media/images/BoundingBoxDebugger_89_0748d1034a65fcd21551.png", "media/images/BoundingBoxDebugger_89_07aed0bacafa44c48e27.png"], "captions": ["7d06fefd-f7be05a6.jpg", "a217361a-01b5b341.jpg", "a217361a-cdf174d7.jpg", "a2297c18-876eb30b.jpg", "a2300bf9-00000000.jpg", "a269d8cd-af4fc1d1.jpg", "a2881013-88cf91d5.jpg", "a293d57a-00000000.jpg", "a296eb41-691738fc.jpg", "a2ae40f3-00000000.jpg", "a2c6d74b-00000000.jpg", "a2c9376f-00000000.jpg", "a2d1b2be-d0ddcd7d.jpg", "a3025d3c-00000000.jpg", "a316282d-0e90097d.jpg", "a316362b-00000000.jpg"], "all_boxes": [{"predictions": {"_type": "boxes2D", "sha256": "8b7e9dfa5ecba730a48978d00df595c5ec1972e2161c76ad14110add36eba85a", "size": 40128, "path": "media/metadata/boxes2D/BoundingBoxDebugger_89_8b7e9dfa5ecba730a489.boxes2D.json"}}, {"predictions": {"_type": "boxes2D", "sha256": "9a84b639f8da800e2f0366db064bc27e8aaf87e627e8962fe939fa8ce9725ddf", "size": 56798, "path": "media/metadata/boxes2D/BoundingBoxDebugger_89_9a84b639f8da800e2f03.boxes2D.json"}}, {"predictions": {"_type": "boxes2D", "sha256": "6fe6f1d6df48e98198e280445a8b5ef13c45e804155d4b3e0fff6dcec887bd9d", "size": 56671, "path": "media/metadata/boxes2D/BoundingBoxDebugger_89_6fe6f1d6df48e98198e2.boxes2D.json"}}, {"predictions": {"_type": "boxes2D", "sha256": "c80f69213f7f71ed15bc756043690668068df6b5be28cd8523498a71e9ed64d6", "size": 56541, "path": "media/metadata/boxes2D/BoundingBoxDebugger_89_c80f69213f7f71ed15bc.boxes2D.json"}}, {"predictions": {"_type": "boxes2D", "sha256": "d29c4d9aebcb5b89c44460c71fae3ca65dc896ace796456c38043fbe2a01078d", "size": 57023, "path": "media/metadata/boxes2D/BoundingBoxDebugger_89_d29c4d9aebcb5b89c444.boxes2D.json"}}, {"predictions": {"_type": "boxes2D", "sha256": "ad1e91114588abf0ee704e57111fb2f452852b569504c35784eeacdce3599d63", "size": 13038, "path": "media/metadata/boxes2D/BoundingBoxDebugger_89_ad1e91114588abf0ee70.boxes2D.json"}}, {"predictions": {"_type": "boxes2D", "sha256": "1d7291356abc01bec368d40032a788997a801721976e9cbe397f5df77fcf9b58", "size": 26880, "path": "media/metadata/boxes2D/BoundingBoxDebugger_89_1d7291356abc01bec368.boxes2D.json"}}, {"predictions": {"_type": "boxes2D", "sha256": "faf7e3395cc2c57f3d1e36c29b72fc269e2e1f18aa6400a218f6ee1f10038e8e", "size": 22499, "path": "media/metadata/boxes2D/BoundingBoxDebugger_89_faf7e3395cc2c57f3d1e.boxes2D.json"}}, {"predictions": {"_type": "boxes2D", "sha256": "5d22d7e1d8bf354df0214338c050b7ff45149c5081d1cde674150eedfba75caf", "size": 48876, "path": "media/metadata/boxes2D/BoundingBoxDebugger_89_5d22d7e1d8bf354df021.boxes2D.json"}}, {"predictions": {"_type": "boxes2D", "sha256": "fe7a6d4f80b0d690d7ae25ae168c0997f45fa97e18198bc0bdeba3cd808f0afc", "size": 56479, "path": "media/metadata/boxes2D/BoundingBoxDebugger_89_fe7a6d4f80b0d690d7ae.boxes2D.json"}}, {"predictions": {"_type": "boxes2D", "sha256": "b94fc4e54af4b614d9d79354d5e5a1ff8be0bc4599f891356c29a9688fcbf203", "size": 52299, "path": "media/metadata/boxes2D/BoundingBoxDebugger_89_b94fc4e54af4b614d9d7.boxes2D.json"}}, {"predictions": {"_type": "boxes2D", "sha256": "771fbb937d43cee4b7fbeb5d61cce399d8140563fe8868413dae6f008c269ecb", "size": 21881, "path": "media/metadata/boxes2D/BoundingBoxDebugger_89_771fbb937d43cee4b7fb.boxes2D.json"}}, {"predictions": {"_type": "boxes2D", "sha256": "e003c5348c14133475652b813fa09bf3c9b3be03506316d58889795da5a70a3a", "size": 31816, "path": "media/metadata/boxes2D/BoundingBoxDebugger_89_e003c5348c1413347565.boxes2D.json"}}, {"predictions": {"_type": "boxes2D", "sha256": "196381c58f89c0e1ae4b7ec56c70b7f0ace94464de3d7f5d9f78089035ab38b7", "size": 56683, "path": "media/metadata/boxes2D/BoundingBoxDebugger_89_196381c58f89c0e1ae4b.boxes2D.json"}}, {"predictions": {"_type": "boxes2D", "sha256": "144c4dc57a2bae26aff0854c8539ae56b41c1cf71af158fc7405aeba0750ecee", "size": 25681, "path": "media/metadata/boxes2D/BoundingBoxDebugger_89_144c4dc57a2bae26aff0.boxes2D.json"}}, {"predictions": {"_type": "boxes2D", "sha256": "a9a3e60e109dd03118f62158171baff5da306358bb276fb39b3a3d86c1199b7b", "size": 38825, "path": "media/metadata/boxes2D/BoundingBoxDebugger_89_a9a3e60e109dd03118f6.boxes2D.json"}}]}, "Validation": {"_type": "images/separated", "width": 1920, "height": 1100, "format": "jpg", "count": 6, "filenames": ["media/images/Validation_90_16851127fed0319052e2.jpg", "media/images/Validation_90_31512891a0c2ff83b40c.jpg", "media/images/Validation_90_90cb3e1fc03ef97f8783.jpg", "media/images/Validation_90_607765aecd224025278d.jpg", "media/images/Validation_90_c7bb9755ae28184a548f.jpg", "media/images/Validation_90_9b0ea848f564d0572917.jpg"], "captions": ["val_batch0_labels.jpg", "val_batch0_pred.jpg", "val_batch1_labels.jpg", "val_batch1_pred.jpg", "val_batch2_labels.jpg", "val_batch2_pred.jpg"]}, "Results": {"_type": "images/separated", "width": 2400, "height": 1200, "format": "png", "count": 6, "filenames": ["media/images/Results_90_cd59378dcbf0c1d50527.png", "media/images/Results_90_aef30480b934e17161b6.png", "media/images/Results_90_f267a6b5e0148377fab9.png", "media/images/Results_90_14f0530515cbeaff38f6.png", "media/images/Results_90_383172b19633087d2f9b.png", "media/images/Results_90_8d6df448d1c9fa79a762.png"], "captions": ["results.png", "confusion_matrix.png", "F1_curve.png", "PR_curve.png", "P_curve.png", "R_curve.png"]}, "_wandb": {"runtime": 23765}}