{"best/epoch": 79, "best/precision": 0.6072234560177321, "best/recall": 0.3577105044914919, "best/mAP_0.5": 0.397048320755415, "best/mAP_0.5:0.95": 0.24631905199932236, "Labels": {"_type": "images/separated", "width": 2000, "height": 2000, "format": "jpg", "count": 2, "filenames": ["media/images/Labels_0_014b32c1c455ba565211.jpg", "media/images/Labels_0_e686cf0ffef4ef07bc11.jpg"], "captions": ["labels_correlogram.jpg", "labels.jpg"]}, "Mosaics": {"_type": "images/separated", "width": 1920, "height": 1920, "format": "jpg", "count": 3, "filenames": ["media/images/Mosaics_0_24990470dca583371b16.jpg", "media/images/Mosaics_0_e9dbdb75187728f9fe83.jpg", "media/images/Mosaics_0_7c1ce69cfd78b4946d93.jpg"], "captions": ["train_batch0.jpg", "train_batch1.jpg", "train_batch2.jpg"]}, "train/box_loss": 0.03566514700651169, "train/obj_loss": 0.0512814037501812, "train/cls_loss": 0.0036518811248242855, "metrics/precision": 0.6067751261196707, "metrics/recall": 0.3577013054937035, "metrics/mAP_0.5": 0.397021292073646, "metrics/mAP_0.5:0.95": 0.24648692393970353, "val/box_loss": 0.03971080854535103, "val/obj_loss": 0.06160159409046173, "val/cls_loss": 0.008095993660390377, "x/lr0": 0.005775999999999999, "x/lr1": 0.005775999999999999, "x/lr2": 0.005775999999999999, "_timestamp": 1659852347, "_runtime": 18265, "_step": 130, "BoundingBoxDebugger": {"_type": "images/separated", "width": 1344, "height": 768, "format": "png", "count": 16, "filenames": ["media/images/BoundingBoxDebugger_119_ee852353bbcffb6029db.png", "media/images/BoundingBoxDebugger_119_28dde4d61c956d308210.png", "media/images/BoundingBoxDebugger_119_88d4276bf909a7c8731b.png", "media/images/BoundingBoxDebugger_119_46b1609b3dd4b85a558d.png", "media/images/BoundingBoxDebugger_119_785003fd04f4c3107a64.png", "media/images/BoundingBoxDebugger_119_aa349ee51ea80cc2b241.png", "media/images/BoundingBoxDebugger_119_9e8873e8d2336f586820.png", "media/images/BoundingBoxDebugger_119_99e16d2ee1ef5e18040c.png", "media/images/BoundingBoxDebugger_119_3bee43b9efbb99b5fb9e.png", "media/images/BoundingBoxDebugger_119_f28b1174943aeb439e08.png", "media/images/BoundingBoxDebugger_119_53a50e2075a255998660.png", "media/images/BoundingBoxDebugger_119_a8a5e443f99e12afa31a.png", "media/images/BoundingBoxDebugger_119_21ce790b008bad74ff88.png", "media/images/BoundingBoxDebugger_119_c6d1f1fc21d90d736660.png", "media/images/BoundingBoxDebugger_119_0748d1034a65fcd21551.png", "media/images/BoundingBoxDebugger_119_07aed0bacafa44c48e27.png"], "captions": ["7d06fefd-f7be05a6.jpg", "a217361a-01b5b341.jpg", "a217361a-cdf174d7.jpg", "a2297c18-876eb30b.jpg", "a2300bf9-00000000.jpg", "a269d8cd-af4fc1d1.jpg", "a2881013-88cf91d5.jpg", "a293d57a-00000000.jpg", "a296eb41-691738fc.jpg", "a2ae40f3-00000000.jpg", "a2c6d74b-00000000.jpg", "a2c9376f-00000000.jpg", "a2d1b2be-d0ddcd7d.jpg", "a3025d3c-00000000.jpg", "a316282d-0e90097d.jpg", "a316362b-00000000.jpg"], "all_boxes": [{"predictions": {"_type": "boxes2D", "sha256": "d166b1e319e52442ff0c31bf791916a792bed26a5b77903ed02825de3e726f54", "size": 35458, "path": "media/metadata/boxes2D/BoundingBoxDebugger_119_d166b1e319e52442ff0c.boxes2D.json"}}, {"predictions": {"_type": "boxes2D", "sha256": "cb6c45f38cd882d31e5c900da4a3ed0ad53010fdaa4654c0ac3b3dcbfaad576b", "size": 56524, "path": "media/metadata/boxes2D/BoundingBoxDebugger_119_cb6c45f38cd882d31e5c.boxes2D.json"}}, {"predictions": {"_type": "boxes2D", "sha256": "cb3d2cde074d1c8566d1664386075355f9825bb4925d29663f02690d9086af49", "size": 56495, "path": "media/metadata/boxes2D/BoundingBoxDebugger_119_cb3d2cde074d1c8566d1.boxes2D.json"}}, {"predictions": {"_type": "boxes2D", "sha256": "653bf0b0a09418a07b4d6a42b1380023ed245eacccdc0dbe1f8dd2b5b36dbdd9", "size": 50794, "path": "media/metadata/boxes2D/BoundingBoxDebugger_119_653bf0b0a09418a07b4d.boxes2D.json"}}, {"predictions": {"_type": "boxes2D", "sha256": "02430fca9790ad28da71eb17e4bd5e580d2b2640a6ce7507573b059b3cdf5da6", "size": 56866, "path": "media/metadata/boxes2D/BoundingBoxDebugger_119_02430fca9790ad28da71.boxes2D.json"}}, {"predictions": {"_type": "boxes2D", "sha256": "69afe1609510e77d5ae4b120f9673bea440f2f0ac168281fecd84ea726447577", "size": 4348, "path": "media/metadata/boxes2D/BoundingBoxDebugger_119_69afe1609510e77d5ae4.boxes2D.json"}}, {"predictions": {"_type": "boxes2D", "sha256": "1c5e33c2f9eed66722a3010c25c22418308cc640adf509a5a69617bb7a7a2449", "size": 28176, "path": "media/metadata/boxes2D/BoundingBoxDebugger_119_1c5e33c2f9eed66722a3.boxes2D.json"}}, {"predictions": {"_type": "boxes2D", "sha256": "9bcb08a9f3da376b987f4973963194709188abd3dfe8f8e72e53baed7527d5f6", "size": 13265, "path": "media/metadata/boxes2D/BoundingBoxDebugger_119_9bcb08a9f3da376b987f.boxes2D.json"}}, {"predictions": {"_type": "boxes2D", "sha256": "702ed224dbc4ec771fac97cad01eece3097fbf3e062b0d3818c1329df4fb7e03", "size": 31850, "path": "media/metadata/boxes2D/BoundingBoxDebugger_119_702ed224dbc4ec771fac.boxes2D.json"}}, {"predictions": {"_type": "boxes2D", "sha256": "a8d10014cea497bb6638f2da0e2f90bf212e852b4d2b1ff5ff8378e99bbc9f4f", "size": 56704, "path": "media/metadata/boxes2D/BoundingBoxDebugger_119_a8d10014cea497bb6638.boxes2D.json"}}, {"predictions": {"_type": "boxes2D", "sha256": "35379109edb3483006b3e988d6ebb2d9acc12e41b9c6d2e4d9f60c8ba58bbc36", "size": 42478, "path": "media/metadata/boxes2D/BoundingBoxDebugger_119_35379109edb3483006b3.boxes2D.json"}}, {"predictions": {"_type": "boxes2D", "sha256": "bde002fbdc7ae1529ae24c4f39de4f075f5e310c17ffc8a66f55c9f429dadaa7", "size": 17474, "path": "media/metadata/boxes2D/BoundingBoxDebugger_119_bde002fbdc7ae1529ae2.boxes2D.json"}}, {"predictions": {"_type": "boxes2D", "sha256": "5f57b72d45aaf738bd6f879feed5febb50e737c230cc3604ed1d8c0ede101c10", "size": 25588, "path": "media/metadata/boxes2D/BoundingBoxDebugger_119_5f57b72d45aaf738bd6f.boxes2D.json"}}, {"predictions": {"_type": "boxes2D", "sha256": "9c87aa7fa72f5b802493d6fbd6fa0993bfb4028c6821613d19413ea2f34b6008", "size": 31333, "path": "media/metadata/boxes2D/BoundingBoxDebugger_119_9c87aa7fa72f5b802493.boxes2D.json"}}, {"predictions": {"_type": "boxes2D", "sha256": "51fc7f1099a9dd389c8ba5da5437febb3aa7c485360dfa810394db76f29c22eb", "size": 20612, "path": "media/metadata/boxes2D/BoundingBoxDebugger_119_51fc7f1099a9dd389c8b.boxes2D.json"}}, {"predictions": {"_type": "boxes2D", "sha256": "686347ef2ed1625d9e7444013ddf3810a54836d9a14a01c83ceb4ca9cd6ab6f0", "size": 41278, "path": "media/metadata/boxes2D/BoundingBoxDebugger_119_686347ef2ed1625d9e74.boxes2D.json"}}]}, "Validation": {"_type": "images/separated", "width": 1920, "height": 1100, "format": "jpg", "count": 6, "filenames": ["media/images/Validation_130_69d317ec8430c32cf939.jpg", "media/images/Validation_130_779f0ee7fe3253609815.jpg", "media/images/Validation_130_b392abaf6d9dee0f0f95.jpg", "media/images/Validation_130_07302a0a808b84722384.jpg", "media/images/Validation_130_7083518b32e3ee2d3dd7.jpg", "media/images/Validation_130_fe0248aeb2f941e2d998.jpg"], "captions": ["val_batch0_labels.jpg", "val_batch0_pred.jpg", "val_batch1_labels.jpg", "val_batch1_pred.jpg", "val_batch2_labels.jpg", "val_batch2_pred.jpg"]}, "Results": {"_type": "images/separated", "width": 2400, "height": 1200, "format": "png", "count": 6, "filenames": ["media/images/Results_130_6d19cd2aa7a18de0189b.png", "media/images/Results_130_e6a2b388b9f7f2003c51.png", "media/images/Results_130_c5e505453604422e72b7.png", "media/images/Results_130_c8625e2e96ad1eee0f53.png", "media/images/Results_130_ce86a54cf08418eaf646.png", "media/images/Results_130_98e72022cee2bfa53b12.png"], "captions": ["results.png", "confusion_matrix.png", "F1_curve.png", "PR_curve.png", "P_curve.png", "R_curve.png"]}, "_wandb": {"runtime": 18266}}