{"best/epoch": 110, "best/precision": 0.6568596684666995, "best/recall": 0.34083057407788997, "best/mAP_0.5": 0.3817900514647205, "best/mAP_0.5:0.95": 0.24168966197542993, "Labels": {"_type": "images/separated", "width": 2000, "height": 2000, "format": "jpg", "count": 2, "filenames": ["media/images/Labels_0_dad01c1423538d3081a0.jpg", "media/images/Labels_0_7035a8283727d0447d27.jpg"], "captions": ["labels_correlogram.jpg", "labels.jpg"]}, "Mosaics": {"_type": "images/separated", "width": 1920, "height": 1920, "format": "jpg", "count": 3, "filenames": ["media/images/Mosaics_0_aa04a27e57663f799575.jpg", "media/images/Mosaics_0_27e9905f58cde51118f4.jpg", "media/images/Mosaics_0_03c95747b1a82cbed17b.jpg"], "captions": ["train_batch0.jpg", "train_batch1.jpg", "train_batch2.jpg"]}, "train/box_loss": 0.03770380839705467, "train/obj_loss": 0.03491552919149399, "train/cls_loss": 0.0038152977358549833, "metrics/precision": 0.65586873550951, "metrics/recall": 0.34115008408895187, "metrics/mAP_0.5": 0.3823920301506284, "metrics/mAP_0.5:0.95": 0.24189957972808163, "val/box_loss": 0.04428260773420334, "val/obj_loss": 0.06217726320028305, "val/cls_loss": 0.008587549440562725, "x/lr0": 0.004753, "x/lr1": 0.004753, "x/lr2": 0.004753, "_timestamp": 1662136203, "_runtime": 47471, "_step": 161, "BoundingBoxDebugger": {"_type": "images/separated", "width": 1344, "height": 768, "format": "png", "count": 16, "filenames": ["media/images/BoundingBoxDebugger_149_ee852353bbcffb6029db.png", "media/images/BoundingBoxDebugger_149_28dde4d61c956d308210.png", "media/images/BoundingBoxDebugger_149_88d4276bf909a7c8731b.png", "media/images/BoundingBoxDebugger_149_46b1609b3dd4b85a558d.png", "media/images/BoundingBoxDebugger_149_785003fd04f4c3107a64.png", "media/images/BoundingBoxDebugger_149_aa349ee51ea80cc2b241.png", "media/images/BoundingBoxDebugger_149_9e8873e8d2336f586820.png", "media/images/BoundingBoxDebugger_149_99e16d2ee1ef5e18040c.png", "media/images/BoundingBoxDebugger_149_3bee43b9efbb99b5fb9e.png", "media/images/BoundingBoxDebugger_149_f28b1174943aeb439e08.png", "media/images/BoundingBoxDebugger_149_53a50e2075a255998660.png", "media/images/BoundingBoxDebugger_149_a8a5e443f99e12afa31a.png", "media/images/BoundingBoxDebugger_149_21ce790b008bad74ff88.png", "media/images/BoundingBoxDebugger_149_c6d1f1fc21d90d736660.png", "media/images/BoundingBoxDebugger_149_0748d1034a65fcd21551.png", "media/images/BoundingBoxDebugger_149_07aed0bacafa44c48e27.png"], "captions": ["7d06fefd-f7be05a6.jpg", "a217361a-01b5b341.jpg", "a217361a-cdf174d7.jpg", "a2297c18-876eb30b.jpg", "a2300bf9-00000000.jpg", "a269d8cd-af4fc1d1.jpg", "a2881013-88cf91d5.jpg", "a293d57a-00000000.jpg", "a296eb41-691738fc.jpg", "a2ae40f3-00000000.jpg", "a2c6d74b-00000000.jpg", "a2c9376f-00000000.jpg", "a2d1b2be-d0ddcd7d.jpg", "a3025d3c-00000000.jpg", "a316282d-0e90097d.jpg", "a316362b-00000000.jpg"], "all_boxes": [{"predictions": {"_type": "boxes2D", "sha256": "b515983beb8093f03acb07a975330514d262e083104ea60fa452da1612b94883", "size": 28587, "path": "media/metadata/boxes2D/BoundingBoxDebugger_149_b515983beb8093f03acb.boxes2D.json"}}, {"predictions": {"_type": "boxes2D", "sha256": "a5a121a561d06306d09b8e719cd7ce5ca82531a56da5ff69ce9b920428c06a3e", "size": 56742, "path": "media/metadata/boxes2D/BoundingBoxDebugger_149_a5a121a561d06306d09b.boxes2D.json"}}, {"predictions": {"_type": "boxes2D", "sha256": "b0680c8e54ff49d923d7bd1a0f723a6b1365165395d4446469f7a53e093435ae", "size": 56508, "path": "media/metadata/boxes2D/BoundingBoxDebugger_149_b0680c8e54ff49d923d7.boxes2D.json"}}, {"predictions": {"_type": "boxes2D", "sha256": "eb629ec2d2263921651635bb7a0e87d04b0e43f004ff0f2c79589710abe1bfcc", "size": 56405, "path": "media/metadata/boxes2D/BoundingBoxDebugger_149_eb629ec2d22639216516.boxes2D.json"}}, {"predictions": {"_type": "boxes2D", "sha256": "20700451fe5af74180c04ed8dba77c2d960967773ce4bb7abdf87ebf96885238", "size": 56581, "path": "media/metadata/boxes2D/BoundingBoxDebugger_149_20700451fe5af74180c0.boxes2D.json"}}, {"predictions": {"_type": "boxes2D", "sha256": "6fb79411a19d739bdbe9a61bb44101f018efcfd1272ce6f2589bc2b4e8002772", "size": 5673, "path": "media/metadata/boxes2D/BoundingBoxDebugger_149_6fb79411a19d739bdbe9.boxes2D.json"}}, {"predictions": {"_type": "boxes2D", "sha256": "12854a579ec1e678f536810a17b317bc5c754791bfc1fad9c8ce77d4e93dc8e4", "size": 30969, "path": "media/metadata/boxes2D/BoundingBoxDebugger_149_12854a579ec1e678f536.boxes2D.json"}}, {"predictions": {"_type": "boxes2D", "sha256": "19e0492fba30025ab6c91dacd983a5c864c9528097802f5c55bcbf2f19aa5333", "size": 18025, "path": "media/metadata/boxes2D/BoundingBoxDebugger_149_19e0492fba30025ab6c9.boxes2D.json"}}, {"predictions": {"_type": "boxes2D", "sha256": "adcee88c5e2a3d19408ef9b816eae52794c02d88730ee3ade9b35895b4d33a54", "size": 41470, "path": "media/metadata/boxes2D/BoundingBoxDebugger_149_adcee88c5e2a3d19408e.boxes2D.json"}}, {"predictions": {"_type": "boxes2D", "sha256": "bebb9f4f3abe48ea8de711a977edb6b882fdfbd0b44f91adf49c8eeb07334a56", "size": 56607, "path": "media/metadata/boxes2D/BoundingBoxDebugger_149_bebb9f4f3abe48ea8de7.boxes2D.json"}}, {"predictions": {"_type": "boxes2D", "sha256": "9972c8886b2516cf7a0f797c478850199d955abd1eca04ff7a7f41f3160a7260", "size": 40655, "path": "media/metadata/boxes2D/BoundingBoxDebugger_149_9972c8886b2516cf7a0f.boxes2D.json"}}, {"predictions": {"_type": "boxes2D", "sha256": "fa28925b4c976dce593fb5c3d6e57dd82ff2ccdc92b6d7419c50dc7052a6aa80", "size": 23445, "path": "media/metadata/boxes2D/BoundingBoxDebugger_149_fa28925b4c976dce593f.boxes2D.json"}}, {"predictions": {"_type": "boxes2D", "sha256": "ea70f8fc9ba69cd32f84d4ffcaf4706294b58893f482d8e6764c69ac27dce3c8", "size": 26113, "path": "media/metadata/boxes2D/BoundingBoxDebugger_149_ea70f8fc9ba69cd32f84.boxes2D.json"}}, {"predictions": {"_type": "boxes2D", "sha256": "f0b3a983be7d4c021f18568d21b4f6c1d5416eed18e3fb234feb8c2107cae6c7", "size": 42333, "path": "media/metadata/boxes2D/BoundingBoxDebugger_149_f0b3a983be7d4c021f18.boxes2D.json"}}, {"predictions": {"_type": "boxes2D", "sha256": "210231703b3438f1999f034da220557a9d244812e8140e204a41183e5e976659", "size": 22732, "path": "media/metadata/boxes2D/BoundingBoxDebugger_149_210231703b3438f1999f.boxes2D.json"}}, {"predictions": {"_type": "boxes2D", "sha256": "94d6e1529babe1898f8157040de0f5e7bd1c7b76cb691592fafe45df8fff1273", "size": 33045, "path": "media/metadata/boxes2D/BoundingBoxDebugger_149_94d6e1529babe1898f81.boxes2D.json"}}]}, "Validation": {"_type": "images/separated", "width": 1920, "height": 1100, "format": "jpg", "count": 6, "filenames": ["media/images/Validation_161_16851127fed0319052e2.jpg", "media/images/Validation_161_d11f22195c6e92795e5c.jpg", "media/images/Validation_161_90cb3e1fc03ef97f8783.jpg", "media/images/Validation_161_be6ac2978891ad1d6a52.jpg", "media/images/Validation_161_c7bb9755ae28184a548f.jpg", "media/images/Validation_161_940e9e75b93233f9b811.jpg"], "captions": ["val_batch0_labels.jpg", "val_batch0_pred.jpg", "val_batch1_labels.jpg", "val_batch1_pred.jpg", "val_batch2_labels.jpg", "val_batch2_pred.jpg"]}, "Results": {"_type": "images/separated", "width": 2400, "height": 1200, "format": "png", "count": 6, "filenames": ["media/images/Results_161_6ff80729d8dff1b2404a.png", "media/images/Results_161_d689537690fd5ea986e2.png", "media/images/Results_161_19c6797fb819bee0b1ed.png", "media/images/Results_161_127ae36de55c57ba324e.png", "media/images/Results_161_698b6787dc330bf40f8b.png", "media/images/Results_161_62fefed0397a01e1c5cc.png"], "captions": ["results.png", "confusion_matrix.png", "F1_curve.png", "PR_curve.png", "P_curve.png", "R_curve.png"]}, "_wandb": {"runtime": 47472}}