{"best/epoch": 55, "best/precision": 0.6553777873212644, "best/recall": 0.33196767159380786, "best/mAP_0.5": 0.38272551715648984, "best/mAP_0.5:0.95": 0.23975511983196474, "Labels": {"_type": "images/separated", "width": 2000, "height": 2000, "format": "jpg", "count": 2, "filenames": ["media/images/Labels_0_dad01c1423538d3081a0.jpg", "media/images/Labels_0_7035a8283727d0447d27.jpg"], "captions": ["labels_correlogram.jpg", "labels.jpg"]}, "Mosaics": {"_type": "images/separated", "width": 1920, "height": 1920, "format": "jpg", "count": 3, "filenames": ["media/images/Mosaics_0_aa04a27e57663f799575.jpg", "media/images/Mosaics_0_27e9905f58cde51118f4.jpg", "media/images/Mosaics_0_03c95747b1a82cbed17b.jpg"], "captions": ["train_batch0.jpg", "train_batch1.jpg", "train_batch2.jpg"]}, "train/box_loss": 0.04260919988155365, "train/obj_loss": 0.0401003472507, "train/cls_loss": 0.006278374698013067, "metrics/precision": 0.6553777873212644, "metrics/recall": 0.33196767159380786, "metrics/mAP_0.5": 0.38272551715648984, "metrics/mAP_0.5:0.95": 0.23975511983196474, "val/box_loss": 0.04443669319152832, "val/obj_loss": 0.06166168674826622, "val/cls_loss": 0.008157183416187763, "x/lr0": 0.008218000000000001, "x/lr1": 0.008218000000000001, "x/lr2": 0.008218000000000001, "_timestamp": 1662105313, "_runtime": 16581, "_step": 55, "BoundingBoxDebugger": {"_type": "images/separated", "width": 1344, "height": 768, "format": "png", "count": 16, "filenames": ["media/images/BoundingBoxDebugger_29_ee852353bbcffb6029db.png", "media/images/BoundingBoxDebugger_29_28dde4d61c956d308210.png", "media/images/BoundingBoxDebugger_29_88d4276bf909a7c8731b.png", "media/images/BoundingBoxDebugger_29_46b1609b3dd4b85a558d.png", "media/images/BoundingBoxDebugger_29_785003fd04f4c3107a64.png", "media/images/BoundingBoxDebugger_29_aa349ee51ea80cc2b241.png", "media/images/BoundingBoxDebugger_29_9e8873e8d2336f586820.png", "media/images/BoundingBoxDebugger_29_99e16d2ee1ef5e18040c.png", "media/images/BoundingBoxDebugger_29_3bee43b9efbb99b5fb9e.png", "media/images/BoundingBoxDebugger_29_f28b1174943aeb439e08.png", "media/images/BoundingBoxDebugger_29_53a50e2075a255998660.png", "media/images/BoundingBoxDebugger_29_a8a5e443f99e12afa31a.png", "media/images/BoundingBoxDebugger_29_21ce790b008bad74ff88.png", "media/images/BoundingBoxDebugger_29_c6d1f1fc21d90d736660.png", "media/images/BoundingBoxDebugger_29_0748d1034a65fcd21551.png", "media/images/BoundingBoxDebugger_29_07aed0bacafa44c48e27.png"], "captions": ["7d06fefd-f7be05a6.jpg", "a217361a-01b5b341.jpg", "a217361a-cdf174d7.jpg", "a2297c18-876eb30b.jpg", "a2300bf9-00000000.jpg", "a269d8cd-af4fc1d1.jpg", "a2881013-88cf91d5.jpg", "a293d57a-00000000.jpg", "a296eb41-691738fc.jpg", "a2ae40f3-00000000.jpg", "a2c6d74b-00000000.jpg", "a2c9376f-00000000.jpg", "a2d1b2be-d0ddcd7d.jpg", "a3025d3c-00000000.jpg", "a316282d-0e90097d.jpg", "a316362b-00000000.jpg"], "all_boxes": [{"predictions": {"_type": "boxes2D", "sha256": "0234f23bd58441fd13744d4cd4f95e80745259430fbe3b3b9e314fedef70fd1a", "size": 49365, "path": "media/metadata/boxes2D/BoundingBoxDebugger_29_0234f23bd58441fd1374.boxes2D.json"}}, {"predictions": {"_type": "boxes2D", "sha256": "07dce9d1dea61902925ce9eac748cb6a243c1d8623e6d15c14f6eff6131efefd", "size": 56352, "path": "media/metadata/boxes2D/BoundingBoxDebugger_29_07dce9d1dea61902925c.boxes2D.json"}}, {"predictions": {"_type": "boxes2D", "sha256": "cef571c772644d59f0217be828b2dbc08c1d23d98ce97d1a88c235aa71d1c17e", "size": 56431, "path": "media/metadata/boxes2D/BoundingBoxDebugger_29_cef571c772644d59f021.boxes2D.json"}}, {"predictions": {"_type": "boxes2D", "sha256": "64b1fb29326010b869cfee2d288f52f9faa168cf5bdaca1c607e067c9fa62367", "size": 56332, "path": "media/metadata/boxes2D/BoundingBoxDebugger_29_64b1fb29326010b869cf.boxes2D.json"}}, {"predictions": {"_type": "boxes2D", "sha256": "3a38ebf3b554fdab4903e07e37459819b141ec9e4a3d37d5167395114aa94f39", "size": 56304, "path": "media/metadata/boxes2D/BoundingBoxDebugger_29_3a38ebf3b554fdab4903.boxes2D.json"}}, {"predictions": {"_type": "boxes2D", "sha256": "4d020ec6b22108e8c54aab8ca5e01c577b54ab11fda1dcca26940e16dd84a418", "size": 12158, "path": "media/metadata/boxes2D/BoundingBoxDebugger_29_4d020ec6b22108e8c54a.boxes2D.json"}}, {"predictions": {"_type": "boxes2D", "sha256": "389b2498271c1902ce61df5e570ae0f58d75cdf8cf10ed2459deff5b352bbd2e", "size": 44961, "path": "media/metadata/boxes2D/BoundingBoxDebugger_29_389b2498271c1902ce61.boxes2D.json"}}, {"predictions": {"_type": "boxes2D", "sha256": "1fd74a70142135f367ee66c4ce6a5365243340b1a8360eeca9616558dceaf9d6", "size": 24372, "path": "media/metadata/boxes2D/BoundingBoxDebugger_29_1fd74a70142135f367ee.boxes2D.json"}}, {"predictions": {"_type": "boxes2D", "sha256": "a0e8ec12f1392fa8c511b0aa47526e2b2a9f2bb6e7a5cca428fcdfbeff8c8df8", "size": 56419, "path": "media/metadata/boxes2D/BoundingBoxDebugger_29_a0e8ec12f1392fa8c511.boxes2D.json"}}, {"predictions": {"_type": "boxes2D", "sha256": "631f55d9c52d549374bd036067579580a87bbcfa7713212338b7d5a13f7c1038", "size": 56525, "path": "media/metadata/boxes2D/BoundingBoxDebugger_29_631f55d9c52d549374bd.boxes2D.json"}}, {"predictions": {"_type": "boxes2D", "sha256": "661a617f49a621767e6280c2da6ef9e02126787669b909f8e63469643ad24114", "size": 56755, "path": "media/metadata/boxes2D/BoundingBoxDebugger_29_661a617f49a621767e62.boxes2D.json"}}, {"predictions": {"_type": "boxes2D", "sha256": "c12b070c7be297e72b086a0301dd3251428a038f293a153fd7430354c71f3728", "size": 56938, "path": "media/metadata/boxes2D/BoundingBoxDebugger_29_c12b070c7be297e72b08.boxes2D.json"}}, {"predictions": {"_type": "boxes2D", "sha256": "677b5feecdec868499de379c788d4861276b21ac6aa76ccbd3e7095135921bb3", "size": 54049, "path": "media/metadata/boxes2D/BoundingBoxDebugger_29_677b5feecdec868499de.boxes2D.json"}}, {"predictions": {"_type": "boxes2D", "sha256": "7f569770c2488fed902b6e854e29e544b869c2468c553e721a3490b6469e3291", "size": 56489, "path": "media/metadata/boxes2D/BoundingBoxDebugger_29_7f569770c2488fed902b.boxes2D.json"}}, {"predictions": {"_type": "boxes2D", "sha256": "e9b16ffa99af0fa66a819bfd4828bf7d6b850c1233a1a8a0f927b0ca2b54f55c", "size": 45483, "path": "media/metadata/boxes2D/BoundingBoxDebugger_29_e9b16ffa99af0fa66a81.boxes2D.json"}}, {"predictions": {"_type": "boxes2D", "sha256": "8fb28d3b0512c0ba0c37861f9fb69c75db9ab628ac7f6eda00b0b0a12e30d510", "size": 56695, "path": "media/metadata/boxes2D/BoundingBoxDebugger_29_8fb28d3b0512c0ba0c37.boxes2D.json"}}]}}