{"best/epoch": 75, "best/precision": 0.5206038629550267, "best/recall": 0.3449475259391195, "best/mAP_0.5": 0.3789120876432089, "best/mAP_0.5:0.95": 0.2389117958858776, "Labels": {"_type": "images/separated", "width": 2000, "height": 2000, "format": "jpg", "count": 2, "filenames": ["media/images/Labels_0_4542dd33bc3c12891143.jpg", "media/images/Labels_0_aee0fe8e095e02b208b2.jpg"], "captions": ["labels_correlogram.jpg", "labels.jpg"]}, "Mosaics": {"_type": "images/separated", "width": 1920, "height": 1920, "format": "jpg", "count": 3, "filenames": ["media/images/Mosaics_0_b5735ca9d7429a95f4b1.jpg", "media/images/Mosaics_0_27afd1f12a5b02b354e8.jpg", "media/images/Mosaics_0_0ad7bc4e60a7aa039227.jpg"], "captions": ["train_batch0.jpg", "train_batch1.jpg", "train_batch2.jpg"]}, "train/box_loss": 0.03828665614128113, "train/obj_loss": 0.030377862975001335, "train/cls_loss": 0.0031643593683838844, "metrics/precision": 0.5192006680873724, "metrics/recall": 0.34540232878481947, "metrics/mAP_0.5": 0.37913922332203376, "metrics/mAP_0.5:0.95": 0.23906153129887936, "val/box_loss": 0.04324449971318245, "val/obj_loss": 0.06259611248970032, "val/cls_loss": 0.008224684745073318, "x/lr0": 0.005908, "x/lr1": 0.005908, "x/lr2": 0.005908, "_timestamp": 1662304211, "_runtime": 19808, "_step": 126, "BoundingBoxDebugger": {"_type": "images/separated", "width": 1344, "height": 768, "format": "png", "count": 16, "filenames": ["media/images/BoundingBoxDebugger_119_ee852353bbcffb6029db.png", "media/images/BoundingBoxDebugger_119_28dde4d61c956d308210.png", "media/images/BoundingBoxDebugger_119_88d4276bf909a7c8731b.png", "media/images/BoundingBoxDebugger_119_46b1609b3dd4b85a558d.png", "media/images/BoundingBoxDebugger_119_785003fd04f4c3107a64.png", "media/images/BoundingBoxDebugger_119_aa349ee51ea80cc2b241.png", "media/images/BoundingBoxDebugger_119_9e8873e8d2336f586820.png", "media/images/BoundingBoxDebugger_119_99e16d2ee1ef5e18040c.png", "media/images/BoundingBoxDebugger_119_3bee43b9efbb99b5fb9e.png", "media/images/BoundingBoxDebugger_119_f28b1174943aeb439e08.png", "media/images/BoundingBoxDebugger_119_53a50e2075a255998660.png", "media/images/BoundingBoxDebugger_119_a8a5e443f99e12afa31a.png", "media/images/BoundingBoxDebugger_119_21ce790b008bad74ff88.png", "media/images/BoundingBoxDebugger_119_c6d1f1fc21d90d736660.png", "media/images/BoundingBoxDebugger_119_0748d1034a65fcd21551.png", "media/images/BoundingBoxDebugger_119_07aed0bacafa44c48e27.png"], "captions": ["7d06fefd-f7be05a6.jpg", "a217361a-01b5b341.jpg", "a217361a-cdf174d7.jpg", "a2297c18-876eb30b.jpg", "a2300bf9-00000000.jpg", "a269d8cd-af4fc1d1.jpg", "a2881013-88cf91d5.jpg", "a293d57a-00000000.jpg", "a296eb41-691738fc.jpg", "a2ae40f3-00000000.jpg", "a2c6d74b-00000000.jpg", "a2c9376f-00000000.jpg", "a2d1b2be-d0ddcd7d.jpg", "a3025d3c-00000000.jpg", "a316282d-0e90097d.jpg", "a316362b-00000000.jpg"], "all_boxes": [{"predictions": {"_type": "boxes2D", "sha256": "847351181ce7446136ebd3d2ef89057c13c5a68fadf87a8bd139e20c1c1b8f8a", "size": 26327, "path": "media/metadata/boxes2D/BoundingBoxDebugger_119_847351181ce7446136eb.boxes2D.json"}}, {"predictions": {"_type": "boxes2D", "sha256": "98a0ea82baacc976090c30011fa22552a84f77f50bcee505c8eeb14eb0177019", "size": 56474, "path": "media/metadata/boxes2D/BoundingBoxDebugger_119_98a0ea82baacc976090c.boxes2D.json"}}, {"predictions": {"_type": "boxes2D", "sha256": "5e9cd4b12610177e64ac661265e4f2020e22d994887c87da19e8935c32b5e824", "size": 56487, "path": "media/metadata/boxes2D/BoundingBoxDebugger_119_5e9cd4b12610177e64ac.boxes2D.json"}}, {"predictions": {"_type": "boxes2D", "sha256": "2412d5b3c8416672b30fbecbcd209cd91c47aaed4508f0ee91c55a426cd96c5b", "size": 56561, "path": "media/metadata/boxes2D/BoundingBoxDebugger_119_2412d5b3c8416672b30f.boxes2D.json"}}, {"predictions": {"_type": "boxes2D", "sha256": "39dfe6370792e1d60a7dd42a372d1cfcd1d534091087055b3588cf2fe9290f19", "size": 56644, "path": "media/metadata/boxes2D/BoundingBoxDebugger_119_39dfe6370792e1d60a7d.boxes2D.json"}}, {"predictions": {"_type": "boxes2D", "sha256": "cf518a16e3193c77330066cdf8f62e0bfdf3bc81caca4339eb53a343bec9d6a7", "size": 4344, "path": "media/metadata/boxes2D/BoundingBoxDebugger_119_cf518a16e3193c773300.boxes2D.json"}}, {"predictions": {"_type": "boxes2D", "sha256": "dc91f8fcc8ddc43424483250ece6cbae98406a2dad3aa448ee248869b2f1dfc9", "size": 29822, "path": "media/metadata/boxes2D/BoundingBoxDebugger_119_dc91f8fcc8ddc4342448.boxes2D.json"}}, {"predictions": {"_type": "boxes2D", "sha256": "1e4a1db59a7a91f7f8e4fe59d60a79f6f3cae9c9777aed8ee2a7c4be5f91e7a0", "size": 14609, "path": "media/metadata/boxes2D/BoundingBoxDebugger_119_1e4a1db59a7a91f7f8e4.boxes2D.json"}}, {"predictions": {"_type": "boxes2D", "sha256": "0cea19c5a8307335bdc67770072d18f7c7d7ae31b27b494af104472bcaaa0346", "size": 32675, "path": "media/metadata/boxes2D/BoundingBoxDebugger_119_0cea19c5a8307335bdc6.boxes2D.json"}}, {"predictions": {"_type": "boxes2D", "sha256": "a2020f288b1ed67263914fce796dd91b52c0d9fe3339ab9d07da51032f354bb0", "size": 56794, "path": "media/metadata/boxes2D/BoundingBoxDebugger_119_a2020f288b1ed6726391.boxes2D.json"}}, {"predictions": {"_type": "boxes2D", "sha256": "34e03a2f79b866a254d5568e02d096d803d26abf4849586f22ff06148b096fef", "size": 41614, "path": "media/metadata/boxes2D/BoundingBoxDebugger_119_34e03a2f79b866a254d5.boxes2D.json"}}, {"predictions": {"_type": "boxes2D", "sha256": "70565c01d7d785fce15e157909cf9447b7830b7eb2685ad5b21608730ceb0732", "size": 33424, "path": "media/metadata/boxes2D/BoundingBoxDebugger_119_70565c01d7d785fce15e.boxes2D.json"}}, {"predictions": {"_type": "boxes2D", "sha256": "b83673ad8330adc9609409f212d2fffb77cb5737801b9bd8aa1ab2e3f5fee3a6", "size": 23720, "path": "media/metadata/boxes2D/BoundingBoxDebugger_119_b83673ad8330adc96094.boxes2D.json"}}, {"predictions": {"_type": "boxes2D", "sha256": "8b93624d50d0ae7fef464082f59b2456cfc3b42b90644ef697435455ee14f1cd", "size": 42313, "path": "media/metadata/boxes2D/BoundingBoxDebugger_119_8b93624d50d0ae7fef46.boxes2D.json"}}, {"predictions": {"_type": "boxes2D", "sha256": "863e84136aa7f33634f106f39bbc9e28629820c651a0c2ff4c02cb1a4569578f", "size": 20332, "path": "media/metadata/boxes2D/BoundingBoxDebugger_119_863e84136aa7f33634f1.boxes2D.json"}}, {"predictions": {"_type": "boxes2D", "sha256": "bc58164fc26e0fbe34b12bb2947ed94c792884184f9d301e4cc34e4c23d8a9b4", "size": 47783, "path": "media/metadata/boxes2D/BoundingBoxDebugger_119_bc58164fc26e0fbe34b1.boxes2D.json"}}]}, "Validation": {"_type": "images/separated", "width": 1920, "height": 1100, "format": "jpg", "count": 6, "filenames": ["media/images/Validation_126_16851127fed0319052e2.jpg", "media/images/Validation_126_1045ea00d867fb7234aa.jpg", "media/images/Validation_126_90cb3e1fc03ef97f8783.jpg", "media/images/Validation_126_023b809e3130d30f2edc.jpg", "media/images/Validation_126_c7bb9755ae28184a548f.jpg", "media/images/Validation_126_f058cb64f6e3967224ff.jpg"], "captions": ["val_batch0_labels.jpg", "val_batch0_pred.jpg", "val_batch1_labels.jpg", "val_batch1_pred.jpg", "val_batch2_labels.jpg", "val_batch2_pred.jpg"]}, "Results": {"_type": "images/separated", "width": 2400, "height": 1200, "format": "png", "count": 6, "filenames": ["media/images/Results_126_67c1757147feb0bcff33.png", "media/images/Results_126_9de7563ea5bfb67ffa3b.png", "media/images/Results_126_4edc26418328c2990194.png", "media/images/Results_126_d4629a3062bc33e01fd6.png", "media/images/Results_126_567c2b92c4c3c6552a69.png", "media/images/Results_126_689736dfc3966a5f6c3a.png"], "captions": ["results.png", "confusion_matrix.png", "F1_curve.png", "PR_curve.png", "P_curve.png", "R_curve.png"]}, "_wandb": {"runtime": 19809}}