{"best/epoch": 67, "best/precision": 0.6182281054098692, "best/recall": 0.3583242932315913, "best/mAP_0.5": 0.3806159333697765, "best/mAP_0.5:0.95": 0.23957780333945505, "Labels": {"_type": "images/separated", "width": 2000, "height": 2000, "format": "jpg", "count": 2, "filenames": ["media/images/Labels_0_4542dd33bc3c12891143.jpg", "media/images/Labels_0_aee0fe8e095e02b208b2.jpg"], "captions": ["labels_correlogram.jpg", "labels.jpg"]}, "Mosaics": {"_type": "images/separated", "width": 1920, "height": 1920, "format": "jpg", "count": 3, "filenames": ["media/images/Mosaics_0_b5735ca9d7429a95f4b1.jpg", "media/images/Mosaics_0_27afd1f12a5b02b354e8.jpg", "media/images/Mosaics_0_0ad7bc4e60a7aa039227.jpg"], "captions": ["train_batch0.jpg", "train_batch1.jpg", "train_batch2.jpg"]}, "train/box_loss": 0.03725225850939751, "train/obj_loss": 0.03025486133992672, "train/cls_loss": 0.003321978962048888, "metrics/precision": 0.6192942676875124, "metrics/recall": 0.35738815029478954, "metrics/mAP_0.5": 0.38035455337658547, "metrics/mAP_0.5:0.95": 0.2392942256660596, "val/box_loss": 0.041660454124212265, "val/obj_loss": 0.06186467781662941, "val/cls_loss": 0.008115507662296295, "x/lr0": 0.0061719999999999995, "x/lr1": 0.0061719999999999995, "x/lr2": 0.0061719999999999995, "_timestamp": 1662269239, "_runtime": 18495, "_step": 118, "BoundingBoxDebugger": {"_type": "images/separated", "width": 1344, "height": 768, "format": "png", "count": 16, "filenames": ["media/images/BoundingBoxDebugger_89_ee852353bbcffb6029db.png", "media/images/BoundingBoxDebugger_89_28dde4d61c956d308210.png", "media/images/BoundingBoxDebugger_89_88d4276bf909a7c8731b.png", "media/images/BoundingBoxDebugger_89_46b1609b3dd4b85a558d.png", "media/images/BoundingBoxDebugger_89_785003fd04f4c3107a64.png", "media/images/BoundingBoxDebugger_89_aa349ee51ea80cc2b241.png", "media/images/BoundingBoxDebugger_89_9e8873e8d2336f586820.png", "media/images/BoundingBoxDebugger_89_99e16d2ee1ef5e18040c.png", "media/images/BoundingBoxDebugger_89_3bee43b9efbb99b5fb9e.png", "media/images/BoundingBoxDebugger_89_f28b1174943aeb439e08.png", "media/images/BoundingBoxDebugger_89_53a50e2075a255998660.png", "media/images/BoundingBoxDebugger_89_a8a5e443f99e12afa31a.png", "media/images/BoundingBoxDebugger_89_21ce790b008bad74ff88.png", "media/images/BoundingBoxDebugger_89_c6d1f1fc21d90d736660.png", "media/images/BoundingBoxDebugger_89_0748d1034a65fcd21551.png", "media/images/BoundingBoxDebugger_89_07aed0bacafa44c48e27.png"], "captions": ["7d06fefd-f7be05a6.jpg", "a217361a-01b5b341.jpg", "a217361a-cdf174d7.jpg", "a2297c18-876eb30b.jpg", "a2300bf9-00000000.jpg", "a269d8cd-af4fc1d1.jpg", "a2881013-88cf91d5.jpg", "a293d57a-00000000.jpg", "a296eb41-691738fc.jpg", "a2ae40f3-00000000.jpg", "a2c6d74b-00000000.jpg", "a2c9376f-00000000.jpg", "a2d1b2be-d0ddcd7d.jpg", "a3025d3c-00000000.jpg", "a316282d-0e90097d.jpg", "a316362b-00000000.jpg"], "all_boxes": [{"predictions": {"_type": "boxes2D", "sha256": "9e37e184b6e0413f5e735c3de7d1977e30a919a2abf89b0c82af46ab485dfe34", "size": 33151, "path": "media/metadata/boxes2D/BoundingBoxDebugger_89_9e37e184b6e0413f5e73.boxes2D.json"}}, {"predictions": {"_type": "boxes2D", "sha256": "bf2a6fdcb7bc573433e7365788495201755ccae348a52161baff62101ca731d5", "size": 56265, "path": "media/metadata/boxes2D/BoundingBoxDebugger_89_bf2a6fdcb7bc573433e7.boxes2D.json"}}, {"predictions": {"_type": "boxes2D", "sha256": "69e6446ae06400180264c4d47340f8f2825b2a6e7a63897d5ac04f53013865b4", "size": 56247, "path": "media/metadata/boxes2D/BoundingBoxDebugger_89_69e6446ae06400180264.boxes2D.json"}}, {"predictions": {"_type": "boxes2D", "sha256": "ec2326596e03d8f07d557ae7bffc51a8032b19fbe22bde8522a08a5fdf89929a", "size": 56611, "path": "media/metadata/boxes2D/BoundingBoxDebugger_89_ec2326596e03d8f07d55.boxes2D.json"}}, {"predictions": {"_type": "boxes2D", "sha256": "38d89c6fd4f4af1e20c13eba59f79ba96239c185c3c4f5f2f946ab9d30df0484", "size": 56423, "path": "media/metadata/boxes2D/BoundingBoxDebugger_89_38d89c6fd4f4af1e20c1.boxes2D.json"}}, {"predictions": {"_type": "boxes2D", "sha256": "c7917b5986f82b1335f8fe76f8d42fac3ec18398fd1d64576a49d5838978c5e2", "size": 12641, "path": "media/metadata/boxes2D/BoundingBoxDebugger_89_c7917b5986f82b1335f8.boxes2D.json"}}, {"predictions": {"_type": "boxes2D", "sha256": "8865ef192c4623e95dbadab3b4696c9b485a0aac9ddc1083d0a6b387acdd1c2d", "size": 30966, "path": "media/metadata/boxes2D/BoundingBoxDebugger_89_8865ef192c4623e95dba.boxes2D.json"}}, {"predictions": {"_type": "boxes2D", "sha256": "d7f71a8031f286193b3c9f1b06c215ddbf902a0ecd14359f035fb24bb09e589e", "size": 23167, "path": "media/metadata/boxes2D/BoundingBoxDebugger_89_d7f71a8031f286193b3c.boxes2D.json"}}, {"predictions": {"_type": "boxes2D", "sha256": "56bcd4c2215405fe5caaee780e31312a239eaddf98710bc01d8828c5024d9eb9", "size": 41944, "path": "media/metadata/boxes2D/BoundingBoxDebugger_89_56bcd4c2215405fe5caa.boxes2D.json"}}, {"predictions": {"_type": "boxes2D", "sha256": "9f1b092f54c1f5f56adc48f811fe90ca889555739776677ce86d86fa1ebe0206", "size": 56476, "path": "media/metadata/boxes2D/BoundingBoxDebugger_89_9f1b092f54c1f5f56adc.boxes2D.json"}}, {"predictions": {"_type": "boxes2D", "sha256": "e05ecbe1082afd68b6ce6e97cef2a6039e4fc0a3ac991a01e87091a57d52c9fc", "size": 51726, "path": "media/metadata/boxes2D/BoundingBoxDebugger_89_e05ecbe1082afd68b6ce.boxes2D.json"}}, {"predictions": {"_type": "boxes2D", "sha256": "1ae55413e3cb97fd16dea5dcaf94de08cbaaa4e550df74797ec7af29549a7830", "size": 38960, "path": "media/metadata/boxes2D/BoundingBoxDebugger_89_1ae55413e3cb97fd16de.boxes2D.json"}}, {"predictions": {"_type": "boxes2D", "sha256": "155ba1e2a193bb759af22c179e599551743e2edfa7f0f60c1137af3cba69c9c9", "size": 31658, "path": "media/metadata/boxes2D/BoundingBoxDebugger_89_155ba1e2a193bb759af2.boxes2D.json"}}, {"predictions": {"_type": "boxes2D", "sha256": "25f256db98ae0ba361d0814bcb224d96cdfbf99beaa1be778e2339753564e909", "size": 45004, "path": "media/metadata/boxes2D/BoundingBoxDebugger_89_25f256db98ae0ba361d0.boxes2D.json"}}, {"predictions": {"_type": "boxes2D", "sha256": "1702a2c1a3f28d5f4d5106451adb2d58772c4c6bea92c5caac04730c0c96e710", "size": 28228, "path": "media/metadata/boxes2D/BoundingBoxDebugger_89_1702a2c1a3f28d5f4d51.boxes2D.json"}}, {"predictions": {"_type": "boxes2D", "sha256": "d048ee92e252a22c5cf38553225d837d3eac6948aad80319e948bdb34bdad00d", "size": 40340, "path": "media/metadata/boxes2D/BoundingBoxDebugger_89_d048ee92e252a22c5cf3.boxes2D.json"}}]}, "Validation": {"_type": "images/separated", "width": 1920, "height": 1100, "format": "jpg", "count": 6, "filenames": ["media/images/Validation_118_16851127fed0319052e2.jpg", "media/images/Validation_118_d90140b1b7648765e00a.jpg", "media/images/Validation_118_90cb3e1fc03ef97f8783.jpg", "media/images/Validation_118_80caf82d078e32d46df3.jpg", "media/images/Validation_118_c7bb9755ae28184a548f.jpg", "media/images/Validation_118_97d50e5842ffcecb008e.jpg"], "captions": ["val_batch0_labels.jpg", "val_batch0_pred.jpg", "val_batch1_labels.jpg", "val_batch1_pred.jpg", "val_batch2_labels.jpg", "val_batch2_pred.jpg"]}, "Results": {"_type": "images/separated", "width": 2400, "height": 1200, "format": "png", "count": 6, "filenames": ["media/images/Results_118_e83efe33e3e3019dcded.png", "media/images/Results_118_2006f6675ecbafdf4abb.png", "media/images/Results_118_4eaf2942ca0affa46754.png", "media/images/Results_118_629a01fd4ee6320f6a73.png", "media/images/Results_118_a24a9fe9d850b77099b2.png", "media/images/Results_118_ed916854c5f1125c02b3.png"], "captions": ["results.png", "confusion_matrix.png", "F1_curve.png", "PR_curve.png", "P_curve.png", "R_curve.png"]}, "_wandb": {"runtime": 18497}}