{"best/epoch": 48, "best/precision": 0.60735538060925, "best/recall": 0.3506638653514089, "best/mAP_0.5": 0.38174171113251243, "best/mAP_0.5:0.95": 0.23576130698085468, "Labels": {"_type": "images/separated", "width": 2000, "height": 2000, "format": "jpg", "count": 2, "filenames": ["media/images/Labels_0_dad01c1423538d3081a0.jpg", "media/images/Labels_0_7035a8283727d0447d27.jpg"], "captions": ["labels_correlogram.jpg", "labels.jpg"]}, "Mosaics": {"_type": "images/separated", "width": 1920, "height": 1920, "format": "jpg", "count": 3, "filenames": ["media/images/Mosaics_0_aa04a27e57663f799575.jpg", "media/images/Mosaics_0_27e9905f58cde51118f4.jpg", "media/images/Mosaics_0_03c95747b1a82cbed17b.jpg"], "captions": ["train_batch0.jpg", "train_batch1.jpg", "train_batch2.jpg"]}, "train/box_loss": 0.03998594358563423, "train/obj_loss": 0.03778037428855896, "train/cls_loss": 0.004823707044124603, "metrics/precision": 0.6072839000596532, "metrics/recall": 0.350872157512517, "metrics/mAP_0.5": 0.3818094358765481, "metrics/mAP_0.5:0.95": 0.23565269880929343, "val/box_loss": 0.04455241188406944, "val/obj_loss": 0.06207834556698799, "val/cls_loss": 0.008082032203674316, "x/lr0": 0.006799, "x/lr1": 0.006799, "x/lr2": 0.006799, "_timestamp": 1662139725, "_runtime": 29483, "_step": 99, "BoundingBoxDebugger": {"_type": "images/separated", "width": 1344, "height": 768, "format": "png", "count": 16, "filenames": ["media/images/BoundingBoxDebugger_89_ee852353bbcffb6029db.png", "media/images/BoundingBoxDebugger_89_28dde4d61c956d308210.png", "media/images/BoundingBoxDebugger_89_88d4276bf909a7c8731b.png", "media/images/BoundingBoxDebugger_89_46b1609b3dd4b85a558d.png", "media/images/BoundingBoxDebugger_89_785003fd04f4c3107a64.png", "media/images/BoundingBoxDebugger_89_aa349ee51ea80cc2b241.png", "media/images/BoundingBoxDebugger_89_9e8873e8d2336f586820.png", "media/images/BoundingBoxDebugger_89_99e16d2ee1ef5e18040c.png", "media/images/BoundingBoxDebugger_89_3bee43b9efbb99b5fb9e.png", "media/images/BoundingBoxDebugger_89_f28b1174943aeb439e08.png", "media/images/BoundingBoxDebugger_89_53a50e2075a255998660.png", "media/images/BoundingBoxDebugger_89_a8a5e443f99e12afa31a.png", "media/images/BoundingBoxDebugger_89_21ce790b008bad74ff88.png", "media/images/BoundingBoxDebugger_89_c6d1f1fc21d90d736660.png", "media/images/BoundingBoxDebugger_89_0748d1034a65fcd21551.png", "media/images/BoundingBoxDebugger_89_07aed0bacafa44c48e27.png"], "captions": ["7d06fefd-f7be05a6.jpg", "a217361a-01b5b341.jpg", "a217361a-cdf174d7.jpg", "a2297c18-876eb30b.jpg", "a2300bf9-00000000.jpg", "a269d8cd-af4fc1d1.jpg", "a2881013-88cf91d5.jpg", "a293d57a-00000000.jpg", "a296eb41-691738fc.jpg", "a2ae40f3-00000000.jpg", "a2c6d74b-00000000.jpg", "a2c9376f-00000000.jpg", "a2d1b2be-d0ddcd7d.jpg", "a3025d3c-00000000.jpg", "a316282d-0e90097d.jpg", "a316362b-00000000.jpg"], "all_boxes": [{"predictions": {"_type": "boxes2D", "sha256": "a969728156b0c929f68df720dd85dcfbc35da6db2826835f44bc000030282844", "size": 35980, "path": "media/metadata/boxes2D/BoundingBoxDebugger_89_a969728156b0c929f68d.boxes2D.json"}}, {"predictions": {"_type": "boxes2D", "sha256": "ecf8b540871a37745cda726c34b8c1923aa3335d6e7c0e515d5e220462c11b20", "size": 56511, "path": "media/metadata/boxes2D/BoundingBoxDebugger_89_ecf8b540871a37745cda.boxes2D.json"}}, {"predictions": {"_type": "boxes2D", "sha256": "d3f32d71665ec5c720a6219a6fb75e38a02b3eae57ce403c5f40acf3791f4b0a", "size": 56392, "path": "media/metadata/boxes2D/BoundingBoxDebugger_89_d3f32d71665ec5c720a6.boxes2D.json"}}, {"predictions": {"_type": "boxes2D", "sha256": "83a8a9ca0b39a691545b001b455a73e44c5bf7592967e0b472d343e513913f59", "size": 56340, "path": "media/metadata/boxes2D/BoundingBoxDebugger_89_83a8a9ca0b39a691545b.boxes2D.json"}}, {"predictions": {"_type": "boxes2D", "sha256": "6e950d6a424b56fca0088bf6e6f572aea0d7da8ff85940a1202612545a2c88a1", "size": 56645, "path": "media/metadata/boxes2D/BoundingBoxDebugger_89_6e950d6a424b56fca008.boxes2D.json"}}, {"predictions": {"_type": "boxes2D", "sha256": "6b005edab9f3313ae9af6e1f30a50486d8906afff0299a0e037b2189880acbb0", "size": 8487, "path": "media/metadata/boxes2D/BoundingBoxDebugger_89_6b005edab9f3313ae9af.boxes2D.json"}}, {"predictions": {"_type": "boxes2D", "sha256": "97ce381cbf56068ad04acbe4bd7172219874fc342a9516fd5e81b05c296de940", "size": 31989, "path": "media/metadata/boxes2D/BoundingBoxDebugger_89_97ce381cbf56068ad04a.boxes2D.json"}}, {"predictions": {"_type": "boxes2D", "sha256": "30b51c0fa6aaa8a13e648c7fdbc78cfda2fd114ed595784105f1ec45366f0546", "size": 18631, "path": "media/metadata/boxes2D/BoundingBoxDebugger_89_30b51c0fa6aaa8a13e64.boxes2D.json"}}, {"predictions": {"_type": "boxes2D", "sha256": "cf51842e93afff1121134d819d50cdf34da95c81f00754a6cf7f76b59cfd1377", "size": 56670, "path": "media/metadata/boxes2D/BoundingBoxDebugger_89_cf51842e93afff112113.boxes2D.json"}}, {"predictions": {"_type": "boxes2D", "sha256": "f7b859571ea42423ddf0e1fe48afa632a3b7b3c91ca71e34aab32192154b5f67", "size": 56616, "path": "media/metadata/boxes2D/BoundingBoxDebugger_89_f7b859571ea42423ddf0.boxes2D.json"}}, {"predictions": {"_type": "boxes2D", "sha256": "aaf0f3a5d2c74d61808a4d510a667c78f2521d76bec8edfcb6d06f0605eeae7e", "size": 57010, "path": "media/metadata/boxes2D/BoundingBoxDebugger_89_aaf0f3a5d2c74d61808a.boxes2D.json"}}, {"predictions": {"_type": "boxes2D", "sha256": "fb29f9a34deaabc537eb164fed714ad9f24acba0bd1bc3959da78ad6e1e98217", "size": 38707, "path": "media/metadata/boxes2D/BoundingBoxDebugger_89_fb29f9a34deaabc537eb.boxes2D.json"}}, {"predictions": {"_type": "boxes2D", "sha256": "41a4e4977789ebc23c6dc8cc6f8d100b92c7684708bad7b713f7c68922c48519", "size": 35143, "path": "media/metadata/boxes2D/BoundingBoxDebugger_89_41a4e4977789ebc23c6d.boxes2D.json"}}, {"predictions": {"_type": "boxes2D", "sha256": "87265f4de4957232077965ffd776275727a107853105cba32241d7a80e380763", "size": 42999, "path": "media/metadata/boxes2D/BoundingBoxDebugger_89_87265f4de49572320779.boxes2D.json"}}, {"predictions": {"_type": "boxes2D", "sha256": "097e48667a40b52e7e5da479766d76cd2c06c05708673670d2ee10e515c4fc00", "size": 19367, "path": "media/metadata/boxes2D/BoundingBoxDebugger_89_097e48667a40b52e7e5d.boxes2D.json"}}, {"predictions": {"_type": "boxes2D", "sha256": "9c7319161224e378c6ee8f61a2b4c6a1c05b818cb418a30e8709ca13f8ceb1d7", "size": 47661, "path": "media/metadata/boxes2D/BoundingBoxDebugger_89_9c7319161224e378c6ee.boxes2D.json"}}]}, "Validation": {"_type": "images/separated", "width": 1920, "height": 1100, "format": "jpg", "count": 6, "filenames": ["media/images/Validation_99_16851127fed0319052e2.jpg", "media/images/Validation_99_9576e9f556b4d29ea696.jpg", "media/images/Validation_99_90cb3e1fc03ef97f8783.jpg", "media/images/Validation_99_080545fc7c1ea1205990.jpg", "media/images/Validation_99_c7bb9755ae28184a548f.jpg", "media/images/Validation_99_54d24112ad75bbb5f797.jpg"], "captions": ["val_batch0_labels.jpg", "val_batch0_pred.jpg", "val_batch1_labels.jpg", "val_batch1_pred.jpg", "val_batch2_labels.jpg", "val_batch2_pred.jpg"]}, "Results": {"_type": "images/separated", "width": 2400, "height": 1200, "format": "png", "count": 6, "filenames": ["media/images/Results_99_523c6c5f56ecd6079f34.png", "media/images/Results_99_3ff0352bbe21c1a7428b.png", "media/images/Results_99_78ada68617835f42ea76.png", "media/images/Results_99_8420f7f0f22db22a352d.png", "media/images/Results_99_26bd48e09f66e9c31be0.png", "media/images/Results_99_af589fd4bb7807ff72a6.png"], "captions": ["results.png", "confusion_matrix.png", "F1_curve.png", "PR_curve.png", "P_curve.png", "R_curve.png"]}, "_wandb": {"runtime": 29484}}