{"best/epoch": 155, "best/precision": 0.7326114653778188, "best/recall": 0.38499890700902323, "best/mAP_0.5": 0.4103538299154763, "best/mAP_0.5:0.95": 0.25283819570044086, "Labels": {"_type": "images/separated", "width": 2000, "height": 2000, "format": "jpg", "count": 2, "filenames": ["media/images/Labels_0_691d4c832bd849a806b2.jpg", "media/images/Labels_0_61cb45ac99b12cbb594c.jpg"], "captions": ["labels_correlogram.jpg", "labels.jpg"]}, "Mosaics": {"_type": "images/separated", "width": 1920, "height": 1920, "format": "jpg", "count": 3, "filenames": ["media/images/Mosaics_0_80a57d08971761c431b6.jpg", "media/images/Mosaics_0_0beeb7be9c62d9566060.jpg", "media/images/Mosaics_0_5ff35399858a5717b7dc.jpg"], "captions": ["train_batch0.jpg", "train_batch1.jpg", "train_batch2.jpg"]}, "train/box_loss": 0.033048465847969055, "train/obj_loss": 0.02398456260561943, "train/cls_loss": 0.0016053360886871815, "metrics/precision": 0.7324217839352265, "metrics/recall": 0.38508522173725, "metrics/mAP_0.5": 0.41039636613385233, "metrics/mAP_0.5:0.95": 0.2529384925501808, "val/box_loss": 0.042617104947566986, "val/obj_loss": 0.0626348927617073, "val/cls_loss": 0.010255018249154091, "x/lr0": 0.001618, "x/lr1": 0.001618, "x/lr2": 0.001618, "_timestamp": 1659613505, "_runtime": 31286, "_step": 256, "BoundingBoxDebugger": {"_type": "images/separated", "width": 1344, "height": 768, "format": "png", "count": 16, "filenames": ["media/images/BoundingBoxDebugger_239_924c76c42cb44e884969.png", "media/images/BoundingBoxDebugger_239_bd380590f7ccc08a4ff5.png", "media/images/BoundingBoxDebugger_239_17f60037d8f941f549cc.png", "media/images/BoundingBoxDebugger_239_89b79c7abe989ab1881f.png", "media/images/BoundingBoxDebugger_239_74f00ef0d0f1a39561b6.png", "media/images/BoundingBoxDebugger_239_08e9043997a689c9f56a.png", "media/images/BoundingBoxDebugger_239_92a3146ef0ca37913b5d.png", "media/images/BoundingBoxDebugger_239_95ee921877fc010445e1.png", "media/images/BoundingBoxDebugger_239_a8a553582d0f38cd84d6.png", "media/images/BoundingBoxDebugger_239_c977be2b06448b0489da.png", "media/images/BoundingBoxDebugger_239_26339fd4c66e27e7f1b9.png", "media/images/BoundingBoxDebugger_239_bde4087747f934d6299b.png", "media/images/BoundingBoxDebugger_239_6d72e18416f79c6f41d8.png", "media/images/BoundingBoxDebugger_239_7f6ea14197261f9de724.png", "media/images/BoundingBoxDebugger_239_0c64a3bc1fc28830efd7.png", "media/images/BoundingBoxDebugger_239_f5ab1f8f0f8420a087f2.png"], "captions": ["0004a4c0-d4dff0ad_jpg.rf.c4523588d7f9ecd1e3118bbad53fae62.jpg", "7429a7c2-6e655bd4_jpg.rf.27e85397890e9565716dadbf9a2775a1.jpg", "73f91726-a4b42013_jpg.rf.601b0e7a07d1efc07d47f4c98acc69dc.jpg", "73d972b6-17d447e3_jpg.rf.90f85b1f2eb128edfb9b5992f66fbd9a.jpg", "73bc6319-00000000_jpg.rf.0e26d84facecd179ea82286900e7564b.jpg", "73b09461-29fd15f1_jpg.rf.bdef29f4830f80e5c650ebee827897ef.jpg", "73ad6197-185e087c_jpg.rf.05875e6e8dca62689e7d847f21100c91.jpg", "73a1f742-63890001_jpg.rf.83aae5d4a8040389079ef23defac01dd.jpg", "736ef944-35249131_jpg.rf.91913b2810c98b237848b4cae1b40ca9.jpg", "734cfd60-5a112a74_jpg.rf.b85a41547228963b204a19a3785fd840.jpg", "72d1a01b-4a230000_jpg.rf.8f2bbf5e5c07d851c721a010989b980f.jpg", "72d1a01b-00000000_jpg.rf.262eff5e078166a62f9521c4fa2237e9.jpg", "72cd9cec-dbf0b815_jpg.rf.403703b078711454ac765f6756b96f1a.jpg", "7291f215-f66e0000_jpg.rf.a416ff4d1a86289c4653ff18c421ebcf.jpg", "724b5120-98a49fd9_jpg.rf.bc033c758c084f8bf6a53e20e3473fee.jpg", "7238b169-c3aebcfe_jpg.rf.109fa38b3cd092a4f73181697de20c57.jpg"], "all_boxes": [{"predictions": {"_type": "boxes2D", "sha256": "564b403f4147b470eb48b18feff8ce398d6c445c50cbfe08c8c83a6aff09b6ed", "size": 14770, "path": "media/metadata/boxes2D/BoundingBoxDebugger_239_564b403f4147b470eb48.boxes2D.json"}}, {"predictions": {"_type": "boxes2D", "sha256": "4ef0f36172a0973662160973bf7ff0169f5498a6eec3385b39933e55cee2f5d5", "size": 47411, "path": "media/metadata/boxes2D/BoundingBoxDebugger_239_4ef0f36172a097366216.boxes2D.json"}}, {"predictions": {"_type": "boxes2D", "sha256": "22ea987e8b20c0715424998eb57476568c7ab687954bc460875a1e5aa683fad1", "size": 919, "path": "media/metadata/boxes2D/BoundingBoxDebugger_239_22ea987e8b20c0715424.boxes2D.json"}}, {"predictions": {"_type": "boxes2D", "sha256": "d8e8cb724cc72f26d036d1cca5018b556758cbe226d841c95193b1c0a3ad560c", "size": 55105, "path": "media/metadata/boxes2D/BoundingBoxDebugger_239_d8e8cb724cc72f26d036.boxes2D.json"}}, {"predictions": {"_type": "boxes2D", "sha256": "593ff4cd8962b6ad8b75bad98e8d3e70749b1cd82536d9312892b1d6a5e247fa", "size": 22943, "path": "media/metadata/boxes2D/BoundingBoxDebugger_239_593ff4cd8962b6ad8b75.boxes2D.json"}}, {"predictions": {"_type": "boxes2D", "sha256": "df156c6ab6ad27edcb651f381f17f8b6eb57761b971be47a13c133c1d280dade", "size": 30304, "path": "media/metadata/boxes2D/BoundingBoxDebugger_239_df156c6ab6ad27edcb65.boxes2D.json"}}, {"predictions": {"_type": "boxes2D", "sha256": "abe95fe74cc90072beacc29402120ad51fbab0ced45fdc530e5b09ee3d81ce0c", "size": 15226, "path": "media/metadata/boxes2D/BoundingBoxDebugger_239_abe95fe74cc90072beac.boxes2D.json"}}, {"predictions": {"_type": "boxes2D", "sha256": "44d18932037a8dcc64a6e78f0c101834fd02f6ceb58c72013538774eb7932640", "size": 13126, "path": "media/metadata/boxes2D/BoundingBoxDebugger_239_44d18932037a8dcc64a6.boxes2D.json"}}, {"predictions": {"_type": "boxes2D", "sha256": "979b92774b4850ae7eefc3067cf1cc331d5a5706161a66a7dfcae8fd16833805", "size": 25956, "path": "media/metadata/boxes2D/BoundingBoxDebugger_239_979b92774b4850ae7eef.boxes2D.json"}}, {"predictions": {"_type": "boxes2D", "sha256": "049ed08048f3cdf37eb9b54b616d0a214c44047b8a8aef180dc6616eecadcd44", "size": 34570, "path": "media/metadata/boxes2D/BoundingBoxDebugger_239_049ed08048f3cdf37eb9.boxes2D.json"}}, {"predictions": {"_type": "boxes2D", "sha256": "2464c63be535fe5130f614b2d9769bea38b3cdf08cef68f4a85831a9b4e500ac", "size": 3368, "path": "media/metadata/boxes2D/BoundingBoxDebugger_239_2464c63be535fe5130f6.boxes2D.json"}}, {"predictions": {"_type": "boxes2D", "sha256": "9382e44319714dfad5485888ff0240d622d663323d60b2e82d470541d94bf5ec", "size": 3178, "path": "media/metadata/boxes2D/BoundingBoxDebugger_239_9382e44319714dfad548.boxes2D.json"}}, {"predictions": {"_type": "boxes2D", "sha256": "c779feec7ddca358b84508eb6a1b8fe25b9dd9755ca492f2353f1b01ee3a51c3", "size": 23079, "path": "media/metadata/boxes2D/BoundingBoxDebugger_239_c779feec7ddca358b845.boxes2D.json"}}, {"predictions": {"_type": "boxes2D", "sha256": "b4b0485635bb9c408e03e9a68d8dffc4045def89efff6e420a2beec574445c14", "size": 23555, "path": "media/metadata/boxes2D/BoundingBoxDebugger_239_b4b0485635bb9c408e03.boxes2D.json"}}, {"predictions": {"_type": "boxes2D", "sha256": "912412201510e49ea0e7491a792b114382876793e956f441194ca729232bd41e", "size": 57230, "path": "media/metadata/boxes2D/BoundingBoxDebugger_239_912412201510e49ea0e7.boxes2D.json"}}, {"predictions": {"_type": "boxes2D", "sha256": "051ae2fe67a4a5254a638fc2dca00634a15e7ee20846b733d353c0b87b7b6848", "size": 35857, "path": "media/metadata/boxes2D/BoundingBoxDebugger_239_051ae2fe67a4a5254a63.boxes2D.json"}}]}, "Validation": {"_type": "images/separated", "width": 1920, "height": 1100, "format": "jpg", "count": 6, "filenames": ["media/images/Validation_256_b521ce79752db5effba3.jpg", "media/images/Validation_256_c508ce6956de845f08fc.jpg", "media/images/Validation_256_548b524815e3fae644a1.jpg", "media/images/Validation_256_642c4676c9c6c482ddd6.jpg", "media/images/Validation_256_0ccb2e144e2f8aa856f9.jpg", "media/images/Validation_256_f3ce2f5dcafe6e951b9f.jpg"], "captions": ["val_batch0_labels.jpg", "val_batch0_pred.jpg", "val_batch1_labels.jpg", "val_batch1_pred.jpg", "val_batch2_labels.jpg", "val_batch2_pred.jpg"]}, "Results": {"_type": "images/separated", "width": 2400, "height": 1200, "format": "png", "count": 6,