{"best/epoch": 77, "best/precision": 0.7026953980101496, "best/recall": 0.38284528905271176, "best/mAP_0.5": 0.42621067523648554, "best/mAP_0.5:0.95": 0.25754729941804316, "Labels": {"_type": "images/separated", "width": 2000, "height": 2000, "format": "jpg", "count": 2, "filenames": ["media/images/Labels_0_691d4c832bd849a806b2.jpg", "media/images/Labels_0_61cb45ac99b12cbb594c.jpg"], "captions": ["labels_correlogram.jpg", "labels.jpg"]}, "Mosaics": {"_type": "images/separated", "width": 1920, "height": 1920, "format": "jpg", "count": 3, "filenames": ["media/images/Mosaics_0_cd6d197b83cf58bb6a3c.jpg", "media/images/Mosaics_0_c36de760c036b7deb3ef.jpg", "media/images/Mosaics_0_e7c65fc8de603b767848.jpg"], "captions": ["train_batch0.jpg", "train_batch1.jpg", "train_batch2.jpg"]}, "train/box_loss": 0.03327535465359688, "train/obj_loss": 0.04749244824051857, "train/cls_loss": 0.0027420504484325647, "metrics/precision": 0.7061863525210964, "metrics/recall": 0.38069348662137803, "metrics/mAP_0.5": 0.4247650202363099, "metrics/mAP_0.5:0.95": 0.2562616087667005, "val/box_loss": 0.03894234821200371, "val/obj_loss": 0.06009546294808388, "val/cls_loss": 0.008464322425425053, "x/lr0": 0.004192, "x/lr1": 0.004192, "x/lr2": 0.004192, "_timestamp": 1659653302, "_runtime": 21562, "_step": 178, "BoundingBoxDebugger": {"_type": "images/separated", "width": 1344, "height": 768, "format": "png", "count": 16, "filenames": ["media/images/BoundingBoxDebugger_149_924c76c42cb44e884969.png", "media/images/BoundingBoxDebugger_149_bd380590f7ccc08a4ff5.png", "media/images/BoundingBoxDebugger_149_17f60037d8f941f549cc.png", "media/images/BoundingBoxDebugger_149_89b79c7abe989ab1881f.png", "media/images/BoundingBoxDebugger_149_74f00ef0d0f1a39561b6.png", "media/images/BoundingBoxDebugger_149_08e9043997a689c9f56a.png", "media/images/BoundingBoxDebugger_149_92a3146ef0ca37913b5d.png", "media/images/BoundingBoxDebugger_149_95ee921877fc010445e1.png", "media/images/BoundingBoxDebugger_149_a8a553582d0f38cd84d6.png", "media/images/BoundingBoxDebugger_149_c977be2b06448b0489da.png", "media/images/BoundingBoxDebugger_149_26339fd4c66e27e7f1b9.png", "media/images/BoundingBoxDebugger_149_bde4087747f934d6299b.png", "media/images/BoundingBoxDebugger_149_6d72e18416f79c6f41d8.png", "media/images/BoundingBoxDebugger_149_7f6ea14197261f9de724.png", "media/images/BoundingBoxDebugger_149_0c64a3bc1fc28830efd7.png", "media/images/BoundingBoxDebugger_149_f5ab1f8f0f8420a087f2.png"], "captions": ["0004a4c0-d4dff0ad_jpg.rf.c4523588d7f9ecd1e3118bbad53fae62.jpg", "7429a7c2-6e655bd4_jpg.rf.27e85397890e9565716dadbf9a2775a1.jpg", "73f91726-a4b42013_jpg.rf.601b0e7a07d1efc07d47f4c98acc69dc.jpg", "73d972b6-17d447e3_jpg.rf.90f85b1f2eb128edfb9b5992f66fbd9a.jpg", "73bc6319-00000000_jpg.rf.0e26d84facecd179ea82286900e7564b.jpg", "73b09461-29fd15f1_jpg.rf.bdef29f4830f80e5c650ebee827897ef.jpg", "73ad6197-185e087c_jpg.rf.05875e6e8dca62689e7d847f21100c91.jpg", "73a1f742-63890001_jpg.rf.83aae5d4a8040389079ef23defac01dd.jpg", "736ef944-35249131_jpg.rf.91913b2810c98b237848b4cae1b40ca9.jpg", "734cfd60-5a112a74_jpg.rf.b85a41547228963b204a19a3785fd840.jpg", "72d1a01b-4a230000_jpg.rf.8f2bbf5e5c07d851c721a010989b980f.jpg", "72d1a01b-00000000_jpg.rf.262eff5e078166a62f9521c4fa2237e9.jpg", "72cd9cec-dbf0b815_jpg.rf.403703b078711454ac765f6756b96f1a.jpg", "7291f215-f66e0000_jpg.rf.a416ff4d1a86289c4653ff18c421ebcf.jpg", "724b5120-98a49fd9_jpg.rf.bc033c758c084f8bf6a53e20e3473fee.jpg", "7238b169-c3aebcfe_jpg.rf.109fa38b3cd092a4f73181697de20c57.jpg"], "all_boxes": [{"predictions": {"_type": "boxes2D", "sha256": "09f7d7e7199a2d1488af1078582f9414cdfefb577c07c0d402170f06085073bd", "size": 22783, "path": "media/metadata/boxes2D/BoundingBoxDebugger_149_09f7d7e7199a2d1488af.boxes2D.json"}}, {"predictions": {"_type": "boxes2D", "sha256": "66d559d6837ddbca4656768fd9149c6a7b0cecc8e8f76fd8bc74da79d3b3d41a", "size": 42000, "path": "media/metadata/boxes2D/BoundingBoxDebugger_149_66d559d6837ddbca4656.boxes2D.json"}}, {"predictions": {"_type": "boxes2D", "sha256": "d18f5af24ecfd2e803abdfd7fa191d06f650392df468b04393ebe406acb995ba", "size": 714, "path": "media/metadata/boxes2D/BoundingBoxDebugger_149_d18f5af24ecfd2e803ab.boxes2D.json"}}, {"predictions": {"_type": "boxes2D", "sha256": "abedbfbc97b9e843d277bf99af72a5d76e09eab3788b9fb70490a46925ef134b", "size": 56549, "path": "media/metadata/boxes2D/BoundingBoxDebugger_149_abedbfbc97b9e843d277.boxes2D.json"}}, {"predictions": {"_type": "boxes2D", "sha256": "04130e17ad189b3dc861aad93f6b7487f8ed28fd21b8c8b185cdafff181fe07d", "size": 33797, "path": "media/metadata/boxes2D/BoundingBoxDebugger_149_04130e17ad189b3dc861.boxes2D.json"}}, {"predictions": {"_type": "boxes2D", "sha256": "65bdd8cea28304691ce58d9daca74625e2d276bb6fab76b7693b6d3adaa4af80", "size": 48725, "path": "media/metadata/boxes2D/BoundingBoxDebugger_149_65bdd8cea28304691ce5.boxes2D.json"}}, {"predictions": {"_type": "boxes2D", "sha256": "9939a65dc7d34515148eb151d0dc948531af9ae464865143e9314c58d9ba3732", "size": 14884, "path": "media/metadata/boxes2D/BoundingBoxDebugger_149_9939a65dc7d34515148e.boxes2D.json"}}, {"predictions": {"_type": "boxes2D", "sha256": "0387958518ca2861b976c28017a16582507d1e91e4c8a2200aeb0d9abbca3876", "size": 18162, "path": "media/metadata/boxes2D/BoundingBoxDebugger_149_0387958518ca2861b976.boxes2D.json"}}, {"predictions": {"_type": "boxes2D", "sha256": "a2df328a2ef5cf345aa83013e1d18f8ee54155bc9ff514aee670968018d642a7", "size": 25080, "path": "media/metadata/boxes2D/BoundingBoxDebugger_149_a2df328a2ef5cf345aa8.boxes2D.json"}}, {"predictions": {"_type": "boxes2D", "sha256": "835b132ecd6b527c837ddf066e180da21a54c68df365c0c112c64030093aba6a", "size": 46197, "path": "media/metadata/boxes2D/BoundingBoxDebugger_149_835b132ecd6b527c837d.boxes2D.json"}}, {"predictions": {"_type": "boxes2D", "sha256": "d49ceb048ffe742028a99a33b9695a99b242c14def6e57891849748d250084be", "size": 5672, "path": "media/metadata/boxes2D/BoundingBoxDebugger_149_d49ceb048ffe742028a9.boxes2D.json"}}, {"predictions": {"_type": "boxes2D", "sha256": "40e22057b9642ea7e5e468b7e00aca2da2c4e695f187f664fc72777ba502d418", "size": 14747, "path": "media/metadata/boxes2D/BoundingBoxDebugger_149_40e22057b9642ea7e5e4.boxes2D.json"}}, {"predictions": {"_type": "boxes2D", "sha256": "5cf7beb74f20dfaa369ea46c1ed092c9e1fc03225fac22e499998ac35296a49b", "size": 28288, "path": "media/metadata/boxes2D/BoundingBoxDebugger_149_5cf7beb74f20dfaa369e.boxes2D.json"}}, {"predictions": {"_type": "boxes2D", "sha256": "5e72bffc0a785a35caf742095dc3b8f6243d5bbe1c2df55183eb839010ee29fe", "size": 27195, "path": "media/metadata/boxes2D/BoundingBoxDebugger_149_5e72bffc0a785a35caf7.boxes2D.json"}}, {"predictions": {"_type": "boxes2D", "sha256": "41e1a2036917972941bf4961e037b234a565d188418b3a61f7ad107309c61eb7", "size": 57205, "path": "media/metadata/boxes2D/BoundingBoxDebugger_149_41e1a2036917972941bf.boxes2D.json"}}, {"predictions": {"_type": "boxes2D", "sha256": "1fe29fc0e6314a736e814d2df23b66e387892004dc2df01258548fdf9d1769cd", "size": 47043, "path": "media/metadata/boxes2D/BoundingBoxDebugger_149_1fe29fc0e6314a736e81.boxes2D.json"}}]}, "Validation": {"_type": "images/separated", "width": 1920, "height": 1100, "format": "jpg", "count": 6, "filenames": ["media/images/Validation_178_b521ce79752db5effba3.jpg", "media/images/Validation_178_3b6539292f30e0f2f94d.jpg", "media/images/Validation_178_548b524815e3fae644a1.jpg", "media/images/Validation_178_240c5c0b3365893ccb00.jpg", "media/images/Validation_178_0ccb2e144e2f8aa856f9.jpg", "media/images/Validation_178_739109af7cc7e7775c55.jpg"], "captions": ["val_batch0_labels.jpg", "val_batch0_pred.jpg", "val_batch1_labels.jpg", "val_batch1_pred.jpg", "val_batch2_labels.jpg", "val_batch2_pred.jpg"]}, "Results": {"_type": "images/separated", "width": 2400, "height": 1200, "format": "png", "count": 6,