{"best/epoch": 130, "best/precision": 0.756719406146812, "best/recall": 0.36908480617195116, "best/mAP_0.5": 0.41527302323488224, "best/mAP_0.5:0.95": 0.256902258904911, "Labels": {"_type": "images/separated", "width": 2000, "height": 2000, "format": "jpg", "count": 2, "filenames": ["media/images/Labels_0_691d4c832bd849a806b2.jpg", "media/images/Labels_0_61cb45ac99b12cbb594c.jpg"], "captions": ["labels_correlogram.jpg", "labels.jpg"]}, "Mosaics": {"_type": "images/separated", "width": 1920, "height": 1920, "format": "jpg", "count": 3, "filenames": ["media/images/Mosaics_0_cd6d197b83cf58bb6a3c.jpg", "media/images/Mosaics_0_c36de760c036b7deb3ef.jpg", "media/images/Mosaics_0_e7c65fc8de603b767848.jpg"], "captions": ["train_batch0.jpg", "train_batch1.jpg", "train_batch2.jpg"]}, "train/box_loss": 0.03471413999795914, "train/obj_loss": 0.044911134988069534, "train/cls_loss": 0.002299127634614706, "metrics/precision": 0.7564993715757695, "metrics/recall": 0.36916502977397814, "metrics/mAP_0.5": 0.4151551216969362, "metrics/mAP_0.5:0.95": 0.2570124434429909, "val/box_loss": 0.04252229258418083, "val/obj_loss": 0.06257631629705429, "val/cls_loss": 0.009371127933263779, "x/lr0": 0.0024430000000000003, "x/lr1": 0.0024430000000000003, "x/lr2": 0.0024430000000000003, "_timestamp": 1659580693, "_runtime": 28481, "_step": 231, "BoundingBoxDebugger": {"_type": "images/separated", "width": 1344, "height": 768, "format": "png", "count": 16, "filenames": ["media/images/BoundingBoxDebugger_209_924c76c42cb44e884969.png", "media/images/BoundingBoxDebugger_209_bd380590f7ccc08a4ff5.png", "media/images/BoundingBoxDebugger_209_17f60037d8f941f549cc.png", "media/images/BoundingBoxDebugger_209_89b79c7abe989ab1881f.png", "media/images/BoundingBoxDebugger_209_74f00ef0d0f1a39561b6.png", "media/images/BoundingBoxDebugger_209_08e9043997a689c9f56a.png", "media/images/BoundingBoxDebugger_209_92a3146ef0ca37913b5d.png", "media/images/BoundingBoxDebugger_209_95ee921877fc010445e1.png", "media/images/BoundingBoxDebugger_209_a8a553582d0f38cd84d6.png", "media/images/BoundingBoxDebugger_209_c977be2b06448b0489da.png", "media/images/BoundingBoxDebugger_209_26339fd4c66e27e7f1b9.png", "media/images/BoundingBoxDebugger_209_bde4087747f934d6299b.png", "media/images/BoundingBoxDebugger_209_6d72e18416f79c6f41d8.png", "media/images/BoundingBoxDebugger_209_7f6ea14197261f9de724.png", "media/images/BoundingBoxDebugger_209_0c64a3bc1fc28830efd7.png", "media/images/BoundingBoxDebugger_209_f5ab1f8f0f8420a087f2.png"], "captions": ["0004a4c0-d4dff0ad_jpg.rf.c4523588d7f9ecd1e3118bbad53fae62.jpg", "7429a7c2-6e655bd4_jpg.rf.27e85397890e9565716dadbf9a2775a1.jpg", "73f91726-a4b42013_jpg.rf.601b0e7a07d1efc07d47f4c98acc69dc.jpg", "73d972b6-17d447e3_jpg.rf.90f85b1f2eb128edfb9b5992f66fbd9a.jpg", "73bc6319-00000000_jpg.rf.0e26d84facecd179ea82286900e7564b.jpg", "73b09461-29fd15f1_jpg.rf.bdef29f4830f80e5c650ebee827897ef.jpg", "73ad6197-185e087c_jpg.rf.05875e6e8dca62689e7d847f21100c91.jpg", "73a1f742-63890001_jpg.rf.83aae5d4a8040389079ef23defac01dd.jpg", "736ef944-35249131_jpg.rf.91913b2810c98b237848b4cae1b40ca9.jpg", "734cfd60-5a112a74_jpg.rf.b85a41547228963b204a19a3785fd840.jpg", "72d1a01b-4a230000_jpg.rf.8f2bbf5e5c07d851c721a010989b980f.jpg", "72d1a01b-00000000_jpg.rf.262eff5e078166a62f9521c4fa2237e9.jpg", "72cd9cec-dbf0b815_jpg.rf.403703b078711454ac765f6756b96f1a.jpg", "7291f215-f66e0000_jpg.rf.a416ff4d1a86289c4653ff18c421ebcf.jpg", "724b5120-98a49fd9_jpg.rf.bc033c758c084f8bf6a53e20e3473fee.jpg", "7238b169-c3aebcfe_jpg.rf.109fa38b3cd092a4f73181697de20c57.jpg"], "all_boxes": [{"predictions": {"_type": "boxes2D", "sha256": "ad3178ba4239715e83852aabb1d71ff2f67145bb9c01d589336f2c46f2cfc7c5", "size": 11970, "path": "media/metadata/boxes2D/BoundingBoxDebugger_209_ad3178ba4239715e8385.boxes2D.json"}}, {"predictions": {"_type": "boxes2D", "sha256": "5aceab96570b77867587e69c6a702da84f44d1a705a3bb7d708723e37d39bfd3", "size": 33327, "path": "media/metadata/boxes2D/BoundingBoxDebugger_209_5aceab96570b77867587.boxes2D.json"}}, {"predictions": {"_type": "boxes2D", "sha256": "4095c64e939f23d6cbb752dec05eaad88fe634e80132cec5f904dd373ac89b95", "size": 2290, "path": "media/metadata/boxes2D/BoundingBoxDebugger_209_4095c64e939f23d6cbb7.boxes2D.json"}}, {"predictions": {"_type": "boxes2D", "sha256": "3ff20b80ed4c9fcf7b71745faa35eb9e2688196f4a3b2a43dd53bb805e4d1dbb", "size": 53296, "path": "media/metadata/boxes2D/BoundingBoxDebugger_209_3ff20b80ed4c9fcf7b71.boxes2D.json"}}, {"predictions": {"_type": "boxes2D", "sha256": "fa6fc387190b8273214807be03c5e880fed06e3447971088dbb432771720394d", "size": 36256, "path": "media/metadata/boxes2D/BoundingBoxDebugger_209_fa6fc387190b82732148.boxes2D.json"}}, {"predictions": {"_type": "boxes2D", "sha256": "d64eef34c7eefae78470baad9fd574de7ece0424cf0f943879588d52f5bed511", "size": 36841, "path": "media/metadata/boxes2D/BoundingBoxDebugger_209_d64eef34c7eefae78470.boxes2D.json"}}, {"predictions": {"_type": "boxes2D", "sha256": "a77b426dd8567e8df4ac85f24675ce6ee9ef79f8a040b6cce12ed886778d0b0f", "size": 13999, "path": "media/metadata/boxes2D/BoundingBoxDebugger_209_a77b426dd8567e8df4ac.boxes2D.json"}}, {"predictions": {"_type": "boxes2D", "sha256": "a1c300b919597c6591c3326161067de982289bc618815296a2c3cd01f93170f4", "size": 14917, "path": "media/metadata/boxes2D/BoundingBoxDebugger_209_a1c300b919597c6591c3.boxes2D.json"}}, {"predictions": {"_type": "boxes2D", "sha256": "a05b59c31fe1519b47ee796942cc7394549b9cbf8512aada8243a77d52152d75", "size": 21868, "path": "media/metadata/boxes2D/BoundingBoxDebugger_209_a05b59c31fe1519b47ee.boxes2D.json"}}, {"predictions": {"_type": "boxes2D", "sha256": "a04af34aa0a8a553d38912bc8b9a8e9a339bbe4741701a390fd80b7a3dd5fc77", "size": 41629, "path": "media/metadata/boxes2D/BoundingBoxDebugger_209_a04af34aa0a8a553d389.boxes2D.json"}}, {"predictions": {"_type": "boxes2D", "sha256": "28938aafea21cf5080d289d2098753035aeb6ddcde8c9b97518c7a56eb268208", "size": 4888, "path": "media/metadata/boxes2D/BoundingBoxDebugger_209_28938aafea21cf5080d2.boxes2D.json"}}, {"predictions": {"_type": "boxes2D", "sha256": "ba632772146cb9b3c07fecd37b56356ec4b37b880e618472d6a131230aa04c08", "size": 9442, "path": "media/metadata/boxes2D/BoundingBoxDebugger_209_ba632772146cb9b3c07f.boxes2D.json"}}, {"predictions": {"_type": "boxes2D", "sha256": "daae8736feb849e6847883b777698a8a9199f223f6f6d99d608e533010725f81", "size": 26755, "path": "media/metadata/boxes2D/BoundingBoxDebugger_209_daae8736feb849e68478.boxes2D.json"}}, {"predictions": {"_type": "boxes2D", "sha256": "2f330db1e84a0456d8ef4d522b6188a74cbb98f93e538d581d010ec88613d384", "size": 21270, "path": "media/metadata/boxes2D/BoundingBoxDebugger_209_2f330db1e84a0456d8ef.boxes2D.json"}}, {"predictions": {"_type": "boxes2D", "sha256": "344254b1d5d333ad40e80043cc3b33602138029e882bbc90372274765db5d050", "size": 57320, "path": "media/metadata/boxes2D/BoundingBoxDebugger_209_344254b1d5d333ad40e8.boxes2D.json"}}, {"predictions": {"_type": "boxes2D", "sha256": "b6793e175530c3e7eaafb541f663c08c91b5579978d79cf0d075fa932237e6d6", "size": 50391, "path": "media/metadata/boxes2D/BoundingBoxDebugger_209_b6793e175530c3e7eaaf.boxes2D.json"}}]}, "Validation": {"_type": "images/separated", "width": 1920, "height": 1100, "format": "jpg", "count": 6, "filenames": ["media/images/Validation_231_b521ce79752db5effba3.jpg", "media/images/Validation_231_dfc2a20b38832541c3cc.jpg", "media/images/Validation_231_548b524815e3fae644a1.jpg", "media/images/Validation_231_1bc872a63b0b4dfbb318.jpg", "media/images/Validation_231_0ccb2e144e2f8aa856f9.jpg", "media/images/Validation_231_53f1745a4021dd80582e.jpg"], "captions": ["val_batch0_labels.jpg", "val_batch0_pred.jpg", "val_batch1_labels.jpg", "val_batch1_pred.jpg", "val_batch2_labels.jpg", "val_batch2_pred.jpg"]}, "Results": {"_type": "images/separated", "width": 2400, "height": 1200, "format": "png", "count": 6,