{"best/epoch": 3, "best/precision": 0.473953348497173, "best/recall": 0.28013533577324645, "best/mAP_0.5": 0.2504071298390852, "best/mAP_0.5:0.95": 0.1394132838680297, "Labels": {"_type": "images/separated", "width": 2000, "height": 2000, "format": "jpg", "count": 2, "filenames": ["media/images/Labels_0_4542dd33bc3c12891143.jpg", "media/images/Labels_0_aee0fe8e095e02b208b2.jpg"], "captions": ["labels_correlogram.jpg", "labels.jpg"]}, "Mosaics": {"_type": "images/separated", "width": 1920, "height": 1920, "format": "jpg", "count": 3, "filenames": ["media/images/Mosaics_0_392d2590b323aea24077.jpg", "media/images/Mosaics_0_8a49666d9e64460762e4.jpg", "media/images/Mosaics_0_526e542caf85e172fe45.jpg"], "captions": ["train_batch0.jpg", "train_batch1.jpg", "train_batch2.jpg"]}, "train/box_loss": 0.05733783543109894, "train/obj_loss": 0.07229497283697128, "train/cls_loss": 0.013640880584716797, "metrics/precision": 0.473953348497173, "metrics/recall": 0.28013533577324645, "metrics/mAP_0.5": 0.2504071298390852, "metrics/mAP_0.5:0.95": 0.1394132838680297, "val/box_loss": 0.04966604709625244, "val/obj_loss": 0.06587595492601395, "val/cls_loss": 0.010583581402897835, "x/lr0": 0.009901, "x/lr1": 0.009901, "x/lr2": 0.009901, "_timestamp": 1662250337, "_runtime": 696, "_step": 3}