{"best/epoch": 49, "best/precision": 0.5996334663963712, "best/recall": 0.37039125713443466, "best/mAP_0.5": 0.39017392437566356, "best/mAP_0.5:0.95": 0.2452420538657719, "Labels": {"_type": "images/separated", "width": 2000, "height": 2000, "format": "jpg", "count": 2, "filenames": ["media/images/Labels_0_8270a4f85aa020e9d122.jpg", "media/images/Labels_0_97f689a2ba2872564d3e.jpg"], "captions": ["labels_correlogram.jpg", "labels.jpg"]}, "Mosaics": {"_type": "images/separated", "width": 1920, "height": 1920, "format": "jpg", "count": 3, "filenames": ["media/images/Mosaics_0_2ae0f5625fdd3dae02e4.jpg", "media/images/Mosaics_0_141fb82720c44ea8eab5.jpg", "media/images/Mosaics_0_6b4c5eb0bbf31ce5e6e5.jpg"], "captions": ["train_batch0.jpg", "train_batch1.jpg", "train_batch2.jpg"]}, "train/box_loss": 0.019307663664221764, "train/obj_loss": 0.04526648670434952, "train/cls_loss": 0.0022256227675825357, "metrics/precision": 0.5995810676501145, "metrics/recall": 0.37078205939070413, "metrics/mAP_0.5": 0.39021142402020464, "metrics/mAP_0.5:0.95": 0.2454295747292833, "val/box_loss": 0.02305557392537594, "val/obj_loss": 0.05161773040890694, "val/cls_loss": 0.0073603116907179356, "x/lr0": 0.006766, "x/lr1": 0.006766, "x/lr2": 0.006766, "_timestamp": 1662373831, "_runtime": 26567, "_step": 100, "BoundingBoxDebugger": {"_type": "images/separated", "width": 1344, "height": 768, "format": "png", "count": 16, "filenames": ["media/images/BoundingBoxDebugger_89_ee852353bbcffb6029db.png", "media/images/BoundingBoxDebugger_89_28dde4d61c956d308210.png", "media/images/BoundingBoxDebugger_89_88d4276bf909a7c8731b.png", "media/images/BoundingBoxDebugger_89_46b1609b3dd4b85a558d.png", "media/images/BoundingBoxDebugger_89_785003fd04f4c3107a64.png", "media/images/BoundingBoxDebugger_89_aa349ee51ea80cc2b241.png", "media/images/BoundingBoxDebugger_89_9e8873e8d2336f586820.png", "media/images/BoundingBoxDebugger_89_99e16d2ee1ef5e18040c.png", "media/images/BoundingBoxDebugger_89_3bee43b9efbb99b5fb9e.png", "media/images/BoundingBoxDebugger_89_f28b1174943aeb439e08.png", "media/images/BoundingBoxDebugger_89_53a50e2075a255998660.png", "media/images/BoundingBoxDebugger_89_a8a5e443f99e12afa31a.png", "media/images/BoundingBoxDebugger_89_21ce790b008bad74ff88.png", "media/images/BoundingBoxDebugger_89_c6d1f1fc21d90d736660.png", "media/images/BoundingBoxDebugger_89_0748d1034a65fcd21551.png", "media/images/BoundingBoxDebugger_89_07aed0bacafa44c48e27.png"], "captions": ["7d06fefd-f7be05a6.jpg", "a217361a-01b5b341.jpg", "a217361a-cdf174d7.jpg", "a2297c18-876eb30b.jpg", "a2300bf9-00000000.jpg", "a269d8cd-af4fc1d1.jpg", "a2881013-88cf91d5.jpg", "a293d57a-00000000.jpg", "a296eb41-691738fc.jpg", "a2ae40f3-00000000.jpg", "a2c6d74b-00000000.jpg", "a2c9376f-00000000.jpg", "a2d1b2be-d0ddcd7d.jpg", "a3025d3c-00000000.jpg", "a316282d-0e90097d.jpg", "a316362b-00000000.jpg"], "all_boxes": [{"predictions": {"_type": "boxes2D", "sha256": "296bb03102999141dce1c39d592631c9087e2062de97bddccc0b2115adfacc9a", "size": 37563, "path": "media/metadata/boxes2D/BoundingBoxDebugger_89_296bb03102999141dce1.boxes2D.json"}}, {"predictions": {"_type": "boxes2D", "sha256": "10a5c5ec2d146325b15bdaa97a2d3b21ea8d7b70786f62ffaf3ccd3ddbde6686", "size": 56594, "path": "media/metadata/boxes2D/BoundingBoxDebugger_89_10a5c5ec2d146325b15b.boxes2D.json"}}, {"predictions": {"_type": "boxes2D", "sha256": "8a1255e0a6217d494df88f16271197c03b23b0c82e1239c9574757c058af9723", "size": 52751, "path": "media/metadata/boxes2D/BoundingBoxDebugger_89_8a1255e0a6217d494df8.boxes2D.json"}}, {"predictions": {"_type": "boxes2D", "sha256": "f355aec36cbff305301f60efa2154217ae808f7c5b73e6a680a22c3ce2bc3d69", "size": 56454, "path": "media/metadata/boxes2D/BoundingBoxDebugger_89_f355aec36cbff305301f.boxes2D.json"}}, {"predictions": {"_type": "boxes2D", "sha256": "fa66e3b55857390753661386445d3087eafcb9afefc7751d47767a59b6d7a8f2", "size": 56975, "path": "media/metadata/boxes2D/BoundingBoxDebugger_89_fa66e3b5585739075366.boxes2D.json"}}, {"predictions": {"_type": "boxes2D", "sha256": "a387212a5089d9884f86a85c40f00ea089cc41a155bc6e026352ece07d6f2856", "size": 8693, "path": "media/metadata/boxes2D/BoundingBoxDebugger_89_a387212a5089d9884f86.boxes2D.json"}}, {"predictions": {"_type": "boxes2D", "sha256": "1cd46a379eac5fa8fba5d344bff11b7a39bbcbca977a7e84f4e2f91b18d9548c", "size": 26831, "path": "media/metadata/boxes2D/BoundingBoxDebugger_89_1cd46a379eac5fa8fba5.boxes2D.json"}}, {"predictions": {"_type": "boxes2D", "sha256": "10654e62b43b3e07125479886625d04c0af8b68a3eea44283c90d26261562e2e", "size": 15319, "path": "media/metadata/boxes2D/BoundingBoxDebugger_89_10654e62b43b3e071254.boxes2D.json"}}, {"predictions": {"_type": "boxes2D", "sha256": "396dff196c9e086c0145168822b9d3e79ee34069840dd52a6c0f667d845a73c7", "size": 51457, "path": "media/metadata/boxes2D/BoundingBoxDebugger_89_396dff196c9e086c0145.boxes2D.json"}}, {"predictions": {"_type": "boxes2D", "sha256": "6bd0d8e5ce1a741cea223ec5c3d468154a6c8ec024e91bb53ef4f8e55906f9bc", "size": 56663, "path": "media/metadata/boxes2D/BoundingBoxDebugger_89_6bd0d8e5ce1a741cea22.boxes2D.json"}}, {"predictions": {"_type": "boxes2D", "sha256": "099e14190ab92fe3f720e5a244dbb5b0eb9ddabbe7eacab3543e3bd84fed6d05", "size": 57010, "path": "media/metadata/boxes2D/BoundingBoxDebugger_89_099e14190ab92fe3f720.boxes2D.json"}}, {"predictions": {"_type": "boxes2D", "sha256": "261d994946d0bf9a1c28b1ba17948ff31bdd241729401b6e82f38b32e70d35ce", "size": 17661, "path": "media/metadata/boxes2D/BoundingBoxDebugger_89_261d994946d0bf9a1c28.boxes2D.json"}}, {"predictions": {"_type": "boxes2D", "sha256": "d3293daafaa018db52fddacd4a6523d468d86e41f09e81a7ffe1b0f185540e94", "size": 32215, "path": "media/metadata/boxes2D/BoundingBoxDebugger_89_d3293daafaa018db52fd.boxes2D.json"}}, {"predictions": {"_type": "boxes2D", "sha256": "1a27d47d546764e72801b51be24ba7d72b3873ec6aa0b2a90cb4a8d32afb3818", "size": 47894, "path": "media/metadata/boxes2D/BoundingBoxDebugger_89_1a27d47d546764e72801.boxes2D.json"}}, {"predictions": {"_type": "boxes2D", "sha256": "d05f520b4eedbf8688b72fb3cb582c6189b0f6a4fdc6602f4bb0e12d6d5b08b2", "size": 20036, "path": "media/metadata/boxes2D/BoundingBoxDebugger_89_d05f520b4eedbf8688b7.boxes2D.json"}}, {"predictions": {"_type": "boxes2D", "sha256": "3888ee0d6a4093ea1463292baf21a06044fb06cb4a7a215b4b2b28ab10a42719", "size": 34826, "path": "media/metadata/boxes2D/BoundingBoxDebugger_89_3888ee0d6a4093ea1463.boxes2D.json"}}]}, "Validation": {"_type": "images/separated", "width": 1920, "height": 1100, "format": "jpg", "count": 6, "filenames": ["media/images/Validation_100_16851127fed0319052e2.jpg", "media/images/Validation_100_42b1e9f53808f6409d90.jpg", "media/images/Validation_100_90cb3e1fc03ef97f8783.jpg", "media/images/Validation_100_d18edb539659202ca790.jpg", "media/images/Validation_100_c7bb9755ae28184a548f.jpg", "media/images/Validation_100_1d656b855d0f3430b971.jpg"], "captions": ["val_batch0_labels.jpg", "val_batch0_pred.jpg", "val_batch1_labels.jpg", "val_batch1_pred.jpg", "val_batch2_labels.jpg", "val_batch2_pred.jpg"]}, "Results": {"_type": "images/separated", "width": 2400, "height": 1200, "format": "png", "count": 6, "filenames": ["media/images/Results_100_0f1524fe4cf36c3d1334.png", "media/images/Results_100_4d9d9ce1f158e37c4a14.png", "media/images/Results_100_120639d8c611ff49930a.png", "media/images/Results_100_2eff02366dd86fcedca2.png", "media/images/Results_100_247ee54579869f9e4ca6.png", "media/images/Results_100_916c6bc94ce956411f92.png"], "captions": ["results.png", "confusion_matrix.png", "F1_curve.png", "PR_curve.png", "P_curve.png", "R_curve.png"]}, "_wandb": {"runtime": 26567}}