{"best/epoch": 104, "best/precision": 0.6633406188903621, "best/recall": 0.3521806333770038, "best/mAP_0.5": 0.3901759214853766, "best/mAP_0.5:0.95": 0.24269187099593773, "Labels": {"_type": "images/separated", "width": 2000, "height": 2000, "format": "jpg", "count": 2, "filenames": ["media/images/Labels_0_014b32c1c455ba565211.jpg", "media/images/Labels_0_e686cf0ffef4ef07bc11.jpg"], "captions": ["labels_correlogram.jpg", "labels.jpg"]}, "Mosaics": {"_type": "images/separated", "width": 1920, "height": 1920, "format": "jpg", "count": 3, "filenames": ["media/images/Mosaics_0_24990470dca583371b16.jpg", "media/images/Mosaics_0_e9dbdb75187728f9fe83.jpg", "media/images/Mosaics_0_7c1ce69cfd78b4946d93.jpg"], "captions": ["train_batch0.jpg", "train_batch1.jpg", "train_batch2.jpg"]}, "train/box_loss": 0.03716125339269638, "train/obj_loss": 0.050476983189582825, "train/cls_loss": 0.0034499401226639748, "metrics/precision": 0.66309611474067, "metrics/recall": 0.35040167128831057, "metrics/mAP_0.5": 0.39015925641180743, "metrics/mAP_0.5:0.95": 0.24232328317884871, "val/box_loss": 0.04198257625102997, "val/obj_loss": 0.06328126788139343, "val/cls_loss": 0.00845213420689106, "x/lr0": 0.004951, "x/lr1": 0.004951, "x/lr2": 0.004951, "_timestamp": 1659853606, "_runtime": 21737, "_step": 155, "BoundingBoxDebugger": {"_type": "images/separated", "width": 1344, "height": 768, "format": "png", "count": 16, "filenames": ["media/images/BoundingBoxDebugger_149_ee852353bbcffb6029db.png", "media/images/BoundingBoxDebugger_149_28dde4d61c956d308210.png", "media/images/BoundingBoxDebugger_149_88d4276bf909a7c8731b.png", "media/images/BoundingBoxDebugger_149_46b1609b3dd4b85a558d.png", "media/images/BoundingBoxDebugger_149_785003fd04f4c3107a64.png", "media/images/BoundingBoxDebugger_149_aa349ee51ea80cc2b241.png", "media/images/BoundingBoxDebugger_149_9e8873e8d2336f586820.png", "media/images/BoundingBoxDebugger_149_99e16d2ee1ef5e18040c.png", "media/images/BoundingBoxDebugger_149_3bee43b9efbb99b5fb9e.png", "media/images/BoundingBoxDebugger_149_f28b1174943aeb439e08.png", "media/images/BoundingBoxDebugger_149_53a50e2075a255998660.png", "media/images/BoundingBoxDebugger_149_a8a5e443f99e12afa31a.png", "media/images/BoundingBoxDebugger_149_21ce790b008bad74ff88.png", "media/images/BoundingBoxDebugger_149_c6d1f1fc21d90d736660.png", "media/images/BoundingBoxDebugger_149_0748d1034a65fcd21551.png", "media/images/BoundingBoxDebugger_149_07aed0bacafa44c48e27.png"], "captions": ["7d06fefd-f7be05a6.jpg", "a217361a-01b5b341.jpg", "a217361a-cdf174d7.jpg", "a2297c18-876eb30b.jpg", "a2300bf9-00000000.jpg", "a269d8cd-af4fc1d1.jpg", "a2881013-88cf91d5.jpg", "a293d57a-00000000.jpg", "a296eb41-691738fc.jpg", "a2ae40f3-00000000.jpg", "a2c6d74b-00000000.jpg", "a2c9376f-00000000.jpg", "a2d1b2be-d0ddcd7d.jpg", "a3025d3c-00000000.jpg", "a316282d-0e90097d.jpg", "a316362b-00000000.jpg"], "all_boxes": [{"predictions": {"_type": "boxes2D", "sha256": "ff5d332c70e9354b407f073928770041d295b0650850d4c82b761dd6e5d5c887", "size": 29931, "path": "media/metadata/boxes2D/BoundingBoxDebugger_149_ff5d332c70e9354b407f.boxes2D.json"}}, {"predictions": {"_type": "boxes2D", "sha256": "53ecf528287f011effa168cb4cf7a09ee291f30f104a82be5c6d04ec8c47c7d8", "size": 56673, "path": "media/metadata/boxes2D/BoundingBoxDebugger_149_53ecf528287f011effa1.boxes2D.json"}}, {"predictions": {"_type": "boxes2D", "sha256": "370a226dede15cecae6b293ca42e14d2ddd7cc1d4b525885ca8d15ee1a70004a", "size": 56574, "path": "media/metadata/boxes2D/BoundingBoxDebugger_149_370a226dede15cecae6b.boxes2D.json"}}, {"predictions": {"_type": "boxes2D", "sha256": "9d92a634ddcf521e93d6d0478723ed86b2d2d0dc9cb60437bb86f9d73d005561", "size": 56579, "path": "media/metadata/boxes2D/BoundingBoxDebugger_149_9d92a634ddcf521e93d6.boxes2D.json"}}, {"predictions": {"_type": "boxes2D", "sha256": "2dca337c1d11cc376902c518af854ddbcf3a19c7bc1339a8469e5b224750f1c6", "size": 56890, "path": "media/metadata/boxes2D/BoundingBoxDebugger_149_2dca337c1d11cc376902.boxes2D.json"}}, {"predictions": {"_type": "boxes2D", "sha256": "8e9f4cc47717ec936875fc0d184d5b036c36872691c71398d1bfe6ac40fc9dad", "size": 4739, "path": "media/metadata/boxes2D/BoundingBoxDebugger_149_8e9f4cc47717ec936875.boxes2D.json"}}, {"predictions": {"_type": "boxes2D", "sha256": "5548874c46fdb880631b7960e06dcfd437dbab7dc8bcc4b6a024cb76d5818627", "size": 27246, "path": "media/metadata/boxes2D/BoundingBoxDebugger_149_5548874c46fdb880631b.boxes2D.json"}}, {"predictions": {"_type": "boxes2D", "sha256": "a844304198fadc2cbbc9e05d91335fd2e1e89e8c02f690df109f1b9c46f7f4e1", "size": 11982, "path": "media/metadata/boxes2D/BoundingBoxDebugger_149_a844304198fadc2cbbc9.boxes2D.json"}}, {"predictions": {"_type": "boxes2D", "sha256": "1804a4010911f699577d4b50860baf63ac5fec284978589b0a505cd0e9b910c3", "size": 29477, "path": "media/metadata/boxes2D/BoundingBoxDebugger_149_1804a4010911f699577d.boxes2D.json"}}, {"predictions": {"_type": "boxes2D", "sha256": "68ba1ce1e5815a6c432796eb85f92090ce413a1c31c8d425a8c8ec4de1c98a58", "size": 56829, "path": "media/metadata/boxes2D/BoundingBoxDebugger_149_68ba1ce1e5815a6c4327.boxes2D.json"}}, {"predictions": {"_type": "boxes2D", "sha256": "e02c63700f8ed8b9f8c32fe10585f3fae0f97a920a288217ca7bdfaf700b3e42", "size": 37109, "path": "media/metadata/boxes2D/BoundingBoxDebugger_149_e02c63700f8ed8b9f8c3.boxes2D.json"}}, {"predictions": {"_type": "boxes2D", "sha256": "1a50456f9327be771d2fcd8bae02ce406ab38a8e376fa6dc0f6a893db7a180e1", "size": 14824, "path": "media/metadata/boxes2D/BoundingBoxDebugger_149_1a50456f9327be771d2f.boxes2D.json"}}, {"predictions": {"_type": "boxes2D", "sha256": "f21a254c9e9cb989c9fad6d3cc5c57baa8a69c0c11bea472483c392f5c6d2139", "size": 24625, "path": "media/metadata/boxes2D/BoundingBoxDebugger_149_f21a254c9e9cb989c9fa.boxes2D.json"}}, {"predictions": {"_type": "boxes2D", "sha256": "8c48494d60cf9014b7360ac0bc0192b8583c59e9734323882a67f75d8940b39f", "size": 21233, "path": "media/metadata/boxes2D/BoundingBoxDebugger_149_8c48494d60cf9014b736.boxes2D.json"}}, {"predictions": {"_type": "boxes2D", "sha256": "5432c0eae6fab19bbd0247eb9dc804343b7e12f3958cb78163767c2ab8ef87c1", "size": 18328, "path": "media/metadata/boxes2D/BoundingBoxDebugger_149_5432c0eae6fab19bbd02.boxes2D.json"}}, {"predictions": {"_type": "boxes2D", "sha256": "624a0c05eb17f350afd64a9f12706156e9f81717852a01bc523821c14f5fae55", "size": 34034, "path": "media/metadata/boxes2D/BoundingBoxDebugger_149_624a0c05eb17f350afd6.boxes2D.json"}}]}, "Validation": {"_type": "images/separated", "width": 1920, "height": 1100, "format": "jpg", "count": 6, "filenames": ["media/images/Validation_155_69d317ec8430c32cf939.jpg", "media/images/Validation_155_d4ef4998b4886e350a4f.jpg", "media/images/Validation_155_b392abaf6d9dee0f0f95.jpg", "media/images/Validation_155_61d1918a88b6bd81a040.jpg", "media/images/Validation_155_7083518b32e3ee2d3dd7.jpg", "media/images/Validation_155_89298c9abf876d008735.jpg"], "captions": ["val_batch0_labels.jpg", "val_batch0_pred.jpg", "val_batch1_labels.jpg", "val_batch1_pred.jpg", "val_batch2_labels.jpg", "val_batch2_pred.jpg"]}, "Results": {"_type": "images/separated", "width": 2400, "height": 1200, "format": "png", "count": 6, "filenames": ["media/images/Results_155_bac8cd6aa460e319fc99.png", "media/images/Results_155_039427ad4ca1e77ed1c1.png", "media/images/Results_155_4408460f4595711d9f63.png", "media/images/Results_155_a965ce45256b2230160b.png", "media/images/Results_155_a48cb6d8a1635cb1f04c.png", "media/images/Results_155_63c4798ccec66d4537fe.png"], "captions": ["results.png", "confusion_matrix.png", "F1_curve.png", "PR_curve.png", "P_curve.png", "R_curve.png"]}, "_wandb": {"runtime": 21738}}