{"best/epoch": 37, "best/precision": 0.5232828206411578, "best/recall": 0.36535587262419084, "best/mAP_0.5": 0.3928675630113676, "best/mAP_0.5:0.95": 0.2442696145355326, "Labels": {"_type": "images/separated", "width": 2000, "height": 2000, "format": "jpg", "count": 2, "filenames": ["media/images/Labels_0_8059343e5bf315474f36.jpg", "media/images/Labels_0_0864f9070e492f1e2aa9.jpg"], "captions": ["labels_correlogram.jpg", "labels.jpg"]}, "Mosaics": {"_type": "images/separated", "width": 1920, "height": 1920, "format": "jpg", "count": 3, "filenames": ["media/images/Mosaics_0_17df4d9467073f6504eb.jpg", "media/images/Mosaics_0_815574212f63869f3012.jpg", "media/images/Mosaics_0_376efbf17a536e7e6898.jpg"], "captions": ["train_batch0.jpg", "train_batch1.jpg", "train_batch2.jpg"]}, "train/box_loss": 0.04229145497083664, "train/obj_loss": 0.06634396314620972, "train/cls_loss": 0.006136646494269371, "metrics/precision": 0.5233617308148408, "metrics/recall": 0.36538234532237845, "metrics/mAP_0.5": 0.3930906587939444, "metrics/mAP_0.5:0.95": 0.24450319502950837, "val/box_loss": 0.04513309523463249, "val/obj_loss": 0.061471518129110336, "val/cls_loss": 0.007793664000928402, "x/lr0": 0.007162000000000001, "x/lr1": 0.007162000000000001, "x/lr2": 0.007162000000000001, "_timestamp": 1662018512, "_runtime": 19338, "_step": 88, "BoundingBoxDebugger": {"_type": "images/separated", "width": 1344, "height": 768, "format": "png", "count": 16, "filenames": ["media/images/BoundingBoxDebugger_59_ee852353bbcffb6029db.png", "media/images/BoundingBoxDebugger_59_28dde4d61c956d308210.png", "media/images/BoundingBoxDebugger_59_88d4276bf909a7c8731b.png", "media/images/BoundingBoxDebugger_59_46b1609b3dd4b85a558d.png", "media/images/BoundingBoxDebugger_59_785003fd04f4c3107a64.png", "media/images/BoundingBoxDebugger_59_aa349ee51ea80cc2b241.png", "media/images/BoundingBoxDebugger_59_9e8873e8d2336f586820.png", "media/images/BoundingBoxDebugger_59_99e16d2ee1ef5e18040c.png", "media/images/BoundingBoxDebugger_59_3bee43b9efbb99b5fb9e.png", "media/images/BoundingBoxDebugger_59_f28b1174943aeb439e08.png", "media/images/BoundingBoxDebugger_59_53a50e2075a255998660.png", "media/images/BoundingBoxDebugger_59_a8a5e443f99e12afa31a.png", "media/images/BoundingBoxDebugger_59_21ce790b008bad74ff88.png", "media/images/BoundingBoxDebugger_59_c6d1f1fc21d90d736660.png", "media/images/BoundingBoxDebugger_59_0748d1034a65fcd21551.png", "media/images/BoundingBoxDebugger_59_07aed0bacafa44c48e27.png"], "captions": ["7d06fefd-f7be05a6.jpg", "a217361a-01b5b341.jpg", "a217361a-cdf174d7.jpg", "a2297c18-876eb30b.jpg", "a2300bf9-00000000.jpg", "a269d8cd-af4fc1d1.jpg", "a2881013-88cf91d5.jpg", "a293d57a-00000000.jpg", "a296eb41-691738fc.jpg", "a2ae40f3-00000000.jpg", "a2c6d74b-00000000.jpg", "a2c9376f-00000000.jpg", "a2d1b2be-d0ddcd7d.jpg", "a3025d3c-00000000.jpg", "a316282d-0e90097d.jpg", "a316362b-00000000.jpg"], "all_boxes": [{"predictions": {"_type": "boxes2D", "sha256": "37295be37443eec05b5320ba1d9cf4355deb002593874a4ef75a74b1655954e6", "size": 37276, "path": "media/metadata/boxes2D/BoundingBoxDebugger_59_37295be37443eec05b53.boxes2D.json"}}, {"predictions": {"_type": "boxes2D", "sha256": "c7e8b6d5cddf7fcc30a3c633d3d702777834e66419ddd6550a790488717b5e84", "size": 56428, "path": "media/metadata/boxes2D/BoundingBoxDebugger_59_c7e8b6d5cddf7fcc30a3.boxes2D.json"}}, {"predictions": {"_type": "boxes2D", "sha256": "2db10f9a18ab86c59c92eab0ab7ef821758573de2c3efafa0d80d756a95c7f6c", "size": 56332, "path": "media/metadata/boxes2D/BoundingBoxDebugger_59_2db10f9a18ab86c59c92.boxes2D.json"}}, {"predictions": {"_type": "boxes2D", "sha256": "a2f0e24e1309ecc8ee9ea6079ec993ef24cf7d0df6199147a05633f2afef8958", "size": 56305, "path": "media/metadata/boxes2D/BoundingBoxDebugger_59_a2f0e24e1309ecc8ee9e.boxes2D.json"}}, {"predictions": {"_type": "boxes2D", "sha256": "e7d78533fe359084c41a8741d48c3a2c0f6af4bd6a64006dcebfde5896ef12bf", "size": 56566, "path": "media/metadata/boxes2D/BoundingBoxDebugger_59_e7d78533fe359084c41a.boxes2D.json"}}, {"predictions": {"_type": "boxes2D", "sha256": "8ba4066c16d611f0b802adda72b4a0036fe916ead31527eff479900d5e211e12", "size": 8505, "path": "media/metadata/boxes2D/BoundingBoxDebugger_59_8ba4066c16d611f0b802.boxes2D.json"}}, {"predictions": {"_type": "boxes2D", "sha256": "437481aa6a1d921a79dc259c08ef759438aab71503d9842318968b1c39ac3b89", "size": 35177, "path": "media/metadata/boxes2D/BoundingBoxDebugger_59_437481aa6a1d921a79dc.boxes2D.json"}}, {"predictions": {"_type": "boxes2D", "sha256": "1a7e4a0a394207d529f645c1efd962eb925aea24b172a197c3c3888b72f5bc52", "size": 16264, "path": "media/metadata/boxes2D/BoundingBoxDebugger_59_1a7e4a0a394207d529f6.boxes2D.json"}}, {"predictions": {"_type": "boxes2D", "sha256": "3ebed8d9ed74d84ab998649e9a8f406b7cf485356e37c3f8c62d801b9b73812b", "size": 46900, "path": "media/metadata/boxes2D/BoundingBoxDebugger_59_3ebed8d9ed74d84ab998.boxes2D.json"}}, {"predictions": {"_type": "boxes2D", "sha256": "9d80f29f30d55849e0d782c38daaef7b00844ede5a1f2d26e2b73f1cc31b8a27", "size": 56591, "path": "media/metadata/boxes2D/BoundingBoxDebugger_59_9d80f29f30d55849e0d7.boxes2D.json"}}, {"predictions": {"_type": "boxes2D", "sha256": "1b5b7ff34dec739a82bce60d4201213b673d4558f060c48dd2d4c69f89d92d0a", "size": 48185, "path": "media/metadata/boxes2D/BoundingBoxDebugger_59_1b5b7ff34dec739a82bc.boxes2D.json"}}, {"predictions": {"_type": "boxes2D", "sha256": "4738ec6ea520d994f008cafdb726446f196129785fc3519f4ccc7b02e68f960e", "size": 34083, "path": "media/metadata/boxes2D/BoundingBoxDebugger_59_4738ec6ea520d994f008.boxes2D.json"}}, {"predictions": {"_type": "boxes2D", "sha256": "e210ac03f678d17cc6a4b4cabefc0a01770e43bcbec4647cadb49f173935c4bb", "size": 33696, "path": "media/metadata/boxes2D/BoundingBoxDebugger_59_e210ac03f678d17cc6a4.boxes2D.json"}}, {"predictions": {"_type": "boxes2D", "sha256": "e26246e68be7b2cf76c3920a8ce70e35a8260870f6ee6d9815e4d8331baa41d4", "size": 44762, "path": "media/metadata/boxes2D/BoundingBoxDebugger_59_e26246e68be7b2cf76c3.boxes2D.json"}}, {"predictions": {"_type": "boxes2D", "sha256": "852e58db362ded7743a8983562c3fd9ccf52d02a00e8ae24a56afad734846a35", "size": 35407, "path": "media/metadata/boxes2D/BoundingBoxDebugger_59_852e58db362ded7743a8.boxes2D.json"}}, {"predictions": {"_type": "boxes2D", "sha256": "6497f709edcf62a638718ae49f0b24f4be47854b59f65873c0b9ce44873810e0", "size": 54961, "path": "media/metadata/boxes2D/BoundingBoxDebugger_59_6497f709edcf62a63871.boxes2D.json"}}]}, "Validation": {"_type": "images/separated", "width": 1920, "height": 1100, "format": "jpg", "count": 6, "filenames": ["media/images/Validation_88_69d317ec8430c32cf939.jpg", "media/images/Validation_88_1e4b2f9e3fb0f3cf8d96.jpg", "media/images/Validation_88_b392abaf6d9dee0f0f95.jpg", "media/images/Validation_88_9ae8d4e985dc48c8f094.jpg", "media/images/Validation_88_7083518b32e3ee2d3dd7.jpg", "media/images/Validation_88_f48185fe93ef5c3c860c.jpg"], "captions": ["val_batch0_labels.jpg", "val_batch0_pred.jpg", "val_batch1_labels.jpg", "val_batch1_pred.jpg", "val_batch2_labels.jpg", "val_batch2_pred.jpg"]}, "Results": {"_type": "images/separated", "width": 2400, "height": 1200, "format": "png", "count": 6, "filenames": ["media/images/Results_88_9644c913fdf1cb75268f.png", "media/images/Results_88_1200f662ef031788ddff.png", "media/images/Results_88_d82ba6cfe569c2a95416.png", "media/images/Results_88_bc92b2dd8b4397eb61df.png", "media/images/Results_88_7276e6e08aa82362ea1e.png", "media/images/Results_88_e289b78ff493de2e9afb.png"], "captions": ["results.png", "confusion_matrix.png", "F1_curve.png", "PR_curve.png", "P_curve.png", "R_curve.png"]}, "_wandb": {"runtime": 19339}}