{"best/epoch": 2, "best/precision": 0.8644394526276571, "best/recall": 0.16910141170392373, "best/mAP_0.5": 0.22548606512356964, "best/mAP_0.5:0.95": 0.11725376708614701, "Labels": {"_type": "images/separated", "width": 2000, "height": 2000, "format": "jpg", "count": 2, "filenames": ["media/images/Labels_0_3164a3ccd1f0d0e9dc95.jpg", "media/images/Labels_0_3bfe1c2fda7954621b22.jpg"], "captions": ["labels_correlogram.jpg", "labels.jpg"]}, "Mosaics": {"_type": "images/separated", "width": 1920, "height": 1920, "format": "jpg", "count": 3, "filenames": ["media/images/Mosaics_0_80052560d2ae1cb01938.jpg", "media/images/Mosaics_0_3c42505324fe33444e75.jpg", "media/images/Mosaics_0_76e121542c07119c6c8e.jpg"], "captions": ["train_batch0.jpg", "train_batch1.jpg", "train_batch2.jpg"]}, "train/box_loss": 0.06211896613240242, "train/obj_loss": 0.07114586234092712, "train/cls_loss": 0.0130488695576787, "metrics/precision": 0.8644394526276571, "metrics/recall": 0.16910141170392373, "metrics/mAP_0.5": 0.22548606512356964, "metrics/mAP_0.5:0.95": 0.11725376708614701, "val/box_loss": 0.05355032905936241, "val/obj_loss": 0.0678480789065361, "val/cls_loss": 0.010981027036905289, "x/lr0": 0.010002543378995435, "x/lr1": 0.009926439878234399, "x/lr2": 0.009926439878234399, "_timestamp": 1659830958, "_runtime": 491, "_step": 2}