{"best/epoch": 24, "best/precision": 0.6325899297251464, "best/recall": 0.3287015239110222, "best/mAP_0.5": 0.38591342337593865, "best/mAP_0.5:0.95": 0.23856536441590945, "Labels": {"_type": "images/separated", "width": 2000, "height": 2000, "format": "jpg", "count": 2, "filenames": ["media/images/Labels_0_8270a4f85aa020e9d122.jpg", "media/images/Labels_0_97f689a2ba2872564d3e.jpg"], "captions": ["labels_correlogram.jpg", "labels.jpg"]}, "Mosaics": {"_type": "images/separated", "width": 1920, "height": 1920, "format": "jpg", "count": 3, "filenames": ["media/images/Mosaics_0_ab217304724727dd319e.jpg", "media/images/Mosaics_0_6365698dc0ec6871e6e1.jpg", "media/images/Mosaics_0_57d3aef66184bb72e955.jpg"], "captions": ["train_batch0.jpg", "train_batch1.jpg", "train_batch2.jpg"]}, "train/box_loss": 0.02027950808405876, "train/obj_loss": 0.027296971529722214, "train/cls_loss": 0.002182180294767022, "metrics/precision": 0.6328080163234426, "metrics/recall": 0.32838922720891117, "metrics/mAP_0.5": 0.3858946948290037, "metrics/mAP_0.5:0.95": 0.23844045956210932, "val/box_loss": 0.02407323755323887, "val/obj_loss": 0.052443280816078186, "val/cls_loss": 0.007659181021153927, "x/lr0": 0.007590999999999999, "x/lr1": 0.007590999999999999, "x/lr2": 0.007590999999999999, "_timestamp": 1662393747, "_runtime": 19893, "_step": 75, "BoundingBoxDebugger": {"_type": "images/separated", "width": 1344, "height": 768, "format": "png", "count": 16, "filenames": ["media/images/BoundingBoxDebugger_59_ee852353bbcffb6029db.png", "media/images/BoundingBoxDebugger_59_28dde4d61c956d308210.png", "media/images/BoundingBoxDebugger_59_88d4276bf909a7c8731b.png", "media/images/BoundingBoxDebugger_59_46b1609b3dd4b85a558d.png", "media/images/BoundingBoxDebugger_59_785003fd04f4c3107a64.png", "media/images/BoundingBoxDebugger_59_aa349ee51ea80cc2b241.png", "media/images/BoundingBoxDebugger_59_9e8873e8d2336f586820.png", "media/images/BoundingBoxDebugger_59_99e16d2ee1ef5e18040c.png", "media/images/BoundingBoxDebugger_59_3bee43b9efbb99b5fb9e.png", "media/images/BoundingBoxDebugger_59_f28b1174943aeb439e08.png", "media/images/BoundingBoxDebugger_59_53a50e2075a255998660.png", "media/images/BoundingBoxDebugger_59_a8a5e443f99e12afa31a.png", "media/images/BoundingBoxDebugger_59_21ce790b008bad74ff88.png", "media/images/BoundingBoxDebugger_59_c6d1f1fc21d90d736660.png", "media/images/BoundingBoxDebugger_59_0748d1034a65fcd21551.png", "media/images/BoundingBoxDebugger_59_07aed0bacafa44c48e27.png"], "captions": ["7d06fefd-f7be05a6.jpg", "a217361a-01b5b341.jpg", "a217361a-cdf174d7.jpg", "a2297c18-876eb30b.jpg", "a2300bf9-00000000.jpg", "a269d8cd-af4fc1d1.jpg", "a2881013-88cf91d5.jpg", "a293d57a-00000000.jpg", "a296eb41-691738fc.jpg", "a2ae40f3-00000000.jpg", "a2c6d74b-00000000.jpg", "a2c9376f-00000000.jpg", "a2d1b2be-d0ddcd7d.jpg", "a3025d3c-00000000.jpg", "a316282d-0e90097d.jpg", "a316362b-00000000.jpg"], "all_boxes": [{"predictions": {"_type": "boxes2D", "sha256": "01cef9ff7c5ad9bc1ee0e2298c216714af58d61902ebed1c00af1e88e4d75dc8", "size": 42828, "path": "media/metadata/boxes2D/BoundingBoxDebugger_59_01cef9ff7c5ad9bc1ee0.boxes2D.json"}}, {"predictions": {"_type": "boxes2D", "sha256": "3ee1c5f2bd7658103bf040fc58d77f9b40d0dab9ab1b98bfbcae02737b5a779d", "size": 56681, "path": "media/metadata/boxes2D/BoundingBoxDebugger_59_3ee1c5f2bd7658103bf0.boxes2D.json"}}, {"predictions": {"_type": "boxes2D", "sha256": "ba3b0e33762043f0e3219da5f01de48deffd7a633b6654213ae6de96dec50768", "size": 56680, "path": "media/metadata/boxes2D/BoundingBoxDebugger_59_ba3b0e33762043f0e321.boxes2D.json"}}, {"predictions": {"_type": "boxes2D", "sha256": "ec2dc45536ab938ae3decf8f5290e2618b04fd47d0af5106a17c20150a537a9e", "size": 56596, "path": "media/metadata/boxes2D/BoundingBoxDebugger_59_ec2dc45536ab938ae3de.boxes2D.json"}}, {"predictions": {"_type": "boxes2D", "sha256": "24a0fe57ed5354ae622d63c95e550cf7ef0b196d2fec50194629d0e7fd984a6a", "size": 56702, "path": "media/metadata/boxes2D/BoundingBoxDebugger_59_24a0fe57ed5354ae622d.boxes2D.json"}}, {"predictions": {"_type": "boxes2D", "sha256": "d4acdb91121c5ecca8ac24a337c9df289b09ade6ce5a8fcb65848e6bfe9f13cb", "size": 18002, "path": "media/metadata/boxes2D/BoundingBoxDebugger_59_d4acdb91121c5ecca8ac.boxes2D.json"}}, {"predictions": {"_type": "boxes2D", "sha256": "92e8e8b2584f6c3ed9a9c28b0b95a0d8f4a57cc7a697a169c55ec073aeafc9cd", "size": 33475, "path": "media/metadata/boxes2D/BoundingBoxDebugger_59_92e8e8b2584f6c3ed9a9.boxes2D.json"}}, {"predictions": {"_type": "boxes2D", "sha256": "538a20f8c6ea1608f2be798b8881409e07238d32f32047899789ea0f4e6db7f4", "size": 14047, "path": "media/metadata/boxes2D/BoundingBoxDebugger_59_538a20f8c6ea1608f2be.boxes2D.json"}}, {"predictions": {"_type": "boxes2D", "sha256": "835831d75190357ddd337e5d7877da8d793f9b62697a0a608a38486d8f6aecbc", "size": 54099, "path": "media/metadata/boxes2D/BoundingBoxDebugger_59_835831d75190357ddd33.boxes2D.json"}}, {"predictions": {"_type": "boxes2D", "sha256": "769838f6398f1368e441949d1b35ca046d0ff663f789938168057f3c8c007b31", "size": 56639, "path": "media/metadata/boxes2D/BoundingBoxDebugger_59_769838f6398f1368e441.boxes2D.json"}}, {"predictions": {"_type": "boxes2D", "sha256": "33941956d4df4f5cd102d514c169a86549cbf9ce85a13e40de816e334a4e2f6c", "size": 55698, "path": "media/metadata/boxes2D/BoundingBoxDebugger_59_33941956d4df4f5cd102.boxes2D.json"}}, {"predictions": {"_type": "boxes2D", "sha256": "429ece29fffe45eaeaed7656dd3dbc68248b2e58d6879c153ab06c978ddd6442", "size": 23077, "path": "media/metadata/boxes2D/BoundingBoxDebugger_59_429ece29fffe45eaeaed.boxes2D.json"}}, {"predictions": {"_type": "boxes2D", "sha256": "624288ded29838b061b3acd94c9c9bcde79a1de6f6e2efab037163bd66fa1ea5", "size": 33045, "path": "media/metadata/boxes2D/BoundingBoxDebugger_59_624288ded29838b061b3.boxes2D.json"}}, {"predictions": {"_type": "boxes2D", "sha256": "7518a94cc9e40b5468ab468b31f0331cfd917beb4ab3208f4e54c55f48074332", "size": 56708, "path": "media/metadata/boxes2D/BoundingBoxDebugger_59_7518a94cc9e40b5468ab.boxes2D.json"}}, {"predictions": {"_type": "boxes2D", "sha256": "a3cf63b9b07fd129131b67b4ac7d2aca929cefc8e1e8098966b449cdd5c17e2c", "size": 19012, "path": "media/metadata/boxes2D/BoundingBoxDebugger_59_a3cf63b9b07fd129131b.boxes2D.json"}}, {"predictions": {"_type": "boxes2D", "sha256": "1ea71eebf11e20f98c33de56a6d980a65fdee5e74d872e6bf7e83f0f188eb7d6", "size": 34143, "path": "media/metadata/boxes2D/BoundingBoxDebugger_59_1ea71eebf11e20f98c33.boxes2D.json"}}]}, "Validation": {"_type": "images/separated", "width": 1920, "height": 1100, "format": "jpg", "count": 6, "filenames": ["media/images/Validation_75_16851127fed0319052e2.jpg", "media/images/Validation_75_d9e144f1a72250ae3965.jpg", "media/images/Validation_75_90cb3e1fc03ef97f8783.jpg", "media/images/Validation_75_a6393c9fa0950fd1c196.jpg", "media/images/Validation_75_c7bb9755ae28184a548f.jpg", "media/images/Validation_75_124fa5947a7fc1df108e.jpg"], "captions": ["val_batch0_labels.jpg", "val_batch0_pred.jpg", "val_batch1_labels.jpg", "val_batch1_pred.jpg", "val_batch2_labels.jpg", "val_batch2_pred.jpg"]}, "Results": {"_type": "images/separated", "width": 2400, "height": 1200, "format": "png", "count": 6, "filenames": ["media/images/Results_75_5c8902a04c0e5371bff2.png", "media/images/Results_75_8c277d4055d883098dbe.png", "media/images/Results_75_147ede668c12401c6c47.png", "media/images/Results_75_960a89af88d2b6f7d501.png", "media/images/Results_75_a7d7ba671a0ac7ac8a32.png", "media/images/Results_75_6ab23afec0c02fe44b8e.png"], "captions": ["results.png", "confusion_matrix.png", "F1_curve.png", "PR_curve.png", "P_curve.png", "R_curve.png"]}, "_wandb": {"runtime": 19894}}