{"best/epoch": 21, "best/precision": 0.7122653981315674, "best/recall": 0.34958052085434393, "best/mAP_0.5": 0.37965757835328273, "best/mAP_0.5:0.95": 0.23147366060531036, "Labels": {"_type": "images/separated", "width": 2000, "height": 2000, "format": "jpg", "count": 2, "filenames": ["media/images/Labels_0_8270a4f85aa020e9d122.jpg", "media/images/Labels_0_97f689a2ba2872564d3e.jpg"], "captions": ["labels_correlogram.jpg", "labels.jpg"]}, "Mosaics": {"_type": "images/separated", "width": 1920, "height": 1920, "format": "jpg", "count": 3, "filenames": ["media/images/Mosaics_0_ab217304724727dd319e.jpg", "media/images/Mosaics_0_6365698dc0ec6871e6e1.jpg", "media/images/Mosaics_0_57d3aef66184bb72e955.jpg"], "captions": ["train_batch0.jpg", "train_batch1.jpg", "train_batch2.jpg"]}, "train/box_loss": 0.020304547622799873, "train/obj_loss": 0.027394011616706848, "train/cls_loss": 0.0022506918758153915, "metrics/precision": 0.7150739343624177, "metrics/recall": 0.3529001943426816, "metrics/mAP_0.5": 0.38028633534378586, "metrics/mAP_0.5:0.95": 0.2312543795359545, "val/box_loss": 0.024587802588939667, "val/obj_loss": 0.05323835834860802, "val/cls_loss": 0.007568756118416786, "x/lr0": 0.007689999999999999, "x/lr1": 0.007689999999999999, "x/lr2": 0.007689999999999999, "_timestamp": 1662376770, "_runtime": 18981, "_step": 72, "BoundingBoxDebugger": {"_type": "images/separated", "width": 1344, "height": 768, "format": "png", "count": 16, "filenames": ["media/images/BoundingBoxDebugger_59_ee852353bbcffb6029db.png", "media/images/BoundingBoxDebugger_59_28dde4d61c956d308210.png", "media/images/BoundingBoxDebugger_59_88d4276bf909a7c8731b.png", "media/images/BoundingBoxDebugger_59_46b1609b3dd4b85a558d.png", "media/images/BoundingBoxDebugger_59_785003fd04f4c3107a64.png", "media/images/BoundingBoxDebugger_59_aa349ee51ea80cc2b241.png", "media/images/BoundingBoxDebugger_59_9e8873e8d2336f586820.png", "media/images/BoundingBoxDebugger_59_99e16d2ee1ef5e18040c.png", "media/images/BoundingBoxDebugger_59_3bee43b9efbb99b5fb9e.png", "media/images/BoundingBoxDebugger_59_f28b1174943aeb439e08.png", "media/images/BoundingBoxDebugger_59_53a50e2075a255998660.png", "media/images/BoundingBoxDebugger_59_a8a5e443f99e12afa31a.png", "media/images/BoundingBoxDebugger_59_21ce790b008bad74ff88.png", "media/images/BoundingBoxDebugger_59_c6d1f1fc21d90d736660.png", "media/images/BoundingBoxDebugger_59_0748d1034a65fcd21551.png", "media/images/BoundingBoxDebugger_59_07aed0bacafa44c48e27.png"], "captions": ["7d06fefd-f7be05a6.jpg", "a217361a-01b5b341.jpg", "a217361a-cdf174d7.jpg", "a2297c18-876eb30b.jpg", "a2300bf9-00000000.jpg", "a269d8cd-af4fc1d1.jpg", "a2881013-88cf91d5.jpg", "a293d57a-00000000.jpg", "a296eb41-691738fc.jpg", "a2ae40f3-00000000.jpg", "a2c6d74b-00000000.jpg", "a2c9376f-00000000.jpg", "a2d1b2be-d0ddcd7d.jpg", "a3025d3c-00000000.jpg", "a316282d-0e90097d.jpg", "a316362b-00000000.jpg"], "all_boxes": [{"predictions": {"_type": "boxes2D", "sha256": "1eadd51a869dd5b0a21a01be9bcc1366970a8cd681d39006a3fe310d1059e318", "size": 41059, "path": "media/metadata/boxes2D/BoundingBoxDebugger_59_1eadd51a869dd5b0a21a.boxes2D.json"}}, {"predictions": {"_type": "boxes2D", "sha256": "e0197185120303f57880c531327bbc3039c6001e7907d0cf5c27791f5d999b6c", "size": 52815, "path": "media/metadata/boxes2D/BoundingBoxDebugger_59_e0197185120303f57880.boxes2D.json"}}, {"predictions": {"_type": "boxes2D", "sha256": "5861ca6b5c133e674ede907ad8df8100ee887eb68620cc14e80f19257535b151", "size": 56731, "path": "media/metadata/boxes2D/BoundingBoxDebugger_59_5861ca6b5c133e674ede.boxes2D.json"}}, {"predictions": {"_type": "boxes2D", "sha256": "fb16c8b675fef467d2c2a63be710b86284270d06ef15165dbc18553bf57a87f4", "size": 56607, "path": "media/metadata/boxes2D/BoundingBoxDebugger_59_fb16c8b675fef467d2c2.boxes2D.json"}}, {"predictions": {"_type": "boxes2D", "sha256": "66ce869de34988d6f25c3d29c73dadd0e6ded850c401cc2598dfab6fff58863c", "size": 56864, "path": "media/metadata/boxes2D/BoundingBoxDebugger_59_66ce869de34988d6f25c.boxes2D.json"}}, {"predictions": {"_type": "boxes2D", "sha256": "a0a0ae655f9094bfc2cfe792dbcd2ccaeb4e771b936b8226aed8ff419f660d6a", "size": 7556, "path": "media/metadata/boxes2D/BoundingBoxDebugger_59_a0a0ae655f9094bfc2cf.boxes2D.json"}}, {"predictions": {"_type": "boxes2D", "sha256": "7420f7f46a50c8111d8ddfd60a8718d76349153547f313bee7ae8d20990b2060", "size": 29261, "path": "media/metadata/boxes2D/BoundingBoxDebugger_59_7420f7f46a50c8111d8d.boxes2D.json"}}, {"predictions": {"_type": "boxes2D", "sha256": "4edb6e9fa14de6c130a361d24c4fee862db56b296e17945cc4684887b052e3e7", "size": 16680, "path": "media/metadata/boxes2D/BoundingBoxDebugger_59_4edb6e9fa14de6c130a3.boxes2D.json"}}, {"predictions": {"_type": "boxes2D", "sha256": "1eefa74a0f28142fad6a0c550c776aaa288d50110782bfa2afcc121fadde74a4", "size": 47842, "path": "media/metadata/boxes2D/BoundingBoxDebugger_59_1eefa74a0f28142fad6a.boxes2D.json"}}, {"predictions": {"_type": "boxes2D", "sha256": "7b0399753a295b22999a85c4ddb4cf9cfc2d6ec78c4d7a0660a2c3a8f0765154", "size": 56718, "path": "media/metadata/boxes2D/BoundingBoxDebugger_59_7b0399753a295b22999a.boxes2D.json"}}, {"predictions": {"_type": "boxes2D", "sha256": "61f082bd5a3c4117d78bc5ee4f9fa75bb4d918bd712b6177795972b83793fa0b", "size": 57076, "path": "media/metadata/boxes2D/BoundingBoxDebugger_59_61f082bd5a3c4117d78b.boxes2D.json"}}, {"predictions": {"_type": "boxes2D", "sha256": "cd1f06d5a148fb34937a29b6f0d0b0fd71ce7576256ea24bbaca6c18f912ef0d", "size": 23620, "path": "media/metadata/boxes2D/BoundingBoxDebugger_59_cd1f06d5a148fb34937a.boxes2D.json"}}, {"predictions": {"_type": "boxes2D", "sha256": "76e81cfcc768df7be4442a5d22cda064dd1181c9b81721658943791ef6487645", "size": 27200, "path": "media/metadata/boxes2D/BoundingBoxDebugger_59_76e81cfcc768df7be444.boxes2D.json"}}, {"predictions": {"_type": "boxes2D", "sha256": "29387134002a76de98e5a297bb64598ddf40f5926494be7b2eb1953c777526f0", "size": 51271, "path": "media/metadata/boxes2D/BoundingBoxDebugger_59_29387134002a76de98e5.boxes2D.json"}}, {"predictions": {"_type": "boxes2D", "sha256": "38df52e55685552d86f45a2f2befd365249987669711207820afa21e85543562", "size": 29783, "path": "media/metadata/boxes2D/BoundingBoxDebugger_59_38df52e55685552d86f4.boxes2D.json"}}, {"predictions": {"_type": "boxes2D", "sha256": "4511b5b73ce2eb56cbebefa7e817d49071d7e73c3c4d6d3d511493f81d377f11", "size": 43627, "path": "media/metadata/boxes2D/BoundingBoxDebugger_59_4511b5b73ce2eb56cbeb.boxes2D.json"}}]}, "Validation": {"_type": "images/separated", "width": 1920, "height": 1100, "format": "jpg", "count": 6, "filenames": ["media/images/Validation_72_16851127fed0319052e2.jpg", "media/images/Validation_72_80c73c555395d2a61150.jpg", "media/images/Validation_72_90cb3e1fc03ef97f8783.jpg", "media/images/Validation_72_71ee46bb60925984ace0.jpg", "media/images/Validation_72_c7bb9755ae28184a548f.jpg", "media/images/Validation_72_7015a4a67ec1c23e1054.jpg"], "captions": ["val_batch0_labels.jpg", "val_batch0_pred.jpg", "val_batch1_labels.jpg", "val_batch1_pred.jpg", "val_batch2_labels.jpg", "val_batch2_pred.jpg"]}, "Results": {"_type": "images/separated", "width": 2400, "height": 1200, "format": "png", "count": 6, "filenames": ["media/images/Results_72_1b46cdbd6f5bb781a775.png", "media/images/Results_72_d7001f33cb4144a359bd.png", "media/images/Results_72_bb8cbe1b2ba987d6b9b2.png", "media/images/Results_72_e96781f15c8c8453a2a8.png", "media/images/Results_72_791a3f8adfea8ca60881.png", "media/images/Results_72_3b9a046b26fa82f58478.png"], "captions": ["results.png", "confusion_matrix.png", "F1_curve.png", "PR_curve.png", "P_curve.png", "R_curve.png"]}, "_wandb": {"runtime": 18982}}