{"best/epoch": 54, "best/precision": 0.6287033380629852, "best/recall": 0.34485192592419206, "best/mAP_0.5": 0.3774039195752568, "best/mAP_0.5:0.95": 0.23327998710975315, "Labels": {"_type": "images/separated", "width": 2000, "height": 2000, "format": "jpg", "count": 2, "filenames": ["media/images/Labels_0_499228cf609f2efabde4.jpg", "media/images/Labels_0_8e2913080ea67aebe3f0.jpg"], "captions": ["labels_correlogram.jpg", "labels.jpg"]}, "Mosaics": {"_type": "images/separated", "width": 1920, "height": 1920, "format": "jpg", "count": 3, "filenames": ["media/images/Mosaics_0_b03870a0eca6172476b6.jpg", "media/images/Mosaics_0_eb44f1762a24f5473354.jpg", "media/images/Mosaics_0_7b5ef89dd22d675748d4.jpg"], "captions": ["train_batch0.jpg", "train_batch1.jpg", "train_batch2.jpg"]}, "train/box_loss": 0.01899237371981144, "train/obj_loss": 0.0259852297604084, "train/cls_loss": 0.0016846818616613746, "metrics/precision": 0.6260726938798233, "metrics/recall": 0.3449112849332476, "metrics/mAP_0.5": 0.3775409960125907, "metrics/mAP_0.5:0.95": 0.23328200538214597, "val/box_loss": 0.02344452030956745, "val/obj_loss": 0.052740227431058884, "val/cls_loss": 0.00815108884125948, "x/lr0": 0.006601, "x/lr1": 0.006601, "x/lr2": 0.006601, "_timestamp": 1662357756, "_runtime": 31911, "_step": 105, "BoundingBoxDebugger": {"_type": "images/separated", "width": 1344, "height": 768, "format": "png", "count": 16, "filenames": ["media/images/BoundingBoxDebugger_89_ee852353bbcffb6029db.png", "media/images/BoundingBoxDebugger_89_28dde4d61c956d308210.png", "media/images/BoundingBoxDebugger_89_88d4276bf909a7c8731b.png", "media/images/BoundingBoxDebugger_89_46b1609b3dd4b85a558d.png", "media/images/BoundingBoxDebugger_89_785003fd04f4c3107a64.png", "media/images/BoundingBoxDebugger_89_aa349ee51ea80cc2b241.png", "media/images/BoundingBoxDebugger_89_9e8873e8d2336f586820.png", "media/images/BoundingBoxDebugger_89_99e16d2ee1ef5e18040c.png", "media/images/BoundingBoxDebugger_89_3bee43b9efbb99b5fb9e.png", "media/images/BoundingBoxDebugger_89_f28b1174943aeb439e08.png", "media/images/BoundingBoxDebugger_89_53a50e2075a255998660.png", "media/images/BoundingBoxDebugger_89_a8a5e443f99e12afa31a.png", "media/images/BoundingBoxDebugger_89_21ce790b008bad74ff88.png", "media/images/BoundingBoxDebugger_89_c6d1f1fc21d90d736660.png", "media/images/BoundingBoxDebugger_89_0748d1034a65fcd21551.png", "media/images/BoundingBoxDebugger_89_07aed0bacafa44c48e27.png"], "captions": ["7d06fefd-f7be05a6.jpg", "a217361a-01b5b341.jpg", "a217361a-cdf174d7.jpg", "a2297c18-876eb30b.jpg", "a2300bf9-00000000.jpg", "a269d8cd-af4fc1d1.jpg", "a2881013-88cf91d5.jpg", "a293d57a-00000000.jpg", "a296eb41-691738fc.jpg", "a2ae40f3-00000000.jpg", "a2c6d74b-00000000.jpg", "a2c9376f-00000000.jpg", "a2d1b2be-d0ddcd7d.jpg", "a3025d3c-00000000.jpg", "a316282d-0e90097d.jpg", "a316362b-00000000.jpg"], "all_boxes": [{"predictions": {"_type": "boxes2D", "sha256": "ceb6f8bb7b4173f5f9edd11490a3d2977b2ee7341d8c2442817dc0d78d51795d", "size": 36983, "path": "media/metadata/boxes2D/BoundingBoxDebugger_89_ceb6f8bb7b4173f5f9ed.boxes2D.json"}}, {"predictions": {"_type": "boxes2D", "sha256": "b14299ec74d441862cb330cf8b49d125a949fcf7ab8429318ad6bafa66fca4ef", "size": 56857, "path": "media/metadata/boxes2D/BoundingBoxDebugger_89_b14299ec74d441862cb3.boxes2D.json"}}, {"predictions": {"_type": "boxes2D", "sha256": "67664cf9a67885c34243c9c6885a8f08002e2bddf3a74333b8cb780a52c3c1ae", "size": 56828, "path": "media/metadata/boxes2D/BoundingBoxDebugger_89_67664cf9a67885c34243.boxes2D.json"}}, {"predictions": {"_type": "boxes2D", "sha256": "cbaed5789911a9e201dc18e9618b89182960a01893136b78540ea3640f2e6fdd", "size": 56695, "path": "media/metadata/boxes2D/BoundingBoxDebugger_89_cbaed5789911a9e201dc.boxes2D.json"}}, {"predictions": {"_type": "boxes2D", "sha256": "092d272c780fa0c9093c19688cbd838fdda7673bdc48847193d552d4f1539eb3", "size": 56849, "path": "media/metadata/boxes2D/BoundingBoxDebugger_89_092d272c780fa0c9093c.boxes2D.json"}}, {"predictions": {"_type": "boxes2D", "sha256": "1b71d2326aab1d6b97e2c1ef0a62c17ad618d809c498dc9d2ad391e7d5cbc444", "size": 6256, "path": "media/metadata/boxes2D/BoundingBoxDebugger_89_1b71d2326aab1d6b97e2.boxes2D.json"}}, {"predictions": {"_type": "boxes2D", "sha256": "871c26e84639f8a7b19ed4676d79ba3cec3376a2ffeca2c03ad0e369d8553b39", "size": 30233, "path": "media/metadata/boxes2D/BoundingBoxDebugger_89_871c26e84639f8a7b19e.boxes2D.json"}}, {"predictions": {"_type": "boxes2D", "sha256": "169827b0b76c9c0c73520a086fd6be153628107c763716038d66ef6beb9fb49f", "size": 18252, "path": "media/metadata/boxes2D/BoundingBoxDebugger_89_169827b0b76c9c0c7352.boxes2D.json"}}, {"predictions": {"_type": "boxes2D", "sha256": "1eb92d0eae933606859c8aa15167ccc747161fcb781e6b9b6a6c5f33b00e43bc", "size": 56642, "path": "media/metadata/boxes2D/BoundingBoxDebugger_89_1eb92d0eae933606859c.boxes2D.json"}}, {"predictions": {"_type": "boxes2D", "sha256": "bb218ea018c4821741024f225fe648dd147d5e581ccca28ce17d225eaf47ab27", "size": 56593, "path": "media/metadata/boxes2D/BoundingBoxDebugger_89_bb218ea018c482174102.boxes2D.json"}}, {"predictions": {"_type": "boxes2D", "sha256": "6804cbaedfd27d3dc501b7d7a29330b3fa8ca166dd44aa338c10efbf5dca49b4", "size": 49142, "path": "media/metadata/boxes2D/BoundingBoxDebugger_89_6804cbaedfd27d3dc501.boxes2D.json"}}, {"predictions": {"_type": "boxes2D", "sha256": "6136298269f3dee3e4daa180553aecaffed1e570e4c5dcbd1d56d791dd750f9f", "size": 28326, "path": "media/metadata/boxes2D/BoundingBoxDebugger_89_6136298269f3dee3e4da.boxes2D.json"}}, {"predictions": {"_type": "boxes2D", "sha256": "d06a7c49314eb87afb7f640fcbd1c0cd2339b85d18a57db5ef13dd38eaef68e5", "size": 28981, "path": "media/metadata/boxes2D/BoundingBoxDebugger_89_d06a7c49314eb87afb7f.boxes2D.json"}}, {"predictions": {"_type": "boxes2D", "sha256": "d9b2493da883037ba650ca9c15b49606bd5c0d52aeda77f22dfcc79a72c51be0", "size": 49775, "path": "media/metadata/boxes2D/BoundingBoxDebugger_89_d9b2493da883037ba650.boxes2D.json"}}, {"predictions": {"_type": "boxes2D", "sha256": "0b976dafce736419255fa8bd9c061e40ad82c4a1ee892bc64022b8bf69d2352a", "size": 29032, "path": "media/metadata/boxes2D/BoundingBoxDebugger_89_0b976dafce736419255f.boxes2D.json"}}, {"predictions": {"_type": "boxes2D", "sha256": "1a054ba19efcbc1f46e149ad97f6945be01cb109cbd51b12874dc47aebf5ddbf", "size": 29922, "path": "media/metadata/boxes2D/BoundingBoxDebugger_89_1a054ba19efcbc1f46e1.boxes2D.json"}}]}, "Validation": {"_type": "images/separated", "width": 1920, "height": 1100, "format": "jpg", "count": 6, "filenames": ["media/images/Validation_105_16851127fed0319052e2.jpg", "media/images/Validation_105_a1dd50d7f3d5ff5b82da.jpg", "media/images/Validation_105_90cb3e1fc03ef97f8783.jpg", "media/images/Validation_105_ec4deb22dae766a3e7cc.jpg", "media/images/Validation_105_c7bb9755ae28184a548f.jpg", "media/images/Validation_105_05b2514fe7d4d0132ede.jpg"], "captions": ["val_batch0_labels.jpg", "val_batch0_pred.jpg", "val_batch1_labels.jpg", "val_batch1_pred.jpg", "val_batch2_labels.jpg", "val_batch2_pred.jpg"]}, "Results": {"_type": "images/separated", "width": 2400, "height": 1200, "format": "png", "count": 6, "filenames": ["media/images/Results_105_c276bd8f4a634a869327.png", "media/images/Results_105_52b02b605e2af8c257de.png", "media/images/Results_105_ab7a8d506b991e53d626.png", "media/images/Results_105_8737e3abfabe7136dac0.png", "media/images/Results_105_09cb1377696db42dcc68.png", "media/images/Results_105_4f96241f4bd0086aa95e.png"], "captions": ["results.png", "confusion_matrix.png", "F1_curve.png", "PR_curve.png", "P_curve.png", "R_curve.png"]}, "_wandb": {"runtime": 31913}}