{"best/epoch": 37, "best/precision": 0.6343377748113092, "best/recall": 0.35569043712483983, "best/mAP_0.5": 0.386013683659013, "best/mAP_0.5:0.95": 0.23966483384146078, "Labels": {"_type": "images/separated", "width": 2000, "height": 2000, "format": "jpg", "count": 2, "filenames": ["media/images/Labels_0_8270a4f85aa020e9d122.jpg", "media/images/Labels_0_97f689a2ba2872564d3e.jpg"], "captions": ["labels_correlogram.jpg", "labels.jpg"]}, "Mosaics": {"_type": "images/separated", "width": 1920, "height": 1920, "format": "jpg", "count": 3, "filenames": ["media/images/Mosaics_0_ab217304724727dd319e.jpg", "media/images/Mosaics_0_6365698dc0ec6871e6e1.jpg", "media/images/Mosaics_0_57d3aef66184bb72e955.jpg"], "captions": ["train_batch0.jpg", "train_batch1.jpg", "train_batch2.jpg"]}, "train/box_loss": 0.019519690424203873, "train/obj_loss": 0.02642020583152771, "train/cls_loss": 0.001899734721519053, "metrics/precision": 0.6332145188026785, "metrics/recall": 0.35542237469227056, "metrics/mAP_0.5": 0.3858220027025544, "metrics/mAP_0.5:0.95": 0.2398628060858647, "val/box_loss": 0.023810338228940964, "val/obj_loss": 0.05270932614803314, "val/cls_loss": 0.0075400578789412975, "x/lr0": 0.007162000000000001, "x/lr1": 0.007162000000000001, "x/lr2": 0.007162000000000001, "_timestamp": 1662410179, "_runtime": 23195, "_step": 88, "BoundingBoxDebugger": {"_type": "images/separated", "width": 1344, "height": 768, "format": "png", "count": 16, "filenames": ["media/images/BoundingBoxDebugger_59_ee852353bbcffb6029db.png", "media/images/BoundingBoxDebugger_59_28dde4d61c956d308210.png", "media/images/BoundingBoxDebugger_59_88d4276bf909a7c8731b.png", "media/images/BoundingBoxDebugger_59_46b1609b3dd4b85a558d.png", "media/images/BoundingBoxDebugger_59_785003fd04f4c3107a64.png", "media/images/BoundingBoxDebugger_59_aa349ee51ea80cc2b241.png", "media/images/BoundingBoxDebugger_59_9e8873e8d2336f586820.png", "media/images/BoundingBoxDebugger_59_99e16d2ee1ef5e18040c.png", "media/images/BoundingBoxDebugger_59_3bee43b9efbb99b5fb9e.png", "media/images/BoundingBoxDebugger_59_f28b1174943aeb439e08.png", "media/images/BoundingBoxDebugger_59_53a50e2075a255998660.png", "media/images/BoundingBoxDebugger_59_a8a5e443f99e12afa31a.png", "media/images/BoundingBoxDebugger_59_21ce790b008bad74ff88.png", "media/images/BoundingBoxDebugger_59_c6d1f1fc21d90d736660.png", "media/images/BoundingBoxDebugger_59_0748d1034a65fcd21551.png", "media/images/BoundingBoxDebugger_59_07aed0bacafa44c48e27.png"], "captions": ["7d06fefd-f7be05a6.jpg", "a217361a-01b5b341.jpg", "a217361a-cdf174d7.jpg", "a2297c18-876eb30b.jpg", "a2300bf9-00000000.jpg", "a269d8cd-af4fc1d1.jpg", "a2881013-88cf91d5.jpg", "a293d57a-00000000.jpg", "a296eb41-691738fc.jpg", "a2ae40f3-00000000.jpg", "a2c6d74b-00000000.jpg", "a2c9376f-00000000.jpg", "a2d1b2be-d0ddcd7d.jpg", "a3025d3c-00000000.jpg", "a316282d-0e90097d.jpg", "a316362b-00000000.jpg"], "all_boxes": [{"predictions": {"_type": "boxes2D", "sha256": "816065040542fa11b4594f55d33fbbf4aea4dd73270b0b55cde95656a80a261b", "size": 46603, "path": "media/metadata/boxes2D/BoundingBoxDebugger_59_816065040542fa11b459.boxes2D.json"}}, {"predictions": {"_type": "boxes2D", "sha256": "c9fb3226eb0af1bc3ab3cddcb874440b17b0e5dcfaef4c3fcfc9e4bed628b5f0", "size": 56792, "path": "media/metadata/boxes2D/BoundingBoxDebugger_59_c9fb3226eb0af1bc3ab3.boxes2D.json"}}, {"predictions": {"_type": "boxes2D", "sha256": "ca2e6a6b492fef9aa702db8662f6774b2302061365b83cabe9a14424b09f1aa7", "size": 56792, "path": "media/metadata/boxes2D/BoundingBoxDebugger_59_ca2e6a6b492fef9aa702.boxes2D.json"}}, {"predictions": {"_type": "boxes2D", "sha256": "819a24101ba5f8a27f434b37f6b8c7974afc878cbcfa3431ff76214f1fc10f4f", "size": 56588, "path": "media/metadata/boxes2D/BoundingBoxDebugger_59_819a24101ba5f8a27f43.boxes2D.json"}}, {"predictions": {"_type": "boxes2D", "sha256": "8bdcc224ce647c14e429b1fe546cfd93c63e0800501bab99feb7a746aeadbd94", "size": 56740, "path": "media/metadata/boxes2D/BoundingBoxDebugger_59_8bdcc224ce647c14e429.boxes2D.json"}}, {"predictions": {"_type": "boxes2D", "sha256": "9ce591ae5de51077c3232416988b6bf71b525472eb374dd27db8176cf9ea12f4", "size": 14225, "path": "media/metadata/boxes2D/BoundingBoxDebugger_59_9ce591ae5de51077c323.boxes2D.json"}}, {"predictions": {"_type": "boxes2D", "sha256": "f55a4a5d0f06532b499ad63bdddc21cb6ea4cb955764e3927d7ccc587917a5ef", "size": 29869, "path": "media/metadata/boxes2D/BoundingBoxDebugger_59_f55a4a5d0f06532b499a.boxes2D.json"}}, {"predictions": {"_type": "boxes2D", "sha256": "c13981dc4dce2cf9bb8e07d04fff626285e710288a544eecdcbda85d48fd24ef", "size": 16889, "path": "media/metadata/boxes2D/BoundingBoxDebugger_59_c13981dc4dce2cf9bb8e.boxes2D.json"}}, {"predictions": {"_type": "boxes2D", "sha256": "091665c033624b9d36ad87ca0120add6220d2d2996f7b06ed7378c3fdf8e6e17", "size": 53715, "path": "media/metadata/boxes2D/BoundingBoxDebugger_59_091665c033624b9d36ad.boxes2D.json"}}, {"predictions": {"_type": "boxes2D", "sha256": "052e4351474687664ab2d732ef425c8662ccbe40cd9e0af2d25c864b3803575d", "size": 56695, "path": "media/metadata/boxes2D/BoundingBoxDebugger_59_052e4351474687664ab2.boxes2D.json"}}, {"predictions": {"_type": "boxes2D", "sha256": "95a814b9a17b17e7ce0ad86aaffeb4f7260a7fe67c9b1cd87746a0c47df255b4", "size": 54712, "path": "media/metadata/boxes2D/BoundingBoxDebugger_59_95a814b9a17b17e7ce0a.boxes2D.json"}}, {"predictions": {"_type": "boxes2D", "sha256": "1897480e84697b0bd98677563f8149048e1f980461264788ca0cdfffb14867d2", "size": 23415, "path": "media/metadata/boxes2D/BoundingBoxDebugger_59_1897480e84697b0bd986.boxes2D.json"}}, {"predictions": {"_type": "boxes2D", "sha256": "86097a26a2aea2dafc4c817e85abd938e47a1952e5998e68f2ead8baf2d4560b", "size": 32660, "path": "media/metadata/boxes2D/BoundingBoxDebugger_59_86097a26a2aea2dafc4c.boxes2D.json"}}, {"predictions": {"_type": "boxes2D", "sha256": "3bd194a4f53f004241c2c6cdd8a3967f16db2226cce7cf4bab873a5e5ccd85fe", "size": 53687, "path": "media/metadata/boxes2D/BoundingBoxDebugger_59_3bd194a4f53f004241c2.boxes2D.json"}}, {"predictions": {"_type": "boxes2D", "sha256": "1a431d255c74b996a3810feade472ee6206ebf9a22c1abde9fa907c11a6550fb", "size": 30019, "path": "media/metadata/boxes2D/BoundingBoxDebugger_59_1a431d255c74b996a381.boxes2D.json"}}, {"predictions": {"_type": "boxes2D", "sha256": "612493c0d3f2d9130ca666e1169c29c7e53290ebfcb7ee34dde15e438ffbe756", "size": 42449, "path": "media/metadata/boxes2D/BoundingBoxDebugger_59_612493c0d3f2d9130ca6.boxes2D.json"}}]}, "Validation": {"_type": "images/separated", "width": 1920, "height": 1100, "format": "jpg", "count": 6, "filenames": ["media/images/Validation_88_16851127fed0319052e2.jpg", "media/images/Validation_88_0c2da3465b9f146ada48.jpg", "media/images/Validation_88_90cb3e1fc03ef97f8783.jpg", "media/images/Validation_88_c685993c00938d4d2127.jpg", "media/images/Validation_88_c7bb9755ae28184a548f.jpg", "media/images/Validation_88_1e004609e967bb7f6826.jpg"], "captions": ["val_batch0_labels.jpg", "val_batch0_pred.jpg", "val_batch1_labels.jpg", "val_batch1_pred.jpg", "val_batch2_labels.jpg", "val_batch2_pred.jpg"]}, "Results": {"_type": "images/separated", "width": 2400, "height": 1200, "format": "png", "count": 6, "filenames": ["media/images/Results_88_96ff8014e4018a002fa8.png", "media/images/Results_88_bf04e174493bfedcf17d.png", "media/images/Results_88_1cb74165b166a74b58d9.png", "media/images/Results_88_06281e4eb61732ab8d8f.png", "media/images/Results_88_9ed4bc2ad65d2806a242.png", "media/images/Results_88_16a36b51c1eb3e5513bd.png"], "captions": ["results.png", "confusion_matrix.png", "F1_curve.png", "PR_curve.png", "P_curve.png", "R_curve.png"]}, "_wandb": {"runtime": 23195}}