{"best/epoch": 52, "best/precision": 0.5891246356565538, "best/recall": 0.3516965540706004, "best/mAP_0.5": 0.37512679101358315, "best/mAP_0.5:0.95": 0.2312376049868407, "Labels": {"_type": "images/separated", "width": 2000, "height": 2000, "format": "jpg", "count": 2, "filenames": ["media/images/Labels_0_8270a4f85aa020e9d122.jpg", "media/images/Labels_0_97f689a2ba2872564d3e.jpg"], "captions": ["labels_correlogram.jpg", "labels.jpg"]}, "Mosaics": {"_type": "images/separated", "width": 1920, "height": 1920, "format": "jpg", "count": 3, "filenames": ["media/images/Mosaics_0_ab217304724727dd319e.jpg", "media/images/Mosaics_0_6365698dc0ec6871e6e1.jpg", "media/images/Mosaics_0_57d3aef66184bb72e955.jpg"], "captions": ["train_batch0.jpg", "train_batch1.jpg", "train_batch2.jpg"]}, "train/box_loss": 0.01906682550907135, "train/obj_loss": 0.026009555906057358, "train/cls_loss": 0.0018118266016244888, "metrics/precision": 0.590008954932563, "metrics/recall": 0.3516374305744547, "metrics/mAP_0.5": 0.37448128919734824, "metrics/mAP_0.5:0.95": 0.23084358102860786, "val/box_loss": 0.02345242165029049, "val/obj_loss": 0.05251485854387283, "val/cls_loss": 0.007923725992441177, "x/lr0": 0.006666999999999999, "x/lr1": 0.006666999999999999, "x/lr2": 0.006666999999999999, "_timestamp": 1662403730, "_runtime": 26938, "_step": 103, "BoundingBoxDebugger": {"_type": "images/separated", "width": 1344, "height": 768, "format": "png", "count": 16, "filenames": ["media/images/BoundingBoxDebugger_89_ee852353bbcffb6029db.png", "media/images/BoundingBoxDebugger_89_28dde4d61c956d308210.png", "media/images/BoundingBoxDebugger_89_88d4276bf909a7c8731b.png", "media/images/BoundingBoxDebugger_89_46b1609b3dd4b85a558d.png", "media/images/BoundingBoxDebugger_89_785003fd04f4c3107a64.png", "media/images/BoundingBoxDebugger_89_aa349ee51ea80cc2b241.png", "media/images/BoundingBoxDebugger_89_9e8873e8d2336f586820.png", "media/images/BoundingBoxDebugger_89_99e16d2ee1ef5e18040c.png", "media/images/BoundingBoxDebugger_89_3bee43b9efbb99b5fb9e.png", "media/images/BoundingBoxDebugger_89_f28b1174943aeb439e08.png", "media/images/BoundingBoxDebugger_89_53a50e2075a255998660.png", "media/images/BoundingBoxDebugger_89_a8a5e443f99e12afa31a.png", "media/images/BoundingBoxDebugger_89_21ce790b008bad74ff88.png", "media/images/BoundingBoxDebugger_89_c6d1f1fc21d90d736660.png", "media/images/BoundingBoxDebugger_89_0748d1034a65fcd21551.png", "media/images/BoundingBoxDebugger_89_07aed0bacafa44c48e27.png"], "captions": ["7d06fefd-f7be05a6.jpg", "a217361a-01b5b341.jpg", "a217361a-cdf174d7.jpg", "a2297c18-876eb30b.jpg", "a2300bf9-00000000.jpg", "a269d8cd-af4fc1d1.jpg", "a2881013-88cf91d5.jpg", "a293d57a-00000000.jpg", "a296eb41-691738fc.jpg", "a2ae40f3-00000000.jpg", "a2c6d74b-00000000.jpg", "a2c9376f-00000000.jpg", "a2d1b2be-d0ddcd7d.jpg", "a3025d3c-00000000.jpg", "a316282d-0e90097d.jpg", "a316362b-00000000.jpg"], "all_boxes": [{"predictions": {"_type": "boxes2D", "sha256": "99f9879219faad08c9fdff93216a2e1ef53596f7854cac64bd42931e59fba077", "size": 38842, "path": "media/metadata/boxes2D/BoundingBoxDebugger_89_99f9879219faad08c9fd.boxes2D.json"}}, {"predictions": {"_type": "boxes2D", "sha256": "16b7288597a629cd31acb5b47e5eff76c32ed7e22eaabb67c0c2ce1742a770d3", "size": 57005, "path": "media/metadata/boxes2D/BoundingBoxDebugger_89_16b7288597a629cd31ac.boxes2D.json"}}, {"predictions": {"_type": "boxes2D", "sha256": "275b2b9a79bc6b72f0062c39e7e6a0b972c379d0c1ed89ac9aca82b4069d6107", "size": 56745, "path": "media/metadata/boxes2D/BoundingBoxDebugger_89_275b2b9a79bc6b72f006.boxes2D.json"}}, {"predictions": {"_type": "boxes2D", "sha256": "63c9bf8c9cee967631eab594b839d1061108a412856003b375f4a5782528c110", "size": 56599, "path": "media/metadata/boxes2D/BoundingBoxDebugger_89_63c9bf8c9cee967631ea.boxes2D.json"}}, {"predictions": {"_type": "boxes2D", "sha256": "7831e05ba6fac404dd94449ae94b517932c7ac174e23896ec8f79332d594cdf7", "size": 56846, "path": "media/metadata/boxes2D/BoundingBoxDebugger_89_7831e05ba6fac404dd94.boxes2D.json"}}, {"predictions": {"_type": "boxes2D", "sha256": "3da7f67d1d4517157c42c429dcc2d6d599e117e0b10bd0121e14d547a85b52d6", "size": 9098, "path": "media/metadata/boxes2D/BoundingBoxDebugger_89_3da7f67d1d4517157c42.boxes2D.json"}}, {"predictions": {"_type": "boxes2D", "sha256": "b77110c611091c719cdaac89c6b7fe8b95ba557a47988982d8691e800eb4dc82", "size": 28163, "path": "media/metadata/boxes2D/BoundingBoxDebugger_89_b77110c611091c719cda.boxes2D.json"}}, {"predictions": {"_type": "boxes2D", "sha256": "57cf68a437b199ec7a9b4ef95bf24897ccf9c1a286344941468aee49d58a2670", "size": 18193, "path": "media/metadata/boxes2D/BoundingBoxDebugger_89_57cf68a437b199ec7a9b.boxes2D.json"}}, {"predictions": {"_type": "boxes2D", "sha256": "49ccb233c7284ef2f5d014b364c0bc5383f0e8bc511f30367b1bb852ec22c014", "size": 53356, "path": "media/metadata/boxes2D/BoundingBoxDebugger_89_49ccb233c7284ef2f5d0.boxes2D.json"}}, {"predictions": {"_type": "boxes2D", "sha256": "312abe9131960ac6dfdb5a7d63cc5670c592939682a86c8a4f91eff021118e62", "size": 56704, "path": "media/metadata/boxes2D/BoundingBoxDebugger_89_312abe9131960ac6dfdb.boxes2D.json"}}, {"predictions": {"_type": "boxes2D", "sha256": "f1b0108d78011a3cc83f78a726373205c1d7dd735207423a95214c3745da3b94", "size": 55381, "path": "media/metadata/boxes2D/BoundingBoxDebugger_89_f1b0108d78011a3cc83f.boxes2D.json"}}, {"predictions": {"_type": "boxes2D", "sha256": "23d834bd6c0f0df44cd9c71fda9dd11e3bf71bc8b2cdc7456caf716faf6e13c4", "size": 23023, "path": "media/metadata/boxes2D/BoundingBoxDebugger_89_23d834bd6c0f0df44cd9.boxes2D.json"}}, {"predictions": {"_type": "boxes2D", "sha256": "1c6993f5b3a3e1124385894b5fac26566fc3dfbdd556501f3e2aee45943a8cce", "size": 29751, "path": "media/metadata/boxes2D/BoundingBoxDebugger_89_1c6993f5b3a3e1124385.boxes2D.json"}}, {"predictions": {"_type": "boxes2D", "sha256": "2e093a1a2a37a76ac590489a66288b0d23f60b0ca7e06c5b26fdccf698341bed", "size": 53669, "path": "media/metadata/boxes2D/BoundingBoxDebugger_89_2e093a1a2a37a76ac590.boxes2D.json"}}, {"predictions": {"_type": "boxes2D", "sha256": "40dccf8fecfa732ec9ea4ed4dc583d62db47933dcfa8f273dd795e6cba73a776", "size": 22989, "path": "media/metadata/boxes2D/BoundingBoxDebugger_89_40dccf8fecfa732ec9ea.boxes2D.json"}}, {"predictions": {"_type": "boxes2D", "sha256": "623b65b22e1887fc39e58e42eb5e91a5e5b53dec76a886e4dbe4b847365b54f3", "size": 48577, "path": "media/metadata/boxes2D/BoundingBoxDebugger_89_623b65b22e1887fc39e5.boxes2D.json"}}]}, "Validation": {"_type": "images/separated", "width": 1920, "height": 1100, "format": "jpg", "count": 6, "filenames": ["media/images/Validation_103_16851127fed0319052e2.jpg", "media/images/Validation_103_4c08c1ca2c0dc4b1312a.jpg", "media/images/Validation_103_90cb3e1fc03ef97f8783.jpg", "media/images/Validation_103_2ba50548df779d35b331.jpg", "media/images/Validation_103_c7bb9755ae28184a548f.jpg", "media/images/Validation_103_86377946322f016432cf.jpg"], "captions": ["val_batch0_labels.jpg", "val_batch0_pred.jpg", "val_batch1_labels.jpg", "val_batch1_pred.jpg", "val_batch2_labels.jpg", "val_batch2_pred.jpg"]}, "Results": {"_type": "images/separated", "width": 2400, "height": 1200, "format": "png", "count": 6, "filenames": ["media/images/Results_103_709af029422eea1d0154.png", "media/images/Results_103_59744e5f1249e778f736.png", "media/images/Results_103_02ea3b1ecfa7e5b65ffa.png", "media/images/Results_103_444374c8c63a7f87c273.png", "media/images/Results_103_751db1b9812414f04438.png", "media/images/Results_103_3016847962b7a24b0866.png"], "captions": ["results.png", "confusion_matrix.png", "F1_curve.png", "PR_curve.png", "P_curve.png", "R_curve.png"]}, "_wandb": {"runtime": 26939}}