{"best/epoch": 62, "best/precision": 0.7327290473970586, "best/recall": 0.3431025381886728, "best/mAP_0.5": 0.3899363477410949, "best/mAP_0.5:0.95": 0.24747703299259757, "Labels": {"_type": "images/separated", "width": 2000, "height": 2000, "format": "jpg", "count": 2, "filenames": ["media/images/Labels_0_8059343e5bf315474f36.jpg", "media/images/Labels_0_0864f9070e492f1e2aa9.jpg"], "captions": ["labels_correlogram.jpg", "labels.jpg"]}, "Mosaics": {"_type": "images/separated", "width": 1920, "height": 1920, "format": "jpg", "count": 3, "filenames": ["media/images/Mosaics_0_02353783a10cb0d5c920.jpg", "media/images/Mosaics_0_187a06e3fae99cc6f38d.jpg", "media/images/Mosaics_0_4039e255e96982986e98.jpg"], "captions": ["train_batch0.jpg", "train_batch1.jpg", "train_batch2.jpg"]}, "train/box_loss": 0.040889956057071686, "train/obj_loss": 0.03567984700202942, "train/cls_loss": 0.004421347752213478, "metrics/precision": 0.7301605457840662, "metrics/recall": 0.34361158855747925, "metrics/mAP_0.5": 0.39001293859878683, "metrics/mAP_0.5:0.95": 0.24747921712937287, "val/box_loss": 0.04497412592172623, "val/obj_loss": 0.06206027418375015, "val/cls_loss": 0.008064891211688519, "x/lr0": 0.006337000000000001, "x/lr1": 0.006337000000000001, "x/lr2": 0.006337000000000001, "_timestamp": 1662022908, "_runtime": 24600, "_step": 113, "BoundingBoxDebugger": {"_type": "images/separated", "width": 1344, "height": 768, "format": "png", "count": 16, "filenames": ["media/images/BoundingBoxDebugger_89_ee852353bbcffb6029db.png", "media/images/BoundingBoxDebugger_89_28dde4d61c956d308210.png", "media/images/BoundingBoxDebugger_89_88d4276bf909a7c8731b.png", "media/images/BoundingBoxDebugger_89_46b1609b3dd4b85a558d.png", "media/images/BoundingBoxDebugger_89_785003fd04f4c3107a64.png", "media/images/BoundingBoxDebugger_89_aa349ee51ea80cc2b241.png", "media/images/BoundingBoxDebugger_89_9e8873e8d2336f586820.png", "media/images/BoundingBoxDebugger_89_99e16d2ee1ef5e18040c.png", "media/images/BoundingBoxDebugger_89_3bee43b9efbb99b5fb9e.png", "media/images/BoundingBoxDebugger_89_f28b1174943aeb439e08.png", "media/images/BoundingBoxDebugger_89_53a50e2075a255998660.png", "media/images/BoundingBoxDebugger_89_a8a5e443f99e12afa31a.png", "media/images/BoundingBoxDebugger_89_21ce790b008bad74ff88.png", "media/images/BoundingBoxDebugger_89_c6d1f1fc21d90d736660.png", "media/images/BoundingBoxDebugger_89_0748d1034a65fcd21551.png", "media/images/BoundingBoxDebugger_89_07aed0bacafa44c48e27.png"], "captions": ["7d06fefd-f7be05a6.jpg", "a217361a-01b5b341.jpg", "a217361a-cdf174d7.jpg", "a2297c18-876eb30b.jpg", "a2300bf9-00000000.jpg", "a269d8cd-af4fc1d1.jpg", "a2881013-88cf91d5.jpg", "a293d57a-00000000.jpg", "a296eb41-691738fc.jpg", "a2ae40f3-00000000.jpg", "a2c6d74b-00000000.jpg", "a2c9376f-00000000.jpg", "a2d1b2be-d0ddcd7d.jpg", "a3025d3c-00000000.jpg", "a316282d-0e90097d.jpg", "a316362b-00000000.jpg"], "all_boxes": [{"predictions": {"_type": "boxes2D", "sha256": "da9d5456e63008e7f757c4a470139be09c2bd12ca48dbc4ca176c3e5f711942f", "size": 35847, "path": "media/metadata/boxes2D/BoundingBoxDebugger_89_da9d5456e63008e7f757.boxes2D.json"}}, {"predictions": {"_type": "boxes2D", "sha256": "ecd0e9dc2cd9cf2cc450c78f325fc904fbbd2345057ac57f1483981c22a78d33", "size": 56447, "path": "media/metadata/boxes2D/BoundingBoxDebugger_89_ecd0e9dc2cd9cf2cc450.boxes2D.json"}}, {"predictions": {"_type": "boxes2D", "sha256": "986093561b158e9da70cf6b7bc352b2a4225909fba879e097098e5e01371a903", "size": 56254, "path": "media/metadata/boxes2D/BoundingBoxDebugger_89_986093561b158e9da70c.boxes2D.json"}}, {"predictions": {"_type": "boxes2D", "sha256": "8adcca2a35246644cac848c7a76a37016a8646eb4edbdaee37dfbfaf73dd3b99", "size": 56458, "path": "media/metadata/boxes2D/BoundingBoxDebugger_89_8adcca2a35246644cac8.boxes2D.json"}}, {"predictions": {"_type": "boxes2D", "sha256": "3e5d6e05d65abac78333a07b6b7b2f0c5191996a0423fb18a8460f6fe345746a", "size": 56620, "path": "media/metadata/boxes2D/BoundingBoxDebugger_89_3e5d6e05d65abac78333.boxes2D.json"}}, {"predictions": {"_type": "boxes2D", "sha256": "287ad6107b54f05c0700c18bb3242bc96710617d1b472f2fab686ce364b04df6", "size": 5643, "path": "media/metadata/boxes2D/BoundingBoxDebugger_89_287ad6107b54f05c0700.boxes2D.json"}}, {"predictions": {"_type": "boxes2D", "sha256": "1f88fcf704c4c42b9f4ec859c6cac925abdd599e5fa5f65de89c32b319f020bc", "size": 35075, "path": "media/metadata/boxes2D/BoundingBoxDebugger_89_1f88fcf704c4c42b9f4e.boxes2D.json"}}, {"predictions": {"_type": "boxes2D", "sha256": "b0f1f92f74bd72d02f7cf8f3604a02675b9ba94e574ec9cba8a2e69fb700ff3b", "size": 18426, "path": "media/metadata/boxes2D/BoundingBoxDebugger_89_b0f1f92f74bd72d02f7c.boxes2D.json"}}, {"predictions": {"_type": "boxes2D", "sha256": "19ea933e2ec9612535ed7f3abee07ed412d540d51d72392e352a552663af8878", "size": 47004, "path": "media/metadata/boxes2D/BoundingBoxDebugger_89_19ea933e2ec9612535ed.boxes2D.json"}}, {"predictions": {"_type": "boxes2D", "sha256": "0daa86742df14330810bd8044e4f2bce80616b19975c384997a0cdc3a337850c", "size": 56836, "path": "media/metadata/boxes2D/BoundingBoxDebugger_89_0daa86742df14330810b.boxes2D.json"}}, {"predictions": {"_type": "boxes2D", "sha256": "1d1a7d7a196d00cad2b055609a9751121142c7de54fdec895166165e1bfe4c8c", "size": 44470, "path": "media/metadata/boxes2D/BoundingBoxDebugger_89_1d1a7d7a196d00cad2b0.boxes2D.json"}}, {"predictions": {"_type": "boxes2D", "sha256": "8a82a6d564ded82be979ee6ad712168bc1b9f82acae5150f7a80c4ac77e4e7a9", "size": 41273, "path": "media/metadata/boxes2D/BoundingBoxDebugger_89_8a82a6d564ded82be979.boxes2D.json"}}, {"predictions": {"_type": "boxes2D", "sha256": "daf83c3fec7ef5608120ed7eb23575874da8a5559aa755f88d29feea9535d439", "size": 28792, "path": "media/metadata/boxes2D/BoundingBoxDebugger_89_daf83c3fec7ef5608120.boxes2D.json"}}, {"predictions": {"_type": "boxes2D", "sha256": "f6d3d56479472ae87a5c6aebdc12a804297c251dd413479e6a06f7a0b6b67ba3", "size": 45908, "path": "media/metadata/boxes2D/BoundingBoxDebugger_89_f6d3d56479472ae87a5c.boxes2D.json"}}, {"predictions": {"_type": "boxes2D", "sha256": "257ffb5fc4f5e40f81c320aca00468b50f4f83a06543e7fa184b5df8c29182e4", "size": 31439, "path": "media/metadata/boxes2D/BoundingBoxDebugger_89_257ffb5fc4f5e40f81c3.boxes2D.json"}}, {"predictions": {"_type": "boxes2D", "sha256": "3f06a027c6fb5ab32e579dfcc4a5a727958ae768959b3cdfca20ccb5ff74877f", "size": 44782, "path": "media/metadata/boxes2D/BoundingBoxDebugger_89_3f06a027c6fb5ab32e57.boxes2D.json"}}]}, "Validation": {"_type": "images/separated", "width": 1920, "height": 1100, "format": "jpg", "count": 6, "filenames": ["media/images/Validation_113_69d317ec8430c32cf939.jpg", "media/images/Validation_113_3f4bed1234b20eb157f4.jpg", "media/images/Validation_113_b392abaf6d9dee0f0f95.jpg", "media/images/Validation_113_dc9de62da57f3e1d1a79.jpg", "media/images/Validation_113_7083518b32e3ee2d3dd7.jpg", "media/images/Validation_113_6ae24a4b67d1838e15df.jpg"], "captions": ["val_batch0_labels.jpg", "val_batch0_pred.jpg", "val_batch1_labels.jpg", "val_batch1_pred.jpg", "val_batch2_labels.jpg", "val_batch2_pred.jpg"]}, "Results": {"_type": "images/separated", "width": 2400, "height": 1200, "format": "png", "count": 6, "filenames": ["media/images/Results_113_73c0ae68e1bf6f997ff1.png", "media/images/Results_113_03c0b6b761094319aac5.png", "media/images/Results_113_d53dcc887593bdee6390.png", "media/images/Results_113_6bcd42affd7e94456568.png", "media/images/Results_113_2db30ebfe3a8cab8eb6e.png", "media/images/Results_113_d33783cff255c6fba8d8.png"], "captions": ["results.png", "confusion_matrix.png", "F1_curve.png", "PR_curve.png", "P_curve.png", "R_curve.png"]}, "_wandb": {"runtime": 24602}}