{"best/epoch": 127, "best/precision": 0.7367630169344872, "best/recall": 0.3884449328877909, "best/mAP_0.5": 0.41727825239844796, "best/mAP_0.5:0.95": 0.2574492865826804, "Labels": {"_type": "images/separated", "width": 2000, "height": 2000, "format": "jpg", "count": 2, "filenames": ["media/images/Labels_0_691d4c832bd849a806b2.jpg", "media/images/Labels_0_61cb45ac99b12cbb594c.jpg"], "captions": ["labels_correlogram.jpg", "labels.jpg"]}, "Mosaics": {"_type": "images/separated", "width": 1920, "height": 1920, "format": "jpg", "count": 3, "filenames": ["media/images/Mosaics_0_cd6d197b83cf58bb6a3c.jpg", "media/images/Mosaics_0_c36de760c036b7deb3ef.jpg", "media/images/Mosaics_0_e7c65fc8de603b767848.jpg"], "captions": ["train_batch0.jpg", "train_batch1.jpg", "train_batch2.jpg"]}, "train/box_loss": 0.03125713765621185, "train/obj_loss": 0.044668424874544144, "train/cls_loss": 0.002205895259976387, "metrics/precision": 0.7371087916551231, "metrics/recall": 0.3883327633954411, "metrics/mAP_0.5": 0.41752179510471865, "metrics/mAP_0.5:0.95": 0.2577804905504441, "val/box_loss": 0.03839452192187309, "val/obj_loss": 0.0616246797144413, "val/cls_loss": 0.009140723384916782, "x/lr0": 0.0025420000000000004, "x/lr1": 0.0025420000000000004, "x/lr2": 0.0025420000000000004, "_timestamp": 1659658532, "_runtime": 27323, "_step": 228, "BoundingBoxDebugger": {"_type": "images/separated", "width": 1344, "height": 768, "format": "png", "count": 16, "filenames": ["media/images/BoundingBoxDebugger_209_924c76c42cb44e884969.png", "media/images/BoundingBoxDebugger_209_bd380590f7ccc08a4ff5.png", "media/images/BoundingBoxDebugger_209_17f60037d8f941f549cc.png", "media/images/BoundingBoxDebugger_209_89b79c7abe989ab1881f.png", "media/images/BoundingBoxDebugger_209_74f00ef0d0f1a39561b6.png", "media/images/BoundingBoxDebugger_209_08e9043997a689c9f56a.png", "media/images/BoundingBoxDebugger_209_92a3146ef0ca37913b5d.png", "media/images/BoundingBoxDebugger_209_95ee921877fc010445e1.png", "media/images/BoundingBoxDebugger_209_a8a553582d0f38cd84d6.png", "media/images/BoundingBoxDebugger_209_c977be2b06448b0489da.png", "media/images/BoundingBoxDebugger_209_26339fd4c66e27e7f1b9.png", "media/images/BoundingBoxDebugger_209_bde4087747f934d6299b.png", "media/images/BoundingBoxDebugger_209_6d72e18416f79c6f41d8.png", "media/images/BoundingBoxDebugger_209_7f6ea14197261f9de724.png", "media/images/BoundingBoxDebugger_209_0c64a3bc1fc28830efd7.png", "media/images/BoundingBoxDebugger_209_f5ab1f8f0f8420a087f2.png"], "captions": ["0004a4c0-d4dff0ad_jpg.rf.c4523588d7f9ecd1e3118bbad53fae62.jpg", "7429a7c2-6e655bd4_jpg.rf.27e85397890e9565716dadbf9a2775a1.jpg", "73f91726-a4b42013_jpg.rf.601b0e7a07d1efc07d47f4c98acc69dc.jpg", "73d972b6-17d447e3_jpg.rf.90f85b1f2eb128edfb9b5992f66fbd9a.jpg", "73bc6319-00000000_jpg.rf.0e26d84facecd179ea82286900e7564b.jpg", "73b09461-29fd15f1_jpg.rf.bdef29f4830f80e5c650ebee827897ef.jpg", "73ad6197-185e087c_jpg.rf.05875e6e8dca62689e7d847f21100c91.jpg", "73a1f742-63890001_jpg.rf.83aae5d4a8040389079ef23defac01dd.jpg", "736ef944-35249131_jpg.rf.91913b2810c98b237848b4cae1b40ca9.jpg", "734cfd60-5a112a74_jpg.rf.b85a41547228963b204a19a3785fd840.jpg", "72d1a01b-4a230000_jpg.rf.8f2bbf5e5c07d851c721a010989b980f.jpg", "72d1a01b-00000000_jpg.rf.262eff5e078166a62f9521c4fa2237e9.jpg", "72cd9cec-dbf0b815_jpg.rf.403703b078711454ac765f6756b96f1a.jpg", "7291f215-f66e0000_jpg.rf.a416ff4d1a86289c4653ff18c421ebcf.jpg", "724b5120-98a49fd9_jpg.rf.bc033c758c084f8bf6a53e20e3473fee.jpg", "7238b169-c3aebcfe_jpg.rf.109fa38b3cd092a4f73181697de20c57.jpg"], "all_boxes": [{"predictions": {"_type": "boxes2D", "sha256": "5017dba7bd97f5abd8653338b11bcf93836451f5d756ef3708156df4f89a7bf8", "size": 15498, "path": "media/metadata/boxes2D/BoundingBoxDebugger_209_5017dba7bd97f5abd865.boxes2D.json"}}, {"predictions": {"_type": "boxes2D", "sha256": "c2d0b5b5452dd150fa2a90a9f3e5f863ad98a93256d756be962c73b3f7f4e53a", "size": 32479, "path": "media/metadata/boxes2D/BoundingBoxDebugger_209_c2d0b5b5452dd150fa2a.boxes2D.json"}}, {"predictions": {"_type": "boxes2D", "sha256": "c0bc5ec7d9706915a68bc0f2f37cf86f703c83d80625ef9f338fd6f02839b0fb", "size": 530, "path": "media/metadata/boxes2D/BoundingBoxDebugger_209_c0bc5ec7d9706915a68b.boxes2D.json"}}, {"predictions": {"_type": "boxes2D", "sha256": "1bcb4ad2917683268ec3d1bef150d94843ca8cc501b675998df53577692229ac", "size": 56614, "path": "media/metadata/boxes2D/BoundingBoxDebugger_209_1bcb4ad2917683268ec3.boxes2D.json"}}, {"predictions": {"_type": "boxes2D", "sha256": "977b480d60d624d1738944a4626ef9bc23ab21ccf949f90f11268cd18ec1c354", "size": 30171, "path": "media/metadata/boxes2D/BoundingBoxDebugger_209_977b480d60d624d17389.boxes2D.json"}}, {"predictions": {"_type": "boxes2D", "sha256": "abadd233d66f1dd917e0a417811f7365b2bfeb9bcce8707baa634e2dcae3e7ef", "size": 37378, "path": "media/metadata/boxes2D/BoundingBoxDebugger_209_abadd233d66f1dd917e0.boxes2D.json"}}, {"predictions": {"_type": "boxes2D", "sha256": "f3063f0c5f971965e25f7b5a75a4caa02e91fd45abffefde23dbe0db9ffdf4f9", "size": 13410, "path": "media/metadata/boxes2D/BoundingBoxDebugger_209_f3063f0c5f971965e25f.boxes2D.json"}}, {"predictions": {"_type": "boxes2D", "sha256": "3d7e065eabd1921e178b1afb51a5e122b5505693b561772a91537ced502bfbbc", "size": 15643, "path": "media/metadata/boxes2D/BoundingBoxDebugger_209_3d7e065eabd1921e178b.boxes2D.json"}}, {"predictions": {"_type": "boxes2D", "sha256": "1e126517745f4f28b1b1a44f583ae74ac60ddf4370f8553c984f4d0df760abd6", "size": 19875, "path": "media/metadata/boxes2D/BoundingBoxDebugger_209_1e126517745f4f28b1b1.boxes2D.json"}}, {"predictions": {"_type": "boxes2D", "sha256": "81b06f1c83743d9d4664eee06649beefd6267d78e1c6ce791eaf62bb0faeecf0", "size": 40857, "path": "media/metadata/boxes2D/BoundingBoxDebugger_209_81b06f1c83743d9d4664.boxes2D.json"}}, {"predictions": {"_type": "boxes2D", "sha256": "918970860527f430b3389e110c279b1594e0c157077cca2a62a673f89ec314e2", "size": 4707, "path": "media/metadata/boxes2D/BoundingBoxDebugger_209_918970860527f430b338.boxes2D.json"}}, {"predictions": {"_type": "boxes2D", "sha256": "fb3f39a8c64ecc620fcddebd50775833bf3bc948937ee500b805a17685b5ebb5", "size": 11120, "path": "media/metadata/boxes2D/BoundingBoxDebugger_209_fb3f39a8c64ecc620fcd.boxes2D.json"}}, {"predictions": {"_type": "boxes2D", "sha256": "ef8c89d5ea7e4f60fb6028ccce22a92f6f555dac15ca42ee06e474196188e34a", "size": 22673, "path": "media/metadata/boxes2D/BoundingBoxDebugger_209_ef8c89d5ea7e4f60fb60.boxes2D.json"}}, {"predictions": {"_type": "boxes2D", "sha256": "fabbe79a2839e1705252000ddc1a5d89f90efb39f48a0a183c2328cd58c3cbd4", "size": 19114, "path": "media/metadata/boxes2D/BoundingBoxDebugger_209_fabbe79a2839e1705252.boxes2D.json"}}, {"predictions": {"_type": "boxes2D", "sha256": "a209dc6ac68e723b0c50f10337a489273281c42474f4797df15a8ba83f7bd22f", "size": 57293, "path": "media/metadata/boxes2D/BoundingBoxDebugger_209_a209dc6ac68e723b0c50.boxes2D.json"}}, {"predictions": {"_type": "boxes2D", "sha256": "fc90446a661c50d39990ece8e35dfd6f24a62437ce4d4194340e3c65ee15be08", "size": 48612, "path": "media/metadata/boxes2D/BoundingBoxDebugger_209_fc90446a661c50d39990.boxes2D.json"}}]}, "Validation": {"_type": "images/separated", "width": 1920, "height": 1100, "format": "jpg", "count": 6, "filenames": ["media/images/Validation_228_b521ce79752db5effba3.jpg", "media/images/Validation_228_4a11f27a573507c7093a.jpg", "media/images/Validation_228_548b524815e3fae644a1.jpg", "media/images/Validation_228_ae095d18560d7a9a4ab9.jpg", "media/images/Validation_228_0ccb2e144e2f8aa856f9.jpg", "media/images/Validation_228_3e87355aff952f19bec5.jpg"], "captions": ["val_batch0_labels.jpg", "val_batch0_pred.jpg", "val_batch1_labels.jpg", "val_batch1_pred.jpg", "val_batch2_labels.jpg", "val_batch2_pred.jpg"]}, "Results": {"_type": "images/separated", "width": 2400, "height": 1200, "format": "png", "count": 6,