{"best/epoch": 0, "best/precision": 0.8467738478032679, "best/recall": 0.09716979124383102, "best/mAP_0.5": 0.09623847973143065, "best/mAP_0.5:0.95": 0.041207351836820186, "Labels": {"_type": "images/separated", "width": 2000, "height": 2000, "format": "jpg", "count": 2, "filenames": ["media/images/Labels_0_691d4c832bd849a806b2.jpg", "media/images/Labels_0_61cb45ac99b12cbb594c.jpg"], "captions": ["labels_correlogram.jpg", "labels.jpg"]}, "Mosaics": {"_type": "images/separated", "width": 1920, "height": 1920, "format": "jpg", "count": 3, "filenames": ["media/images/Mosaics_0_9e10c319ef1892cc451d.jpg", "media/images/Mosaics_0_bdec4b62e9202718ccd8.jpg", "media/images/Mosaics_0_a038048ebd3938d5c76f.jpg"], "captions": ["train_batch0.jpg", "train_batch1.jpg", "train_batch2.jpg"]}, "train/box_loss": 0.09936036914587021, "train/obj_loss": 0.06479419022798538, "train/cls_loss": 0.025327472016215324, "metrics/precision": 0.8464948967723752, "metrics/recall": 0.09719243657862019, "metrics/mAP_0.5": 0.09608200799167399, "metrics/mAP_0.5:0.95": 0.04114022309318332, "val/box_loss": 0.08350277692079544, "val/obj_loss": 0.05995241552591324, "val/cls_loss": 0.015212183818221092, "x/lr0": 0.07008571428571428, "x/lr1": 0.003323809523809524, "x/lr2": 0.003323809523809524, "BoundingBoxDebugger": {"_type": "images/separated", "width": 672, "height": 384, "format": "png", "count": 16, "filenames": ["media/images/BoundingBoxDebugger_0_929bc091cbc762d32b0d.png", "media/images/BoundingBoxDebugger_0_637d38222e1d1f226227.png", "media/images/BoundingBoxDebugger_0_0b191e9ce708b8aedea8.png", "media/images/BoundingBoxDebugger_0_fc42a8669b43517bbe9e.png", "media/images/BoundingBoxDebugger_0_ef647e99176097db5fbe.png", "media/images/BoundingBoxDebugger_0_7e93aa5e7b99238635b8.png", "media/images/BoundingBoxDebugger_0_f82cff0844e43f042c9e.png", "media/images/BoundingBoxDebugger_0_384c67ca1ec4d9298e10.png", "media/images/BoundingBoxDebugger_0_ed41b1a4c8bddce0b95e.png", "media/images/BoundingBoxDebugger_0_f243d04e6ef04b0a7270.png", "media/images/BoundingBoxDebugger_0_74c79a3572d4343af715.png", "media/images/BoundingBoxDebugger_0_51c28a214961de6958aa.png", "media/images/BoundingBoxDebugger_0_0053b4f3ce202b59929a.png", "media/images/BoundingBoxDebugger_0_a0f0497eb11fd46af19c.png", "media/images/BoundingBoxDebugger_0_71e7c6c27ff61df4bf82.png", "media/images/BoundingBoxDebugger_0_769f4b8bf29f67ede17a.png"], "captions": ["0004a4c0-d4dff0ad_jpg.rf.c4523588d7f9ecd1e3118bbad53fae62.jpg", "7429a7c2-6e655bd4_jpg.rf.27e85397890e9565716dadbf9a2775a1.jpg", "73f91726-a4b42013_jpg.rf.601b0e7a07d1efc07d47f4c98acc69dc.jpg", "73d972b6-17d447e3_jpg.rf.90f85b1f2eb128edfb9b5992f66fbd9a.jpg", "73bc6319-00000000_jpg.rf.0e26d84facecd179ea82286900e7564b.jpg", "73b09461-29fd15f1_jpg.rf.bdef29f4830f80e5c650ebee827897ef.jpg", "73ad6197-185e087c_jpg.rf.05875e6e8dca62689e7d847f21100c91.jpg", "73a1f742-63890001_jpg.rf.83aae5d4a8040389079ef23defac01dd.jpg", "736ef944-35249131_jpg.rf.91913b2810c98b237848b4cae1b40ca9.jpg", "734cfd60-5a112a74_jpg.rf.b85a41547228963b204a19a3785fd840.jpg", "72d1a01b-4a230000_jpg.rf.8f2bbf5e5c07d851c721a010989b980f.jpg", "72d1a01b-00000000_jpg.rf.262eff5e078166a62f9521c4fa2237e9.jpg", "72cd9cec-dbf0b815_jpg.rf.403703b078711454ac765f6756b96f1a.jpg", "7291f215-f66e0000_jpg.rf.a416ff4d1a86289c4653ff18c421ebcf.jpg", "724b5120-98a49fd9_jpg.rf.bc033c758c084f8bf6a53e20e3473fee.jpg", "7238b169-c3aebcfe_jpg.rf.109fa38b3cd092a4f73181697de20c57.jpg"], "all_boxes": [{"predictions": {"_type": "boxes2D", "sha256": "8aea670bd00bcd417777f7ca58c17be8660bded2f7c64ea28cb6eefb6d2c7970", "size": 57103, "path": "media/metadata/boxes2D/BoundingBoxDebugger_0_8aea670bd00bcd417777.boxes2D.json"}}, {"predictions": {"_type": "boxes2D", "sha256": "b205fef1692f6f6ea756751a6fe3c12769beb80f0917819c2ca93364eb4c3eaf", "size": 56522, "path": "media/metadata/boxes2D/BoundingBoxDebugger_0_b205fef1692f6f6ea756.boxes2D.json"}}, {"predictions": {"_type": "boxes2D", "sha256": "aacfe7608441ee5c035aa833ee8ab6d0209ac5af49f63fa52f8c7284b7922ddf", "size": 57782, "path": "media/metadata/boxes2D/BoundingBoxDebugger_0_aacfe7608441ee5c035a.boxes2D.json"}}, {"predictions": {"_type": "boxes2D", "sha256": "0088addf50f4ce860536a93c88e8803f8f0c83e8b30ec3db4de2617b1696d705", "size": 56160, "path": "media/metadata/boxes2D/BoundingBoxDebugger_0_0088addf50f4ce860536.boxes2D.json"}}, {"predictions": {"_type": "boxes2D", "sha256": "318f4d1e3f139932f7046bbf1c07544d128264d5a0d22041602e665212d87555", "size": 56332, "path": "media/metadata/boxes2D/BoundingBoxDebugger_0_318f4d1e3f139932f704.boxes2D.json"}}, {"predictions": {"_type": "boxes2D", "sha256": "51c50646f687420379308deb22e09212350fdcf85e32100cbad177da5fed80d3", "size": 56788, "path": "media/metadata/boxes2D/BoundingBoxDebugger_0_51c50646f68742037930.boxes2D.json"}}, {"predictions": {"_type": "boxes2D", "sha256": "05015c8f7e2d9f623216629e62ce7678158aa88abb1c85e96f815ad831432977", "size": 57115, "path": "media/metadata/boxes2D/BoundingBoxDebugger_0_05015c8f7e2d9f623216.boxes2D.json"}}, {"predictions": {"_type": "boxes2D", "sha256": "1a5303b4cee5d3d632a3d275b098fd1409f67bda92a0d0ad62fa1ffd009cb9ce", "size": 57186, "path": "media/metadata/boxes2D/BoundingBoxDebugger_0_1a5303b4cee5d3d632a3.boxes2D.json"}}, {"predictions": {"_type": "boxes2D", "sha256": "859971ede651cbca4bdce007606394f5bc11b355158bd68f072d8545164269f6", "size": 57053, "path": "media/metadata/boxes2D/BoundingBoxDebugger_0_859971ede651cbca4bdc.boxes2D.json"}}, {"predictions": {"_type": "boxes2D", "sha256": "6018384fde062246103683a87f2e7ea65c5fc9539582f10dae651e5c7fdada3b", "size": 56870, "path": "media/metadata/boxes2D/BoundingBoxDebugger_0_6018384fde0622461036.boxes2D.json"}}, {"predictions": {"_type": "boxes2D", "sha256": "2c4e5b65f3cad7079f1ce626e7bbf1bbc947130b6adbef15ed9103206966a3cc", "size": 58034, "path": "media/metadata/boxes2D/BoundingBoxDebugger_0_2c4e5b65f3cad7079f1c.boxes2D.json"}}, {"predictions": {"_type": "boxes2D", "sha256": "b5e2c589b035c95511252aa2c457c76251271d1b1c58eaf4eb9e5667b4b6c5e1", "size": 57103, "path": "media/metadata/boxes2D/BoundingBoxDebugger_0_b5e2c589b035c9551125.boxes2D.json"}}, {"predictions": {"_type": "boxes2D", "sha256": "8b551238743b71bd7bd77930e31b4d88c333a71bdde22d935c9b589af7e955e4", "size": 57513, "path": "media/metadata/boxes2D/BoundingBoxDebugger_0_8b551238743b71bd7bd7.boxes2D.json"}}, {"predictions": {"_type": "boxes2D", "sha256": "7730271a1d1dadf184e29584f0563e9ee545bcf1565e1ad9e634ace0110c7280", "size": 56791, "path": "media/metadata/boxes2D/BoundingBoxDebugger_0_7730271a1d1dadf184e2.boxes2D.json"}}, {"predictions": {"_type": "boxes2D", "sha256": "f933d3758f3fbfe8dcac1c15227f7f8316445ea3c138f10be1393733ca15ee98", "size": 56501, "path": "media/metadata/boxes2D/BoundingBoxDebugger_0_f933d3758f3fbfe8dcac.boxes2D.json"}}, {"predictions": {"_type": "boxes2D", "sha256": "4a4da11a60b40321b2602a63d1016cac337ff089003ca29a9773b2c989fdd90b", "size": 56361, "path": "media/metadata/boxes2D/BoundingBoxDebugger_0_4a4da11a60b40321b260.boxes2D.json"}}]}, "_timestamp": 1659438736, "_runtime": 524, "_step": 1, "Validation": {"_type": "images/separated", "width": 1920, "height": 1100, "format": "jpg", "count": 6, "filenames": ["media/images/Validation_1_d097abfae22b2f17d02c.jpg", "media/images/Validation_1_b3ca7d6a0641169c48c8.jpg", "media/images/Validation_1_b2627ad1045063fe356f.jpg", "media/images/Validation_1_e46d5227b47cbe242279.jpg", "media/images/Validation_1_d5125036464d0ce07dde.jpg", "media/images/Validation_1_2c86e3f47c39d939aebe.jpg"], "captions": ["val_batch0_labels.jpg", "val_batch0_pred.jpg", "val_batch1_labels.jpg", "val_batch1_pred.jpg", "val_batch2_labels.jpg", "val_batch2_pred.jpg"]}, "Results": {"_type": "images/separated", "width": 2400, "height": 1200, "format": "png", "count": 6,