{"best/epoch": 45, "best/precision": 0.6571342197564601, "best/recall": 0.36448606122632643, "best/mAP_0.5": 0.38045144428082023, "best/mAP_0.5:0.95": 0.23329543968238564, "Labels": {"_type": "images/separated", "width": 2000, "height": 2000, "format": "jpg", "count": 2, "filenames": ["media/images/Labels_0_4542dd33bc3c12891143.jpg", "media/images/Labels_0_aee0fe8e095e02b208b2.jpg"], "captions": ["labels_correlogram.jpg", "labels.jpg"]}, "Mosaics": {"_type": "images/separated", "width": 1920, "height": 1920, "format": "jpg", "count": 3, "filenames": ["media/images/Mosaics_0_b5735ca9d7429a95f4b1.jpg", "media/images/Mosaics_0_27afd1f12a5b02b354e8.jpg", "media/images/Mosaics_0_0ad7bc4e60a7aa039227.jpg"], "captions": ["train_batch0.jpg", "train_batch1.jpg", "train_batch2.jpg"]}, "train/box_loss": 0.03819639980792999, "train/obj_loss": 0.03152799233794212, "train/cls_loss": 0.003935090731829405, "metrics/precision": 0.6569817952086309, "metrics/recall": 0.3645444106954508, "metrics/mAP_0.5": 0.3804968446949375, "metrics/mAP_0.5:0.95": 0.23344723084331967, "val/box_loss": 0.042776159942150116, "val/obj_loss": 0.06301704794168472, "val/cls_loss": 0.00768875889480114, "x/lr0": 0.006898, "x/lr1": 0.006898, "x/lr2": 0.006898, "_timestamp": 1662284380, "_runtime": 15117, "_step": 96, "BoundingBoxDebugger": {"_type": "images/separated", "width": 1344, "height": 768, "format": "png", "count": 16, "filenames": ["media/images/BoundingBoxDebugger_89_ee852353bbcffb6029db.png", "media/images/BoundingBoxDebugger_89_28dde4d61c956d308210.png", "media/images/BoundingBoxDebugger_89_88d4276bf909a7c8731b.png", "media/images/BoundingBoxDebugger_89_46b1609b3dd4b85a558d.png", "media/images/BoundingBoxDebugger_89_785003fd04f4c3107a64.png", "media/images/BoundingBoxDebugger_89_aa349ee51ea80cc2b241.png", "media/images/BoundingBoxDebugger_89_9e8873e8d2336f586820.png", "media/images/BoundingBoxDebugger_89_99e16d2ee1ef5e18040c.png", "media/images/BoundingBoxDebugger_89_3bee43b9efbb99b5fb9e.png", "media/images/BoundingBoxDebugger_89_f28b1174943aeb439e08.png", "media/images/BoundingBoxDebugger_89_53a50e2075a255998660.png", "media/images/BoundingBoxDebugger_89_a8a5e443f99e12afa31a.png", "media/images/BoundingBoxDebugger_89_21ce790b008bad74ff88.png", "media/images/BoundingBoxDebugger_89_c6d1f1fc21d90d736660.png", "media/images/BoundingBoxDebugger_89_0748d1034a65fcd21551.png", "media/images/BoundingBoxDebugger_89_07aed0bacafa44c48e27.png"], "captions": ["7d06fefd-f7be05a6.jpg", "a217361a-01b5b341.jpg", "a217361a-cdf174d7.jpg", "a2297c18-876eb30b.jpg", "a2300bf9-00000000.jpg", "a269d8cd-af4fc1d1.jpg", "a2881013-88cf91d5.jpg", "a293d57a-00000000.jpg", "a296eb41-691738fc.jpg", "a2ae40f3-00000000.jpg", "a2c6d74b-00000000.jpg", "a2c9376f-00000000.jpg", "a2d1b2be-d0ddcd7d.jpg", "a3025d3c-00000000.jpg", "a316282d-0e90097d.jpg", "a316362b-00000000.jpg"], "all_boxes": [{"predictions": {"_type": "boxes2D", "sha256": "d3f165a5cf08d7cb93e4cd97e5bc5cc175643c81b8a5831d328e416239093f02", "size": 41490, "path": "media/metadata/boxes2D/BoundingBoxDebugger_89_d3f165a5cf08d7cb93e4.boxes2D.json"}}, {"predictions": {"_type": "boxes2D", "sha256": "c41597a70ab5a483ac81d0eeb4ca01b182da3322f6d66686d4c0730fc14f17e6", "size": 56552, "path": "media/metadata/boxes2D/BoundingBoxDebugger_89_c41597a70ab5a483ac81.boxes2D.json"}}, {"predictions": {"_type": "boxes2D", "sha256": "521c3a1677d76f5ba5a842259d991a822a28f2d074a115ca28064d39d4596313", "size": 56364, "path": "media/metadata/boxes2D/BoundingBoxDebugger_89_521c3a1677d76f5ba5a8.boxes2D.json"}}, {"predictions": {"_type": "boxes2D", "sha256": "811b7c691e3cd425ac26c13103d28ad3d2d501bf2aa92c763d021e9a3024e3cc", "size": 56401, "path": "media/metadata/boxes2D/BoundingBoxDebugger_89_811b7c691e3cd425ac26.boxes2D.json"}}, {"predictions": {"_type": "boxes2D", "sha256": "964f964156477bdaa9a4baeb604a0760fba87ba2b52f359c993a0c064a1bd397", "size": 56610, "path": "media/metadata/boxes2D/BoundingBoxDebugger_89_964f964156477bdaa9a4.boxes2D.json"}}, {"predictions": {"_type": "boxes2D", "sha256": "e29af0b29cb920a65a978c45bb8f09ef1be7041e98253c00d0e6ca67c06e81a1", "size": 7776, "path": "media/metadata/boxes2D/BoundingBoxDebugger_89_e29af0b29cb920a65a97.boxes2D.json"}}, {"predictions": {"_type": "boxes2D", "sha256": "4609a8c84fa3bf69231f0d845c93b8245dcf67f8729cb38bf0a86ca108733391", "size": 32075, "path": "media/metadata/boxes2D/BoundingBoxDebugger_89_4609a8c84fa3bf69231f.boxes2D.json"}}, {"predictions": {"_type": "boxes2D", "sha256": "8467dd18d22a45cb4f45597acf0266309bbdb72585436e485b8ddad344a3b485", "size": 25404, "path": "media/metadata/boxes2D/BoundingBoxDebugger_89_8467dd18d22a45cb4f45.boxes2D.json"}}, {"predictions": {"_type": "boxes2D", "sha256": "5ee7792cd5ff4ebb752d9f7398fa0ba831d770a9cba974efdcb13c83c470f296", "size": 37527, "path": "media/metadata/boxes2D/BoundingBoxDebugger_89_5ee7792cd5ff4ebb752d.boxes2D.json"}}, {"predictions": {"_type": "boxes2D", "sha256": "edb633891cd136465c2f79caf66ed117bd0ad916b6ca8955cae16cd95d6fa543", "size": 56688, "path": "media/metadata/boxes2D/BoundingBoxDebugger_89_edb633891cd136465c2f.boxes2D.json"}}, {"predictions": {"_type": "boxes2D", "sha256": "b209bf07467dc96b16a97bf547f9f30e6acb29fd7e87d44c1bbc196e93c91b45", "size": 51876, "path": "media/metadata/boxes2D/BoundingBoxDebugger_89_b209bf07467dc96b16a9.boxes2D.json"}}, {"predictions": {"_type": "boxes2D", "sha256": "414b42c155810fe2ac1444db4f6122356dcabe1df8f7640c4e90efb9f3c52580", "size": 30132, "path": "media/metadata/boxes2D/BoundingBoxDebugger_89_414b42c155810fe2ac14.boxes2D.json"}}, {"predictions": {"_type": "boxes2D", "sha256": "a017104695145a9b79187d631726de271fa961358170f7ab1f2603cbb680b49c", "size": 32775, "path": "media/metadata/boxes2D/BoundingBoxDebugger_89_a017104695145a9b7918.boxes2D.json"}}, {"predictions": {"_type": "boxes2D", "sha256": "a25ed1262482cb09f9c56232fbd98a9cd3bfddb0423d1bd94bd790f9a80ffcf1", "size": 42406, "path": "media/metadata/boxes2D/BoundingBoxDebugger_89_a25ed1262482cb09f9c5.boxes2D.json"}}, {"predictions": {"_type": "boxes2D", "sha256": "8db0df4330f7711f377e14979bcb52f01bc45bf29e4c2398cb27521975f6b617", "size": 26713, "path": "media/metadata/boxes2D/BoundingBoxDebugger_89_8db0df4330f7711f377e.boxes2D.json"}}, {"predictions": {"_type": "boxes2D", "sha256": "190d1403863d4e719feb382fed51a6354c634cdb7653b8add77530ca4effb1f5", "size": 46693, "path": "media/metadata/boxes2D/BoundingBoxDebugger_89_190d1403863d4e719feb.boxes2D.json"}}]}, "Validation": {"_type": "images/separated", "width": 1920, "height": 1100, "format": "jpg", "count": 6, "filenames": ["media/images/Validation_96_16851127fed0319052e2.jpg", "media/images/Validation_96_aa95de97786d9818daa0.jpg", "media/images/Validation_96_90cb3e1fc03ef97f8783.jpg", "media/images/Validation_96_e741016931ef7a673315.jpg", "media/images/Validation_96_c7bb9755ae28184a548f.jpg", "media/images/Validation_96_2b6b68a5ff33ce274de9.jpg"], "captions": ["val_batch0_labels.jpg", "val_batch0_pred.jpg", "val_batch1_labels.jpg", "val_batch1_pred.jpg", "val_batch2_labels.jpg", "val_batch2_pred.jpg"]}, "Results": {"_type": "images/separated", "width": 2400, "height": 1200, "format": "png", "count": 6, "filenames": ["media/images/Results_96_7f5ed7f1c2b83efb9fa9.png", "media/images/Results_96_951fed35918f26eee6d2.png", "media/images/Results_96_4524a494fd0f1d880542.png", "media/images/Results_96_f7a7b3470d878b572e75.png", "media/images/Results_96_27c0e62288b9a040c9da.png", "media/images/Results_96_f4f0fed0498af279c93e.png"], "captions": ["results.png", "confusion_matrix.png", "F1_curve.png", "PR_curve.png", "P_curve.png", "R_curve.png"]}, "_wandb": {"runtime": 15118}}