{"best/epoch": 95, "best/precision": 0.515365185706094, "best/recall": 0.34610565290343986, "best/mAP_0.5": 0.37931564576113985, "best/mAP_0.5:0.95": 0.23944730875397396, "Labels": {"_type": "images/separated", "width": 2000, "height": 2000, "format": "jpg", "count": 2, "filenames": ["media/images/Labels_0_4542dd33bc3c12891143.jpg", "media/images/Labels_0_aee0fe8e095e02b208b2.jpg"], "captions": ["labels_correlogram.jpg", "labels.jpg"]}, "Mosaics": {"_type": "images/separated", "width": 1920, "height": 1920, "format": "jpg", "count": 3, "filenames": ["media/images/Mosaics_0_b5735ca9d7429a95f4b1.jpg", "media/images/Mosaics_0_27afd1f12a5b02b354e8.jpg", "media/images/Mosaics_0_0ad7bc4e60a7aa039227.jpg"], "captions": ["train_batch0.jpg", "train_batch1.jpg", "train_batch2.jpg"]}, "train/box_loss": 0.037428177893161774, "train/obj_loss": 0.029437683522701263, "train/cls_loss": 0.0028659170493483543, "metrics/precision": 0.523110737741182, "metrics/recall": 0.343964076845098, "metrics/mAP_0.5": 0.3795945118661272, "metrics/mAP_0.5:0.95": 0.23951563842533025, "val/box_loss": 0.04308023303747177, "val/obj_loss": 0.06300844252109528, "val/cls_loss": 0.008595968596637249, "x/lr0": 0.005248000000000001, "x/lr1": 0.005248000000000001, "x/lr2": 0.005248000000000001, "_timestamp": 1662316986, "_runtime": 22770, "_step": 146, "BoundingBoxDebugger": {"_type": "images/separated", "width": 1344, "height": 768, "format": "png", "count": 16, "filenames": ["media/images/BoundingBoxDebugger_119_ee852353bbcffb6029db.png", "media/images/BoundingBoxDebugger_119_28dde4d61c956d308210.png", "media/images/BoundingBoxDebugger_119_88d4276bf909a7c8731b.png", "media/images/BoundingBoxDebugger_119_46b1609b3dd4b85a558d.png", "media/images/BoundingBoxDebugger_119_785003fd04f4c3107a64.png", "media/images/BoundingBoxDebugger_119_aa349ee51ea80cc2b241.png", "media/images/BoundingBoxDebugger_119_9e8873e8d2336f586820.png", "media/images/BoundingBoxDebugger_119_99e16d2ee1ef5e18040c.png", "media/images/BoundingBoxDebugger_119_3bee43b9efbb99b5fb9e.png", "media/images/BoundingBoxDebugger_119_f28b1174943aeb439e08.png", "media/images/BoundingBoxDebugger_119_53a50e2075a255998660.png", "media/images/BoundingBoxDebugger_119_a8a5e443f99e12afa31a.png", "media/images/BoundingBoxDebugger_119_21ce790b008bad74ff88.png", "media/images/BoundingBoxDebugger_119_c6d1f1fc21d90d736660.png", "media/images/BoundingBoxDebugger_119_0748d1034a65fcd21551.png", "media/images/BoundingBoxDebugger_119_07aed0bacafa44c48e27.png"], "captions": ["7d06fefd-f7be05a6.jpg", "a217361a-01b5b341.jpg", "a217361a-cdf174d7.jpg", "a2297c18-876eb30b.jpg", "a2300bf9-00000000.jpg", "a269d8cd-af4fc1d1.jpg", "a2881013-88cf91d5.jpg", "a293d57a-00000000.jpg", "a296eb41-691738fc.jpg", "a2ae40f3-00000000.jpg", "a2c6d74b-00000000.jpg", "a2c9376f-00000000.jpg", "a2d1b2be-d0ddcd7d.jpg", "a3025d3c-00000000.jpg", "a316282d-0e90097d.jpg", "a316362b-00000000.jpg"], "all_boxes": [{"predictions": {"_type": "boxes2D", "sha256": "e8d067e75d863dbdb63aae0aa8c532ca1e2e192a7ba6fb13ada31e13090c92ca", "size": 27497, "path": "media/metadata/boxes2D/BoundingBoxDebugger_119_e8d067e75d863dbdb63a.boxes2D.json"}}, {"predictions": {"_type": "boxes2D", "sha256": "1a47aac08e9a4e0c2b9e0da8c0ee116096e269515303940a9e11ea4c01551235", "size": 56567, "path": "media/metadata/boxes2D/BoundingBoxDebugger_119_1a47aac08e9a4e0c2b9e.boxes2D.json"}}, {"predictions": {"_type": "boxes2D", "sha256": "90270781134b8f187095c9fea3dd5b3c429cfbc0c9d7261a00cf5b4922cc6bd5", "size": 56412, "path": "media/metadata/boxes2D/BoundingBoxDebugger_119_90270781134b8f187095.boxes2D.json"}}, {"predictions": {"_type": "boxes2D", "sha256": "5381f45e34d3c6d6e3c67c9c78fea74467962dd0fcfc0d9a55f8e9c45f33cdd4", "size": 56609, "path": "media/metadata/boxes2D/BoundingBoxDebugger_119_5381f45e34d3c6d6e3c6.boxes2D.json"}}, {"predictions": {"_type": "boxes2D", "sha256": "d9a59d633302bf088317b4029b81da233b014428916b05309c6068a73b20a840", "size": 56607, "path": "media/metadata/boxes2D/BoundingBoxDebugger_119_d9a59d633302bf088317.boxes2D.json"}}, {"predictions": {"_type": "boxes2D", "sha256": "184dabc53141261e2bbfbcc1de097c622e31991cbbb053e10c556b92eb71b80e", "size": 6615, "path": "media/metadata/boxes2D/BoundingBoxDebugger_119_184dabc53141261e2bbf.boxes2D.json"}}, {"predictions": {"_type": "boxes2D", "sha256": "48cccc538bb68d71f6e5f42ca634acd84b9dc780caf6e91a42fb956546120e56", "size": 29182, "path": "media/metadata/boxes2D/BoundingBoxDebugger_119_48cccc538bb68d71f6e5.boxes2D.json"}}, {"predictions": {"_type": "boxes2D", "sha256": "2bb2670defe4f58bba0eaf55a6b47e9fb0ea5ae38dbc8c171f13c8efc074ce16", "size": 14439, "path": "media/metadata/boxes2D/BoundingBoxDebugger_119_2bb2670defe4f58bba0e.boxes2D.json"}}, {"predictions": {"_type": "boxes2D", "sha256": "6193c7684d5305556caad0f99349cb58e9eb62e0febec900ee318670de586804", "size": 36081, "path": "media/metadata/boxes2D/BoundingBoxDebugger_119_6193c7684d5305556caa.boxes2D.json"}}, {"predictions": {"_type": "boxes2D", "sha256": "f4bf35ea1e0cb0954d538d7293dcfdd94bf81b0d433010311c0b30292db5a3ff", "size": 56678, "path": "media/metadata/boxes2D/BoundingBoxDebugger_119_f4bf35ea1e0cb0954d53.boxes2D.json"}}, {"predictions": {"_type": "boxes2D", "sha256": "b5dc57d061b6153b77b1e5faabd7ff56092fef0de8c2846503f46d4050057732", "size": 45099, "path": "media/metadata/boxes2D/BoundingBoxDebugger_119_b5dc57d061b6153b77b1.boxes2D.json"}}, {"predictions": {"_type": "boxes2D", "sha256": "93c163963af6aba7b76d785191f173317b515daa81effb277bdafb3a0f0ad262", "size": 34664, "path": "media/metadata/boxes2D/BoundingBoxDebugger_119_93c163963af6aba7b76d.boxes2D.json"}}, {"predictions": {"_type": "boxes2D", "sha256": "d4f28579d5ad719ae6027639047c79a0562474e164c24267bd1a6cd42fee4c59", "size": 24616, "path": "media/metadata/boxes2D/BoundingBoxDebugger_119_d4f28579d5ad719ae602.boxes2D.json"}}, {"predictions": {"_type": "boxes2D", "sha256": "ee29373e0116ff3c321a32b3c6597b596588eb3fb7c6ef33ea62270fb65ee6e0", "size": 39699, "path": "media/metadata/boxes2D/BoundingBoxDebugger_119_ee29373e0116ff3c321a.boxes2D.json"}}, {"predictions": {"_type": "boxes2D", "sha256": "0d44c8e7fecf3d301a1d0c3112b349aefe1adfb9c0a329a1cbc4063c51be5742", "size": 28934, "path": "media/metadata/boxes2D/BoundingBoxDebugger_119_0d44c8e7fecf3d301a1d.boxes2D.json"}}, {"predictions": {"_type": "boxes2D", "sha256": "ea6de6d04b20bdc1f84a6ed63ba4c69c0456dcfd935bd21b6f4c93e7daa25dfd", "size": 39139, "path": "media/metadata/boxes2D/BoundingBoxDebugger_119_ea6de6d04b20bdc1f84a.boxes2D.json"}}]}, "Validation": {"_type": "images/separated", "width": 1920, "height": 1100, "format": "jpg", "count": 6, "filenames": ["media/images/Validation_146_16851127fed0319052e2.jpg", "media/images/Validation_146_1b8a41b401a9862b0891.jpg", "media/images/Validation_146_90cb3e1fc03ef97f8783.jpg", "media/images/Validation_146_9139aba45da625d5d763.jpg", "media/images/Validation_146_c7bb9755ae28184a548f.jpg", "media/images/Validation_146_03dd4e9c111d7c29a67e.jpg"], "captions": ["val_batch0_labels.jpg", "val_batch0_pred.jpg", "val_batch1_labels.jpg", "val_batch1_pred.jpg", "val_batch2_labels.jpg", "val_batch2_pred.jpg"]}, "Results": {"_type": "images/separated", "width": 2400, "height": 1200, "format": "png", "count": 6, "filenames": ["media/images/Results_146_6331c837573d49d2aa5c.png", "media/images/Results_146_07c9546773ed41aa82e1.png", "media/images/Results_146_10c9414ca6398771b8a6.png", "media/images/Results_146_f1bd526bcb012658589e.png", "media/images/Results_146_b0e31ebaeec9b06649a9.png", "media/images/Results_146_16b590d78cd04b820fbf.png"], "captions": ["results.png", "confusion_matrix.png", "F1_curve.png", "PR_curve.png", "P_curve.png", "R_curve.png"]}, "_wandb": {"runtime": 22771}}