{"best/epoch": 39, "best/precision": 0.5382651080108982, "best/recall": 0.3575120738109057, "best/mAP_0.5": 0.3914962548567723, "best/mAP_0.5:0.95": 0.243220255724736, "Labels": {"_type": "images/separated", "width": 2000, "height": 2000, "format": "jpg", "count": 2, "filenames": ["media/images/Labels_0_dad01c1423538d3081a0.jpg", "media/images/Labels_0_7035a8283727d0447d27.jpg"], "captions": ["labels_correlogram.jpg", "labels.jpg"]}, "Mosaics": {"_type": "images/separated", "width": 1920, "height": 1920, "format": "jpg", "count": 3, "filenames": ["media/images/Mosaics_0_aa04a27e57663f799575.jpg", "media/images/Mosaics_0_27e9905f58cde51118f4.jpg", "media/images/Mosaics_0_03c95747b1a82cbed17b.jpg"], "captions": ["train_batch0.jpg", "train_batch1.jpg", "train_batch2.jpg"]}, "train/box_loss": 0.04081723839044571, "train/obj_loss": 0.03827986121177673, "train/cls_loss": 0.004991746973246336, "metrics/precision": 0.537663092314403, "metrics/recall": 0.3584292090583727, "metrics/mAP_0.5": 0.39164624863143177, "metrics/mAP_0.5:0.95": 0.2433997100825532, "val/box_loss": 0.045024573802948, "val/obj_loss": 0.061851006001234055, "val/cls_loss": 0.0077760773710906506, "x/lr0": 0.007096, "x/lr1": 0.007096, "x/lr2": 0.007096, "_timestamp": 1662115291, "_runtime": 26585, "_step": 90, "BoundingBoxDebugger": {"_type": "images/separated", "width": 1344, "height": 768, "format": "png", "count": 16, "filenames": ["media/images/BoundingBoxDebugger_89_ee852353bbcffb6029db.png", "media/images/BoundingBoxDebugger_89_28dde4d61c956d308210.png", "media/images/BoundingBoxDebugger_89_88d4276bf909a7c8731b.png", "media/images/BoundingBoxDebugger_89_46b1609b3dd4b85a558d.png", "media/images/BoundingBoxDebugger_89_785003fd04f4c3107a64.png", "media/images/BoundingBoxDebugger_89_aa349ee51ea80cc2b241.png", "media/images/BoundingBoxDebugger_89_9e8873e8d2336f586820.png", "media/images/BoundingBoxDebugger_89_99e16d2ee1ef5e18040c.png", "media/images/BoundingBoxDebugger_89_3bee43b9efbb99b5fb9e.png", "media/images/BoundingBoxDebugger_89_f28b1174943aeb439e08.png", "media/images/BoundingBoxDebugger_89_53a50e2075a255998660.png", "media/images/BoundingBoxDebugger_89_a8a5e443f99e12afa31a.png", "media/images/BoundingBoxDebugger_89_21ce790b008bad74ff88.png", "media/images/BoundingBoxDebugger_89_c6d1f1fc21d90d736660.png", "media/images/BoundingBoxDebugger_89_0748d1034a65fcd21551.png", "media/images/BoundingBoxDebugger_89_07aed0bacafa44c48e27.png"], "captions": ["7d06fefd-f7be05a6.jpg", "a217361a-01b5b341.jpg", "a217361a-cdf174d7.jpg", "a2297c18-876eb30b.jpg", "a2300bf9-00000000.jpg", "a269d8cd-af4fc1d1.jpg", "a2881013-88cf91d5.jpg", "a293d57a-00000000.jpg", "a296eb41-691738fc.jpg", "a2ae40f3-00000000.jpg", "a2c6d74b-00000000.jpg", "a2c9376f-00000000.jpg", "a2d1b2be-d0ddcd7d.jpg", "a3025d3c-00000000.jpg", "a316282d-0e90097d.jpg", "a316362b-00000000.jpg"], "all_boxes": [{"predictions": {"_type": "boxes2D", "sha256": "84d8b82bbc741f31accde0837f4d74285c69c046fede93e0e94573d1eb1daa08", "size": 28823, "path": "media/metadata/boxes2D/BoundingBoxDebugger_89_84d8b82bbc741f31accd.boxes2D.json"}}, {"predictions": {"_type": "boxes2D", "sha256": "8b856c1ece9ce6147e751c87b67c19e5fc024a89f213e23971148e24e4ef917c", "size": 56708, "path": "media/metadata/boxes2D/BoundingBoxDebugger_89_8b856c1ece9ce6147e75.boxes2D.json"}}, {"predictions": {"_type": "boxes2D", "sha256": "944eac810dee3200a6ddf955000a38e6872ea6f0a1a3860915698bf4e5287bde", "size": 56544, "path": "media/metadata/boxes2D/BoundingBoxDebugger_89_944eac810dee3200a6dd.boxes2D.json"}}, {"predictions": {"_type": "boxes2D", "sha256": "77109b9a30a577c344b7555f6f87c572629a42862fea739a39e2275dcc05b65f", "size": 56473, "path": "media/metadata/boxes2D/BoundingBoxDebugger_89_77109b9a30a577c344b7.boxes2D.json"}}, {"predictions": {"_type": "boxes2D", "sha256": "adbc12860d93772bec4cdb33287d8025e6d93ac64609414fadcff7508a86a3b9", "size": 56679, "path": "media/metadata/boxes2D/BoundingBoxDebugger_89_adbc12860d93772bec4c.boxes2D.json"}}, {"predictions": {"_type": "boxes2D", "sha256": "a5036c0869fff1c6ae4040de0bc6c0cae589f599953b524432f5fabf94c96157", "size": 10181, "path": "media/metadata/boxes2D/BoundingBoxDebugger_89_a5036c0869fff1c6ae40.boxes2D.json"}}, {"predictions": {"_type": "boxes2D", "sha256": "1e8296a70e29aa6f1fb1b8d25c90019ac7f83bc57183ec2ce9ab3fb7ae82a459", "size": 39784, "path": "media/metadata/boxes2D/BoundingBoxDebugger_89_1e8296a70e29aa6f1fb1.boxes2D.json"}}, {"predictions": {"_type": "boxes2D", "sha256": "456307cd1d968210ffc80d0e2a21f83574bc93f214a397a32709ae89e8dbfc8e", "size": 19752, "path": "media/metadata/boxes2D/BoundingBoxDebugger_89_456307cd1d968210ffc8.boxes2D.json"}}, {"predictions": {"_type": "boxes2D", "sha256": "128141f35ce859678638522403750562635aa0ac10779089668273a16b2672e5", "size": 55018, "path": "media/metadata/boxes2D/BoundingBoxDebugger_89_128141f35ce859678638.boxes2D.json"}}, {"predictions": {"_type": "boxes2D", "sha256": "1383b1d517efc7987f390c87fe811a12d4a32d9c27265df2858993591c954dfa", "size": 56560, "path": "media/metadata/boxes2D/BoundingBoxDebugger_89_1383b1d517efc7987f39.boxes2D.json"}}, {"predictions": {"_type": "boxes2D", "sha256": "05c0bab04b5eff50a16dbba9b42ea4fc7609f2e081142e1754592bd7ccd5864b", "size": 56889, "path": "media/metadata/boxes2D/BoundingBoxDebugger_89_05c0bab04b5eff50a16d.boxes2D.json"}}, {"predictions": {"_type": "boxes2D", "sha256": "1af1f584a695a9ab1841fb6ae6b611530094975812fbc90e3e74194c89ea80a7", "size": 30737, "path": "media/metadata/boxes2D/BoundingBoxDebugger_89_1af1f584a695a9ab1841.boxes2D.json"}}, {"predictions": {"_type": "boxes2D", "sha256": "6fc5a5c35f599a78b98c7823be177f937ba932cba8985ed7411fcc9e9ba24a04", "size": 31615, "path": "media/metadata/boxes2D/BoundingBoxDebugger_89_6fc5a5c35f599a78b98c.boxes2D.json"}}, {"predictions": {"_type": "boxes2D", "sha256": "e20dedb000ebe3a9d31239c3984bd2671e71631259e38754ce0e3746452e22af", "size": 50684, "path": "media/metadata/boxes2D/BoundingBoxDebugger_89_e20dedb000ebe3a9d312.boxes2D.json"}}, {"predictions": {"_type": "boxes2D", "sha256": "5ec871631056d77308cf8865ce1b79ea0859273b234e82facd004eeb68238f9d", "size": 30506, "path": "media/metadata/boxes2D/BoundingBoxDebugger_89_5ec871631056d77308cf.boxes2D.json"}}, {"predictions": {"_type": "boxes2D", "sha256": "960498c7a40549e3ef08e43cd968b2b48ee4478a670939fdaceac91c86956457", "size": 44451, "path": "media/metadata/boxes2D/BoundingBoxDebugger_89_960498c7a40549e3ef08.boxes2D.json"}}]}, "Validation": {"_type": "images/separated", "width": 1920, "height": 1100, "format": "jpg", "count": 6, "filenames": ["media/images/Validation_90_16851127fed0319052e2.jpg", "media/images/Validation_90_744fa2812f49dbad9336.jpg", "media/images/Validation_90_90cb3e1fc03ef97f8783.jpg", "media/images/Validation_90_2d2b1f98a5ee870386d0.jpg", "media/images/Validation_90_c7bb9755ae28184a548f.jpg", "media/images/Validation_90_10c6718239093fd16536.jpg"], "captions": ["val_batch0_labels.jpg", "val_batch0_pred.jpg", "val_batch1_labels.jpg", "val_batch1_pred.jpg", "val_batch2_labels.jpg", "val_batch2_pred.jpg"]}, "Results": {"_type": "images/separated", "width": 2400, "height": 1200, "format": "png", "count": 6, "filenames": ["media/images/Results_90_ec95486f4d31f1db4ce8.png", "media/images/Results_90_0f6c3ee6f21a68ee2fe5.png", "media/images/Results_90_6bfe61a02f8e6519f44d.png", "media/images/Results_90_a19f48acc06c3ce8a081.png", "media/images/Results_90_d6ac1a49a4f1d113be17.png", "media/images/Results_90_f3c6beea3bbf0a78636f.png"], "captions": ["results.png", "confusion_matrix.png", "F1_curve.png", "PR_curve.png", "P_curve.png", "R_curve.png"]}, "_wandb": {"runtime": 26586}}