{"best/epoch": 39, "best/precision": 0.5382651080108982, "best/recall": 0.3575120738109057, "best/mAP_0.5": 0.3914962548567723, "best/mAP_0.5:0.95": 0.243220255724736, "Labels": {"_type": "images/separated", "width": 2000, "height": 2000, "format": "jpg", "count": 2, "filenames": ["media/images/Labels_0_dad01c1423538d3081a0.jpg", "media/images/Labels_0_7035a8283727d0447d27.jpg"], "captions": ["labels_correlogram.jpg", "labels.jpg"]}, "Mosaics": {"_type": "images/separated", "width": 1920, "height": 1920, "format": "jpg", "count": 3, "filenames": ["media/images/Mosaics_0_aa04a27e57663f799575.jpg", "media/images/Mosaics_0_27e9905f58cde51118f4.jpg", "media/images/Mosaics_0_03c95747b1a82cbed17b.jpg"], "captions": ["train_batch0.jpg", "train_batch1.jpg", "train_batch2.jpg"]}, "train/box_loss": 0.04269152507185936, "train/obj_loss": 0.040232378989458084, "train/cls_loss": 0.006251195445656776, "metrics/precision": 0.6846147533550058, "metrics/recall": 0.34036874462030303, "metrics/mAP_0.5": 0.3905672606284921, "metrics/mAP_0.5:0.95": 0.24039429746320837, "val/box_loss": 0.04473094269633293, "val/obj_loss": 0.062041882425546646, "val/cls_loss": 0.008141358382999897, "x/lr0": 0.008218000000000001, "x/lr1": 0.008218000000000001, "x/lr2": 0.008218000000000001, "_timestamp": 1662105296, "_runtime": 16590, "_step": 55, "BoundingBoxDebugger": {"_type": "images/separated", "width": 1344, "height": 768, "format": "png", "count": 16, "filenames": ["media/images/BoundingBoxDebugger_29_ee852353bbcffb6029db.png", "media/images/BoundingBoxDebugger_29_28dde4d61c956d308210.png", "media/images/BoundingBoxDebugger_29_88d4276bf909a7c8731b.png", "media/images/BoundingBoxDebugger_29_46b1609b3dd4b85a558d.png", "media/images/BoundingBoxDebugger_29_785003fd04f4c3107a64.png", "media/images/BoundingBoxDebugger_29_aa349ee51ea80cc2b241.png", "media/images/BoundingBoxDebugger_29_9e8873e8d2336f586820.png", "media/images/BoundingBoxDebugger_29_99e16d2ee1ef5e18040c.png", "media/images/BoundingBoxDebugger_29_3bee43b9efbb99b5fb9e.png", "media/images/BoundingBoxDebugger_29_f28b1174943aeb439e08.png", "media/images/BoundingBoxDebugger_29_53a50e2075a255998660.png", "media/images/BoundingBoxDebugger_29_a8a5e443f99e12afa31a.png", "media/images/BoundingBoxDebugger_29_21ce790b008bad74ff88.png", "media/images/BoundingBoxDebugger_29_c6d1f1fc21d90d736660.png", "media/images/BoundingBoxDebugger_29_0748d1034a65fcd21551.png", "media/images/BoundingBoxDebugger_29_07aed0bacafa44c48e27.png"], "captions": ["7d06fefd-f7be05a6.jpg", "a217361a-01b5b341.jpg", "a217361a-cdf174d7.jpg", "a2297c18-876eb30b.jpg", "a2300bf9-00000000.jpg", "a269d8cd-af4fc1d1.jpg", "a2881013-88cf91d5.jpg", "a293d57a-00000000.jpg", "a296eb41-691738fc.jpg", "a2ae40f3-00000000.jpg", "a2c6d74b-00000000.jpg", "a2c9376f-00000000.jpg", "a2d1b2be-d0ddcd7d.jpg", "a3025d3c-00000000.jpg", "a316282d-0e90097d.jpg", "a316362b-00000000.jpg"], "all_boxes": [{"predictions": {"_type": "boxes2D", "sha256": "46476bc4cbdbafe729826c9a24d68ea40c094b22e960af953d812c2cc523c9a0", "size": 46629, "path": "media/metadata/boxes2D/BoundingBoxDebugger_29_46476bc4cbdbafe72982.boxes2D.json"}}, {"predictions": {"_type": "boxes2D", "sha256": "a7acea0b983399fd7d4041d9b3127acc1a0367b67aa93a0ff959f05ffb76690a", "size": 56298, "path": "media/metadata/boxes2D/BoundingBoxDebugger_29_a7acea0b983399fd7d40.boxes2D.json"}}, {"predictions": {"_type": "boxes2D", "sha256": "e7cde8e2fea5278fba24f77bdd8d3a94025b6dfb3230f87f125b9464098c3d3c", "size": 56251, "path": "media/metadata/boxes2D/BoundingBoxDebugger_29_e7cde8e2fea5278fba24.boxes2D.json"}}, {"predictions": {"_type": "boxes2D", "sha256": "c2f89af670cbd815f569e945d071bebf7b02dd070045e08410e5aa3640926e62", "size": 56278, "path": "media/metadata/boxes2D/BoundingBoxDebugger_29_c2f89af670cbd815f569.boxes2D.json"}}, {"predictions": {"_type": "boxes2D", "sha256": "d4471f58fc8803d18707dfd746578f01ddd984845a96e8ccd42f87e0396bce31", "size": 56409, "path": "media/metadata/boxes2D/BoundingBoxDebugger_29_d4471f58fc8803d18707.boxes2D.json"}}, {"predictions": {"_type": "boxes2D", "sha256": "65f04816714b5a0107c5fe7ad5717c6d0559a65e05e34fb86daba2a3db43cec4", "size": 13596, "path": "media/metadata/boxes2D/BoundingBoxDebugger_29_65f04816714b5a0107c5.boxes2D.json"}}, {"predictions": {"_type": "boxes2D", "sha256": "eafcf189a6fa6a239320ad0a5282592d3aca9d4c87dcca8395c1fe8854b8e4c6", "size": 49893, "path": "media/metadata/boxes2D/BoundingBoxDebugger_29_eafcf189a6fa6a239320.boxes2D.json"}}, {"predictions": {"_type": "boxes2D", "sha256": "92701eecaad05868a7b6f04b85d48639af6fa0a162f4bc5f10e7339987823508", "size": 28884, "path": "media/metadata/boxes2D/BoundingBoxDebugger_29_92701eecaad05868a7b6.boxes2D.json"}}, {"predictions": {"_type": "boxes2D", "sha256": "d1aceaf2910b08b4ac4e951cb03dcd868a8a277efd50cff69315ce15f1c84258", "size": 56629, "path": "media/metadata/boxes2D/BoundingBoxDebugger_29_d1aceaf2910b08b4ac4e.boxes2D.json"}}, {"predictions": {"_type": "boxes2D", "sha256": "72c35f190363bdc2e115037f566a409bae32c4e070dd319fd6e69426dd65504f", "size": 56496, "path": "media/metadata/boxes2D/BoundingBoxDebugger_29_72c35f190363bdc2e115.boxes2D.json"}}, {"predictions": {"_type": "boxes2D", "sha256": "14abe53ea6659142eccb125e668145f5bd3f8052e19a9f080966a7f44cc67946", "size": 56779, "path": "media/metadata/boxes2D/BoundingBoxDebugger_29_14abe53ea6659142eccb.boxes2D.json"}}, {"predictions": {"_type": "boxes2D", "sha256": "52825e6abac86f70fc58e6fd4e9e7d5ee64feb44deee22418cd00b09fa501761", "size": 57089, "path": "media/metadata/boxes2D/BoundingBoxDebugger_29_52825e6abac86f70fc58.boxes2D.json"}}, {"predictions": {"_type": "boxes2D", "sha256": "92f15129bfcc1170708f29941332c91cb191bd41b79e97221ab23cc537849595", "size": 49428, "path": "media/metadata/boxes2D/BoundingBoxDebugger_29_92f15129bfcc1170708f.boxes2D.json"}}, {"predictions": {"_type": "boxes2D", "sha256": "a59aef5c94e40a504300abf4129fdc43e0f193302c16454460e6216093bbaf01", "size": 56498, "path": "media/metadata/boxes2D/BoundingBoxDebugger_29_a59aef5c94e40a504300.boxes2D.json"}}, {"predictions": {"_type": "boxes2D", "sha256": "77b3cc02a8387ccdcb14802a94f14e318bb776b1bb5858e362704c543c1118a1", "size": 38881, "path": "media/metadata/boxes2D/BoundingBoxDebugger_29_77b3cc02a8387ccdcb14.boxes2D.json"}}, {"predictions": {"_type": "boxes2D", "sha256": "e846966600c549e8f966e0b6179e7ea8973d824ebb9dc051d60edebda8aef4e9", "size": 56545, "path": "media/metadata/boxes2D/BoundingBoxDebugger_29_e846966600c549e8f966.boxes2D.json"}}]}}