{"best/epoch": 134, "best/precision": 0.7472685679714293, "best/recall": 0.3289097033480423, "best/mAP_0.5": 0.3778580706789423, "best/mAP_0.5:0.95": 0.24155710580461168, "Labels": {"_type": "images/separated", "width": 2000, "height": 2000, "format": "jpg", "count": 2, "filenames": ["media/images/Labels_0_014b32c1c455ba565211.jpg", "media/images/Labels_0_e686cf0ffef4ef07bc11.jpg"], "captions": ["labels_correlogram.jpg", "labels.jpg"]}, "Mosaics": {"_type": "images/separated", "width": 1920, "height": 1920, "format": "jpg", "count": 3, "filenames": ["media/images/Mosaics_0_7e85e04e56d704bbbf3e.jpg", "media/images/Mosaics_0_6bc858a27d03cf80ecc4.jpg", "media/images/Mosaics_0_14601d64a83f7aecb176.jpg"], "captions": ["train_batch0.jpg", "train_batch1.jpg", "train_batch2.jpg"]}, "train/box_loss": 0.035793717950582504, "train/obj_loss": 0.027547402307391167, "train/cls_loss": 0.002367037581279874, "metrics/precision": 0.7448573460830507, "metrics/recall": 0.3281768445661627, "metrics/mAP_0.5": 0.3771633043093706, "metrics/mAP_0.5:0.95": 0.24182088187626932, "val/box_loss": 0.04201189801096916, "val/obj_loss": 0.06367149949073792, "val/cls_loss": 0.008931787684559822, "x/lr0": 0.003961, "x/lr1": 0.003961, "x/lr2": 0.003961, "_timestamp": 1659906953, "_runtime": 25737, "_step": 185, "BoundingBoxDebugger": {"_type": "images/separated", "width": 1344, "height": 768, "format": "png", "count": 16, "filenames": ["media/images/BoundingBoxDebugger_179_ee852353bbcffb6029db.png", "media/images/BoundingBoxDebugger_179_28dde4d61c956d308210.png", "media/images/BoundingBoxDebugger_179_88d4276bf909a7c8731b.png", "media/images/BoundingBoxDebugger_179_46b1609b3dd4b85a558d.png", "media/images/BoundingBoxDebugger_179_785003fd04f4c3107a64.png", "media/images/BoundingBoxDebugger_179_aa349ee51ea80cc2b241.png", "media/images/BoundingBoxDebugger_179_9e8873e8d2336f586820.png", "media/images/BoundingBoxDebugger_179_99e16d2ee1ef5e18040c.png", "media/images/BoundingBoxDebugger_179_3bee43b9efbb99b5fb9e.png", "media/images/BoundingBoxDebugger_179_f28b1174943aeb439e08.png", "media/images/BoundingBoxDebugger_179_53a50e2075a255998660.png", "media/images/BoundingBoxDebugger_179_a8a5e443f99e12afa31a.png", "media/images/BoundingBoxDebugger_179_21ce790b008bad74ff88.png", "media/images/BoundingBoxDebugger_179_c6d1f1fc21d90d736660.png", "media/images/BoundingBoxDebugger_179_0748d1034a65fcd21551.png", "media/images/BoundingBoxDebugger_179_07aed0bacafa44c48e27.png"], "captions": ["7d06fefd-f7be05a6.jpg", "a217361a-01b5b341.jpg", "a217361a-cdf174d7.jpg", "a2297c18-876eb30b.jpg", "a2300bf9-00000000.jpg", "a269d8cd-af4fc1d1.jpg", "a2881013-88cf91d5.jpg", "a293d57a-00000000.jpg", "a296eb41-691738fc.jpg", "a2ae40f3-00000000.jpg", "a2c6d74b-00000000.jpg", "a2c9376f-00000000.jpg", "a2d1b2be-d0ddcd7d.jpg", "a3025d3c-00000000.jpg", "a316282d-0e90097d.jpg", "a316362b-00000000.jpg"], "all_boxes": [{"predictions": {"_type": "boxes2D", "sha256": "9c472afd6ccf9ad61362382c990b03e6e3564bed4219dad1e2c585c90cee559b", "size": 31780, "path": "media/metadata/boxes2D/BoundingBoxDebugger_179_9c472afd6ccf9ad61362.boxes2D.json"}}, {"predictions": {"_type": "boxes2D", "sha256": "c42225cbdd610c8932a1e7d97cc5525ce7306f2793c9cc6d3d1b3b92f491630f", "size": 56795, "path": "media/metadata/boxes2D/BoundingBoxDebugger_179_c42225cbdd610c8932a1.boxes2D.json"}}, {"predictions": {"_type": "boxes2D", "sha256": "cb0b7a07774836f77b065ba8d0aecba6d318380579e91c57b9448d89ff406e26", "size": 56450, "path": "media/metadata/boxes2D/BoundingBoxDebugger_179_cb0b7a07774836f77b06.boxes2D.json"}}, {"predictions": {"_type": "boxes2D", "sha256": "cf05ec6ba691d4e8c3a195b2e447642416d771bb2589c0b0490ce63a8eb116f7", "size": 48737, "path": "media/metadata/boxes2D/BoundingBoxDebugger_179_cf05ec6ba691d4e8c3a1.boxes2D.json"}}, {"predictions": {"_type": "boxes2D", "sha256": "3ca16df8959bdd8d8944245f568beccb67460ca415fc7e0d2c9e2eafdc9c5ed5", "size": 50193, "path": "media/metadata/boxes2D/BoundingBoxDebugger_179_3ca16df8959bdd8d8944.boxes2D.json"}}, {"predictions": {"_type": "boxes2D", "sha256": "8ebab83d1a26ea43eb692d8ad1213ba4729233194d32918399811913a8198a6c", "size": 4530, "path": "media/metadata/boxes2D/BoundingBoxDebugger_179_8ebab83d1a26ea43eb69.boxes2D.json"}}, {"predictions": {"_type": "boxes2D", "sha256": "839222711a15c3493297dad2ac5b0f3f3a72846ca5efe40f008819b51bfc068e", "size": 25826, "path": "media/metadata/boxes2D/BoundingBoxDebugger_179_839222711a15c3493297.boxes2D.json"}}, {"predictions": {"_type": "boxes2D", "sha256": "5e6cb20886dac54857baf328c9c1d36f1bcf95e534679d9bbdc06307f2cd28a4", "size": 13846, "path": "media/metadata/boxes2D/BoundingBoxDebugger_179_5e6cb20886dac54857ba.boxes2D.json"}}, {"predictions": {"_type": "boxes2D", "sha256": "42603f7f58d2e64e281c72d9f0313c5fc1319a2008340e2a1b2db935a24e4bbb", "size": 26536, "path": "media/metadata/boxes2D/BoundingBoxDebugger_179_42603f7f58d2e64e281c.boxes2D.json"}}, {"predictions": {"_type": "boxes2D", "sha256": "be3c54e5c1d1b44a478e735aca2e6408772f2a6f39bba298c58762f5c10fa454", "size": 56487, "path": "media/metadata/boxes2D/BoundingBoxDebugger_179_be3c54e5c1d1b44a478e.boxes2D.json"}}, {"predictions": {"_type": "boxes2D", "sha256": "e11dd23b55f64258b1d83e547f8b991649863f542149f46dc8f7963c819dfd00", "size": 30630, "path": "media/metadata/boxes2D/BoundingBoxDebugger_179_e11dd23b55f64258b1d8.boxes2D.json"}}, {"predictions": {"_type": "boxes2D", "sha256": "2a50d5b0e38d3f69a9d805d08d87c20c526dea2f73a756e0ed48d849add43d55", "size": 16531, "path": "media/metadata/boxes2D/BoundingBoxDebugger_179_2a50d5b0e38d3f69a9d8.boxes2D.json"}}, {"predictions": {"_type": "boxes2D", "sha256": "974f1164bd392f0f2cd4ae008cf42080aea63ebf04b0757833fc4e20dba7efcc", "size": 21925, "path": "media/metadata/boxes2D/BoundingBoxDebugger_179_974f1164bd392f0f2cd4.boxes2D.json"}}, {"predictions": {"_type": "boxes2D", "sha256": "6d4f48b0e1a43860912d32df4be4ad76df4fd4b72fa5f9b4e7acc9e0c3608504", "size": 28650, "path": "media/metadata/boxes2D/BoundingBoxDebugger_179_6d4f48b0e1a43860912d.boxes2D.json"}}, {"predictions": {"_type": "boxes2D", "sha256": "a22df2fcdc5c8571a46f6591c9882d6ee325d7c382d1be43f7298ad0011f6fde", "size": 18336, "path": "media/metadata/boxes2D/BoundingBoxDebugger_179_a22df2fcdc5c8571a46f.boxes2D.json"}}, {"predictions": {"_type": "boxes2D", "sha256": "c8155e8efe00036a0e5f674a5000cc02be8a6c7b9b09d67c88bcd8a503695c72", "size": 32497, "path": "media/metadata/boxes2D/BoundingBoxDebugger_179_c8155e8efe00036a0e5f.boxes2D.json"}}]}, "Validation": {"_type": "images/separated", "width": 1920, "height": 1100, "format": "jpg", "count": 6, "filenames": ["media/images/Validation_185_69d317ec8430c32cf939.jpg", "media/images/Validation_185_1cf5f50c907b3c8ed99b.jpg", "media/images/Validation_185_b392abaf6d9dee0f0f95.jpg", "media/images/Validation_185_c123760bdf14357d6cca.jpg", "media/images/Validation_185_7083518b32e3ee2d3dd7.jpg", "media/images/Validation_185_6c91fba51c9aadfdc7c8.jpg"], "captions": ["val_batch0_labels.jpg", "val_batch0_pred.jpg", "val_batch1_labels.jpg", "val_batch1_pred.jpg", "val_batch2_labels.jpg", "val_batch2_pred.jpg"]}, "Results": {"_type": "images/separated", "width": 2400, "height": 1200, "format": "png", "count": 6, "filenames": ["media/images/Results_185_9eb9b342ae72bc3fc6e7.png", "media/images/Results_185_453e08eba101f9e94260.png", "media/images/Results_185_b93316d37981de372a72.png", "media/images/Results_185_4e7ddf1e85ea7900dd47.png", "media/images/Results_185_7af459c250f7f58642f9.png", "media/images/Results_185_d7dac6b5a517b23a3ca0.png"], "captions": ["results.png", "confusion_matrix.png", "F1_curve.png", "PR_curve.png", "P_curve.png", "R_curve.png"]}, "_wandb": {"runtime": 25738}}