{"best/epoch": 27, "best/precision": 0.6110086763323669, "best/recall": 0.3518764337843276, "best/mAP_0.5": 0.3848872681354256, "best/mAP_0.5:0.95": 0.23207496376997422, "Labels": {"_type": "images/separated", "width": 2000, "height": 2000, "format": "jpg", "count": 2, "filenames": ["media/images/Labels_0_dad01c1423538d3081a0.jpg", "media/images/Labels_0_7035a8283727d0447d27.jpg"], "captions": ["labels_correlogram.jpg", "labels.jpg"]}, "Mosaics": {"_type": "images/separated", "width": 1920, "height": 1920, "format": "jpg", "count": 3, "filenames": ["media/images/Mosaics_0_17bbd26acbb5aa16e5a9.jpg", "media/images/Mosaics_0_10b1b0027a3985b1b3fc.jpg", "media/images/Mosaics_0_97b44c2bbf3c42e1fbb7.jpg"], "captions": ["train_batch0.jpg", "train_batch1.jpg", "train_batch2.jpg"]}, "train/box_loss": 0.04296282306313515, "train/obj_loss": 0.0728536993265152, "train/cls_loss": 0.0072419666685163975, "metrics/precision": 0.6398600016464281, "metrics/recall": 0.3508716970915395, "metrics/mAP_0.5": 0.3828469627670854, "metrics/mAP_0.5:0.95": 0.23025847392399762, "val/box_loss": 0.04439346864819527, "val/obj_loss": 0.061479438096284866, "val/cls_loss": 0.008064898662269115, "x/lr0": 0.008152000000000001, "x/lr1": 0.008152000000000001, "x/lr2": 0.008152000000000001, "_timestamp": 1662105333, "_runtime": 17332, "_step": 57, "BoundingBoxDebugger": {"_type": "images/separated", "width": 1344, "height": 768, "format": "png", "count": 16, "filenames": ["media/images/BoundingBoxDebugger_29_ee852353bbcffb6029db.png", "media/images/BoundingBoxDebugger_29_28dde4d61c956d308210.png", "media/images/BoundingBoxDebugger_29_88d4276bf909a7c8731b.png", "media/images/BoundingBoxDebugger_29_46b1609b3dd4b85a558d.png", "media/images/BoundingBoxDebugger_29_785003fd04f4c3107a64.png", "media/images/BoundingBoxDebugger_29_aa349ee51ea80cc2b241.png", "media/images/BoundingBoxDebugger_29_9e8873e8d2336f586820.png", "media/images/BoundingBoxDebugger_29_99e16d2ee1ef5e18040c.png", "media/images/BoundingBoxDebugger_29_3bee43b9efbb99b5fb9e.png", "media/images/BoundingBoxDebugger_29_f28b1174943aeb439e08.png", "media/images/BoundingBoxDebugger_29_53a50e2075a255998660.png", "media/images/BoundingBoxDebugger_29_a8a5e443f99e12afa31a.png", "media/images/BoundingBoxDebugger_29_21ce790b008bad74ff88.png", "media/images/BoundingBoxDebugger_29_c6d1f1fc21d90d736660.png", "media/images/BoundingBoxDebugger_29_0748d1034a65fcd21551.png", "media/images/BoundingBoxDebugger_29_07aed0bacafa44c48e27.png"], "captions": ["7d06fefd-f7be05a6.jpg", "a217361a-01b5b341.jpg", "a217361a-cdf174d7.jpg", "a2297c18-876eb30b.jpg", "a2300bf9-00000000.jpg", "a269d8cd-af4fc1d1.jpg", "a2881013-88cf91d5.jpg", "a293d57a-00000000.jpg", "a296eb41-691738fc.jpg", "a2ae40f3-00000000.jpg", "a2c6d74b-00000000.jpg", "a2c9376f-00000000.jpg", "a2d1b2be-d0ddcd7d.jpg", "a3025d3c-00000000.jpg", "a316282d-0e90097d.jpg", "a316362b-00000000.jpg"], "all_boxes": [{"predictions": {"_type": "boxes2D", "sha256": "72aa926a4ecab84a42c734d5778b46bcbeca7092b2cab63869d4ed99a72da93a", "size": 49032, "path": "media/metadata/boxes2D/BoundingBoxDebugger_29_72aa926a4ecab84a42c7.boxes2D.json"}}, {"predictions": {"_type": "boxes2D", "sha256": "0a9257159312a7a3ab2eaee16a8a8261af256eb083e4b4ede42802053dffc7b2", "size": 56495, "path": "media/metadata/boxes2D/BoundingBoxDebugger_29_0a9257159312a7a3ab2e.boxes2D.json"}}, {"predictions": {"_type": "boxes2D", "sha256": "c72090354f59a2a30751262f82ba421868fdcb6689ef55f1ddaa5ce373daaf32", "size": 56304, "path": "media/metadata/boxes2D/BoundingBoxDebugger_29_c72090354f59a2a30751.boxes2D.json"}}, {"predictions": {"_type": "boxes2D", "sha256": "cfe2b5642764a0953fe3994c6f3bb3b0da0cd0291f7578c640d6a794fa2ea962", "size": 56310, "path": "media/metadata/boxes2D/BoundingBoxDebugger_29_cfe2b5642764a0953fe3.boxes2D.json"}}, {"predictions": {"_type": "boxes2D", "sha256": "32782f01e488eea636145b863a67cf9049c452adfc2b3ed66fa88913df2f034c", "size": 56379, "path": "media/metadata/boxes2D/BoundingBoxDebugger_29_32782f01e488eea63614.boxes2D.json"}}, {"predictions": {"_type": "boxes2D", "sha256": "dbe60eb8b8415c1b9ad0d08edc2938dd5d2a22e9ef99bd00fc3164961100e30f", "size": 16229, "path": "media/metadata/boxes2D/BoundingBoxDebugger_29_dbe60eb8b8415c1b9ad0.boxes2D.json"}}, {"predictions": {"_type": "boxes2D", "sha256": "e089fc6aa119708c3391d0190d4853693b29410fff3144a973995216890ae94b", "size": 44590, "path": "media/metadata/boxes2D/BoundingBoxDebugger_29_e089fc6aa119708c3391.boxes2D.json"}}, {"predictions": {"_type": "boxes2D", "sha256": "987077e99f64dbaa6e73cfc365c2a6f5156ecd008f2ebbe941a48a2b8c25158d", "size": 17603, "path": "media/metadata/boxes2D/BoundingBoxDebugger_29_987077e99f64dbaa6e73.boxes2D.json"}}, {"predictions": {"_type": "boxes2D", "sha256": "897f382417e404f8fe7dabd850a81fbef9e5dd0753b404be8583b16980b959bf", "size": 55376, "path": "media/metadata/boxes2D/BoundingBoxDebugger_29_897f382417e404f8fe7d.boxes2D.json"}}, {"predictions": {"_type": "boxes2D", "sha256": "b30152a856bd0c9f00badb9e013f912698d25da141adaef810b3276ca933492a", "size": 56590, "path": "media/metadata/boxes2D/BoundingBoxDebugger_29_b30152a856bd0c9f00ba.boxes2D.json"}}, {"predictions": {"_type": "boxes2D", "sha256": "b4574da83921a5317606233be4560dfe7da027bf4f84cab3a0b3f8826076a085", "size": 56996, "path": "media/metadata/boxes2D/BoundingBoxDebugger_29_b4574da83921a5317606.boxes2D.json"}}, {"predictions": {"_type": "boxes2D", "sha256": "37f70213f19275090ccb572fd2149529f7c8ea2c47bc020a59c7b9359196ba67", "size": 57036, "path": "media/metadata/boxes2D/BoundingBoxDebugger_29_37f70213f19275090ccb.boxes2D.json"}}, {"predictions": {"_type": "boxes2D", "sha256": "613fbd3f98fff396cd347ce85fef0bf02016c257dbdd08f350f29583c45aa661", "size": 37530, "path": "media/metadata/boxes2D/BoundingBoxDebugger_29_613fbd3f98fff396cd34.boxes2D.json"}}, {"predictions": {"_type": "boxes2D", "sha256": "14b71db4d15a7c8834bd35c685d618fbfff33f117498320cc78465bd22e6ebae", "size": 56700, "path": "media/metadata/boxes2D/BoundingBoxDebugger_29_14b71db4d15a7c8834bd.boxes2D.json"}}, {"predictions": {"_type": "boxes2D", "sha256": "0a5c3b5902b0e9c3bdbcebfa9c54c96c5ed2cdeea616705d6302a41883dcbf29", "size": 44904, "path": "media/metadata/boxes2D/BoundingBoxDebugger_29_0a5c3b5902b0e9c3bdbc.boxes2D.json"}}, {"predictions": {"_type": "boxes2D", "sha256": "1243f15bc29180a22d0269524337c79ef8fecf5114e41a7908d4e79ce97463b8", "size": 54633, "path": "media/metadata/boxes2D/BoundingBoxDebugger_29_1243f15bc29180a22d02.boxes2D.json"}}]}}