{"best/epoch": 27, "best/precision": 0.6110086763323669, "best/recall": 0.3518764337843276, "best/mAP_0.5": 0.3848872681354256, "best/mAP_0.5:0.95": 0.23207496376997422, "Labels": {"_type": "images/separated", "width": 2000, "height": 2000, "format": "jpg", "count": 2, "filenames": ["media/images/Labels_0_dad01c1423538d3081a0.jpg", "media/images/Labels_0_7035a8283727d0447d27.jpg"], "captions": ["labels_correlogram.jpg", "labels.jpg"]}, "Mosaics": {"_type": "images/separated", "width": 1920, "height": 1920, "format": "jpg", "count": 3, "filenames": ["media/images/Mosaics_0_17bbd26acbb5aa16e5a9.jpg", "media/images/Mosaics_0_10b1b0027a3985b1b3fc.jpg", "media/images/Mosaics_0_97b44c2bbf3c42e1fbb7.jpg"], "captions": ["train_batch0.jpg", "train_batch1.jpg", "train_batch2.jpg"]}, "train/box_loss": 0.04194069653749466, "train/obj_loss": 0.07062471657991409, "train/cls_loss": 0.006537001579999924, "metrics/precision": 0.611157221597818, "metrics/recall": 0.3516182002990657, "metrics/mAP_0.5": 0.3847993837363509, "metrics/mAP_0.5:0.95": 0.23201848370866252, "val/box_loss": 0.04522351920604706, "val/obj_loss": 0.06200968101620674, "val/cls_loss": 0.0077513731084764, "x/lr0": 0.0074919999999999995, "x/lr1": 0.0074919999999999995, "x/lr2": 0.0074919999999999995, "_timestamp": 1662111274, "_runtime": 23273, "_step": 78, "BoundingBoxDebugger": {"_type": "images/separated", "width": 1344, "height": 768, "format": "png", "count": 16, "filenames": ["media/images/BoundingBoxDebugger_59_ee852353bbcffb6029db.png", "media/images/BoundingBoxDebugger_59_28dde4d61c956d308210.png", "media/images/BoundingBoxDebugger_59_88d4276bf909a7c8731b.png", "media/images/BoundingBoxDebugger_59_46b1609b3dd4b85a558d.png", "media/images/BoundingBoxDebugger_59_785003fd04f4c3107a64.png", "media/images/BoundingBoxDebugger_59_aa349ee51ea80cc2b241.png", "media/images/BoundingBoxDebugger_59_9e8873e8d2336f586820.png", "media/images/BoundingBoxDebugger_59_99e16d2ee1ef5e18040c.png", "media/images/BoundingBoxDebugger_59_3bee43b9efbb99b5fb9e.png", "media/images/BoundingBoxDebugger_59_f28b1174943aeb439e08.png", "media/images/BoundingBoxDebugger_59_53a50e2075a255998660.png", "media/images/BoundingBoxDebugger_59_a8a5e443f99e12afa31a.png", "media/images/BoundingBoxDebugger_59_21ce790b008bad74ff88.png", "media/images/BoundingBoxDebugger_59_c6d1f1fc21d90d736660.png", "media/images/BoundingBoxDebugger_59_0748d1034a65fcd21551.png", "media/images/BoundingBoxDebugger_59_07aed0bacafa44c48e27.png"], "captions": ["7d06fefd-f7be05a6.jpg", "a217361a-01b5b341.jpg", "a217361a-cdf174d7.jpg", "a2297c18-876eb30b.jpg", "a2300bf9-00000000.jpg", "a269d8cd-af4fc1d1.jpg", "a2881013-88cf91d5.jpg", "a293d57a-00000000.jpg", "a296eb41-691738fc.jpg", "a2ae40f3-00000000.jpg", "a2c6d74b-00000000.jpg", "a2c9376f-00000000.jpg", "a2d1b2be-d0ddcd7d.jpg", "a3025d3c-00000000.jpg", "a316282d-0e90097d.jpg", "a316362b-00000000.jpg"], "all_boxes": [{"predictions": {"_type": "boxes2D", "sha256": "f7267366cf13450a08ab33244749f01408ff8d2c30d9956bec06097948935420", "size": 34099, "path": "media/metadata/boxes2D/BoundingBoxDebugger_59_f7267366cf13450a08ab.boxes2D.json"}}, {"predictions": {"_type": "boxes2D", "sha256": "2a2c5db022203cf586ec6884d54b37a6334f3f1443bbb8e8b16fdfd9b6219556", "size": 56467, "path": "media/metadata/boxes2D/BoundingBoxDebugger_59_2a2c5db022203cf586ec.boxes2D.json"}}, {"predictions": {"_type": "boxes2D", "sha256": "dc65ea69d54b1975f891527cba5346999f68c6dbc58df653af0111cabf1f3a71", "size": 56320, "path": "media/metadata/boxes2D/BoundingBoxDebugger_59_dc65ea69d54b1975f891.boxes2D.json"}}, {"predictions": {"_type": "boxes2D", "sha256": "f79b0bda6db2a3ceb46b518a7a5a958c08829281b5b831f891e8719c388acb07", "size": 56377, "path": "media/metadata/boxes2D/BoundingBoxDebugger_59_f79b0bda6db2a3ceb46b.boxes2D.json"}}, {"predictions": {"_type": "boxes2D", "sha256": "b4b462c021569ebb9b836ed6f7dc7ba98571dbdb511d6319e4996cf5b6e5c079", "size": 56474, "path": "media/metadata/boxes2D/BoundingBoxDebugger_59_b4b462c021569ebb9b83.boxes2D.json"}}, {"predictions": {"_type": "boxes2D", "sha256": "d6e6949cf05ed9226c5b3a6c61302fdd2ca892818132473a68832312191e2fad", "size": 11852, "path": "media/metadata/boxes2D/BoundingBoxDebugger_59_d6e6949cf05ed9226c5b.boxes2D.json"}}, {"predictions": {"_type": "boxes2D", "sha256": "ecb5d99db3e55dbbd181c651262143e23162bb6dd5b544e2f1ced073842dbf62", "size": 39056, "path": "media/metadata/boxes2D/BoundingBoxDebugger_59_ecb5d99db3e55dbbd181.boxes2D.json"}}, {"predictions": {"_type": "boxes2D", "sha256": "eebcead8e86299d91a355d052f36eed3619c462b8afd978b8d8ec0e6b6e896d1", "size": 14627, "path": "media/metadata/boxes2D/BoundingBoxDebugger_59_eebcead8e86299d91a35.boxes2D.json"}}, {"predictions": {"_type": "boxes2D", "sha256": "6b54e16ad606e1b6e527efc8dae109a25a010a1a371087b228081f99b0306b04", "size": 49544, "path": "media/metadata/boxes2D/BoundingBoxDebugger_59_6b54e16ad606e1b6e527.boxes2D.json"}}, {"predictions": {"_type": "boxes2D", "sha256": "ba53183920239890a4b616598eae89aa0cb118dba64057cc1a4ec2eee22988fe", "size": 56602, "path": "media/metadata/boxes2D/BoundingBoxDebugger_59_ba53183920239890a4b6.boxes2D.json"}}, {"predictions": {"_type": "boxes2D", "sha256": "998ffc5ac7daf19e5a6df8b3d741dd6893b593231fcd9decdbff8e16c6b0ac57", "size": 43008, "path": "media/metadata/boxes2D/BoundingBoxDebugger_59_998ffc5ac7daf19e5a6d.boxes2D.json"}}, {"predictions": {"_type": "boxes2D", "sha256": "d76c36d9070d6fdfd356c82e660f5bcb89f9e1556da7b48984d12bc68b3a0510", "size": 46239, "path": "media/metadata/boxes2D/BoundingBoxDebugger_59_d76c36d9070d6fdfd356.boxes2D.json"}}, {"predictions": {"_type": "boxes2D", "sha256": "a6c35f5551c706e96b7da5bbdb39899fcc499ad3ddf953c8b19681567909310a", "size": 34337, "path": "media/metadata/boxes2D/BoundingBoxDebugger_59_a6c35f5551c706e96b7d.boxes2D.json"}}, {"predictions": {"_type": "boxes2D", "sha256": "d8389f54f5b288dc2a7f7bc397c3ce076115a25c4d203f75b965cfa213875a71", "size": 49269, "path": "media/metadata/boxes2D/BoundingBoxDebugger_59_d8389f54f5b288dc2a7f.boxes2D.json"}}, {"predictions": {"_type": "boxes2D", "sha256": "73493ef78a64787327cb52c6456c8e48e19a4a9b7dd0e408c2bfe08f63e9f56b", "size": 30870, "path": "media/metadata/boxes2D/BoundingBoxDebugger_59_73493ef78a64787327cb.boxes2D.json"}}, {"predictions": {"_type": "boxes2D", "sha256": "a95b5270fd650371485e82332fc2307759e13e80d8263b4e97921ab5182edcee", "size": 56581, "path": "media/metadata/boxes2D/BoundingBoxDebugger_59_a95b5270fd650371485e.boxes2D.json"}}]}, "Validation": {"_type": "images/separated", "width": 1920, "height": 1100, "format": "jpg", "count": 6, "filenames": ["media/images/Validation_78_16851127fed0319052e2.jpg", "media/images/Validation_78_60384675471c46421b38.jpg", "media/images/Validation_78_90cb3e1fc03ef97f8783.jpg", "media/images/Validation_78_4e8badc054f13a18461f.jpg", "media/images/Validation_78_c7bb9755ae28184a548f.jpg", "media/images/Validation_78_a89b5e4cfaa2bb0dcd5a.jpg"], "captions": ["val_batch0_labels.jpg", "val_batch0_pred.jpg", "val_batch1_labels.jpg", "val_batch1_pred.jpg", "val_batch2_labels.jpg", "val_batch2_pred.jpg"]}, "Results": {"_type": "images/separated", "width": 2400, "height": 1200, "format": "png", "count": 6, "filenames": ["media/images/Results_78_10f01bf47e36ef93f289.png", "media/images/Results_78_e249a460ee787341e8f8.png", "media/images/Results_78_20da9a298f0d39a2521b.png", "media/images/Results_78_24b0a2bfcf6e51af42b7.png", "media/images/Results_78_3741ea80c1a576e41105.png", "media/images/Results_78_c4086fb90955769b954b.png"], "captions": ["results.png", "confusion_matrix.png", "F1_curve.png", "PR_curve.png", "P_curve.png", "R_curve.png"]}, "_wandb": {"runtime": 23273}}