{"best/epoch": 25, "best/precision": 0.6657441644112454, "best/recall": 0.34033175704801144, "best/mAP_0.5": 0.38655651091495047, "best/mAP_0.5:0.95": 0.2382643888888547, "Labels": {"_type": "images/separated", "width": 2000, "height": 2000, "format": "jpg", "count": 2, "filenames": ["media/images/Labels_0_dad01c1423538d3081a0.jpg", "media/images/Labels_0_7035a8283727d0447d27.jpg"], "captions": ["labels_correlogram.jpg", "labels.jpg"]}, "Mosaics": {"_type": "images/separated", "width": 1920, "height": 1920, "format": "jpg", "count": 3, "filenames": ["media/images/Mosaics_0_17bbd26acbb5aa16e5a9.jpg", "media/images/Mosaics_0_10b1b0027a3985b1b3fc.jpg", "media/images/Mosaics_0_97b44c2bbf3c42e1fbb7.jpg"], "captions": ["train_batch0.jpg", "train_batch1.jpg", "train_batch2.jpg"]}, "train/box_loss": 0.042958710342645645, "train/obj_loss": 0.07308809459209442, "train/cls_loss": 0.007241713348776102, "metrics/precision": 0.5814968002868313, "metrics/recall": 0.3268190109109732, "metrics/mAP_0.5": 0.373740523590105, "metrics/mAP_0.5:0.95": 0.2329728508723473, "val/box_loss": 0.04451575502753258, "val/obj_loss": 0.06172899901866913, "val/cls_loss": 0.008305882103741169, "x/lr0": 0.008119000000000001, "x/lr1": 0.008119000000000001, "x/lr2": 0.008119000000000001, "_timestamp": 1662105218, "_runtime": 17415, "_step": 58, "BoundingBoxDebugger": {"_type": "images/separated", "width": 1344, "height": 768, "format": "png", "count": 16, "filenames": ["media/images/BoundingBoxDebugger_29_ee852353bbcffb6029db.png", "media/images/BoundingBoxDebugger_29_28dde4d61c956d308210.png", "media/images/BoundingBoxDebugger_29_88d4276bf909a7c8731b.png", "media/images/BoundingBoxDebugger_29_46b1609b3dd4b85a558d.png", "media/images/BoundingBoxDebugger_29_785003fd04f4c3107a64.png", "media/images/BoundingBoxDebugger_29_aa349ee51ea80cc2b241.png", "media/images/BoundingBoxDebugger_29_9e8873e8d2336f586820.png", "media/images/BoundingBoxDebugger_29_99e16d2ee1ef5e18040c.png", "media/images/BoundingBoxDebugger_29_3bee43b9efbb99b5fb9e.png", "media/images/BoundingBoxDebugger_29_f28b1174943aeb439e08.png", "media/images/BoundingBoxDebugger_29_53a50e2075a255998660.png", "media/images/BoundingBoxDebugger_29_a8a5e443f99e12afa31a.png", "media/images/BoundingBoxDebugger_29_21ce790b008bad74ff88.png", "media/images/BoundingBoxDebugger_29_c6d1f1fc21d90d736660.png", "media/images/BoundingBoxDebugger_29_0748d1034a65fcd21551.png", "media/images/BoundingBoxDebugger_29_07aed0bacafa44c48e27.png"], "captions": ["7d06fefd-f7be05a6.jpg", "a217361a-01b5b341.jpg", "a217361a-cdf174d7.jpg", "a2297c18-876eb30b.jpg", "a2300bf9-00000000.jpg", "a269d8cd-af4fc1d1.jpg", "a2881013-88cf91d5.jpg", "a293d57a-00000000.jpg", "a296eb41-691738fc.jpg", "a2ae40f3-00000000.jpg", "a2c6d74b-00000000.jpg", "a2c9376f-00000000.jpg", "a2d1b2be-d0ddcd7d.jpg", "a3025d3c-00000000.jpg", "a316282d-0e90097d.jpg", "a316362b-00000000.jpg"], "all_boxes": [{"predictions": {"_type": "boxes2D", "sha256": "e7b5b3138541385a0dd24a5ad31dd84765cbec172809abaf74b3f08f5c00897d", "size": 46104, "path": "media/metadata/boxes2D/BoundingBoxDebugger_29_e7b5b3138541385a0dd2.boxes2D.json"}}, {"predictions": {"_type": "boxes2D", "sha256": "2fc7c46f3f14e21b51874f3ecee4dda0081ba1b13fd12f3ff89632b9497a465a", "size": 56396, "path": "media/metadata/boxes2D/BoundingBoxDebugger_29_2fc7c46f3f14e21b5187.boxes2D.json"}}, {"predictions": {"_type": "boxes2D", "sha256": "9987989d2d2eab103b3d04a61e5725b891430fca65e827737c6c8c37127aea12", "size": 56348, "path": "media/metadata/boxes2D/BoundingBoxDebugger_29_9987989d2d2eab103b3d.boxes2D.json"}}, {"predictions": {"_type": "boxes2D", "sha256": "a476d9315f7de29d72131b7e08dc614a2d59f24c51c950492410ca4d999bd77c", "size": 56456, "path": "media/metadata/boxes2D/BoundingBoxDebugger_29_a476d9315f7de29d7213.boxes2D.json"}}, {"predictions": {"_type": "boxes2D", "sha256": "31cee3d36d45a2894105233045353b1448176e93cea967e15c1c70a5a3dd97bd", "size": 56532, "path": "media/metadata/boxes2D/BoundingBoxDebugger_29_31cee3d36d45a2894105.boxes2D.json"}}, {"predictions": {"_type": "boxes2D", "sha256": "3073ab000823f3f52797c4061fe730a5eba15f1552496ceca1e552f64cc9f09e", "size": 12077, "path": "media/metadata/boxes2D/BoundingBoxDebugger_29_3073ab000823f3f52797.boxes2D.json"}}, {"predictions": {"_type": "boxes2D", "sha256": "dda9b52e18ff27a18c0e1437eea46461da6e9cb34dfa43ead27cff398836574c", "size": 47445, "path": "media/metadata/boxes2D/BoundingBoxDebugger_29_dda9b52e18ff27a18c0e.boxes2D.json"}}, {"predictions": {"_type": "boxes2D", "sha256": "713c32df1cdf243661a40dc771daccb2d43582f6c966596a795c19364b5a9f9b", "size": 20966, "path": "media/metadata/boxes2D/BoundingBoxDebugger_29_713c32df1cdf243661a4.boxes2D.json"}}, {"predictions": {"_type": "boxes2D", "sha256": "eaae6700e31980aac38bb34646379c4ce7d67398acbc007bb848d620f43baed0", "size": 56004, "path": "media/metadata/boxes2D/BoundingBoxDebugger_29_eaae6700e31980aac38b.boxes2D.json"}}, {"predictions": {"_type": "boxes2D", "sha256": "162846f0b6b16330f21f713428f058f7711dbd1a464acd4256ad12d3a26c7da8", "size": 56504, "path": "media/metadata/boxes2D/BoundingBoxDebugger_29_162846f0b6b16330f21f.boxes2D.json"}}, {"predictions": {"_type": "boxes2D", "sha256": "3f1c0ec4d144d606e996b20426a1721b67a9a707e8787a8c96d7d6ac775580dd", "size": 57045, "path": "media/metadata/boxes2D/BoundingBoxDebugger_29_3f1c0ec4d144d606e996.boxes2D.json"}}, {"predictions": {"_type": "boxes2D", "sha256": "13454565ba2b48aef2a27ea3f653d90ff2857f3f79a0c7df12793f296a2b0edf", "size": 48272, "path": "media/metadata/boxes2D/BoundingBoxDebugger_29_13454565ba2b48aef2a2.boxes2D.json"}}, {"predictions": {"_type": "boxes2D", "sha256": "639a61b5fb159b3716cdd12d9203e5ae4f6f1c3c1cc9dced2a1afc4a35704d65", "size": 32556, "path": "media/metadata/boxes2D/BoundingBoxDebugger_29_639a61b5fb159b3716cd.boxes2D.json"}}, {"predictions": {"_type": "boxes2D", "sha256": "05ff84646696f1e25c3b20bfee539deba486bd5389803f6c026d753cb92cb4e7", "size": 56795, "path": "media/metadata/boxes2D/BoundingBoxDebugger_29_05ff84646696f1e25c3b.boxes2D.json"}}, {"predictions": {"_type": "boxes2D", "sha256": "5550511d8fdc0a4de60f7ea2332cea62cd13ad75f2c7e9fbf3e4527af6c1cc15", "size": 30703, "path": "media/metadata/boxes2D/BoundingBoxDebugger_29_5550511d8fdc0a4de60f.boxes2D.json"}}, {"predictions": {"_type": "boxes2D", "sha256": "74b84146e5ce583dad0fa4a21f43280c26a160ff408863729eafc55a6c041699", "size": 41606, "path": "media/metadata/boxes2D/BoundingBoxDebugger_29_74b84146e5ce583dad0f.boxes2D.json"}}]}}