{"best/epoch": 25, "best/precision": 0.6657441644112454, "best/recall": 0.34033175704801144, "best/mAP_0.5": 0.38655651091495047, "best/mAP_0.5:0.95": 0.2382643888888547, "Labels": {"_type": "images/separated", "width": 2000, "height": 2000, "format": "jpg", "count": 2, "filenames": ["media/images/Labels_0_dad01c1423538d3081a0.jpg", "media/images/Labels_0_7035a8283727d0447d27.jpg"], "captions": ["labels_correlogram.jpg", "labels.jpg"]}, "Mosaics": {"_type": "images/separated", "width": 1920, "height": 1920, "format": "jpg", "count": 3, "filenames": ["media/images/Mosaics_0_17bbd26acbb5aa16e5a9.jpg", "media/images/Mosaics_0_10b1b0027a3985b1b3fc.jpg", "media/images/Mosaics_0_97b44c2bbf3c42e1fbb7.jpg"], "captions": ["train_batch0.jpg", "train_batch1.jpg", "train_batch2.jpg"]}, "train/box_loss": 0.041878823190927505, "train/obj_loss": 0.07097390294075012, "train/cls_loss": 0.006541708018630743, "metrics/precision": 0.6931367254732227, "metrics/recall": 0.33210859724448316, "metrics/mAP_0.5": 0.38703118727152974, "metrics/mAP_0.5:0.95": 0.23851960307039746, "val/box_loss": 0.04518929123878479, "val/obj_loss": 0.06122813746333122, "val/cls_loss": 0.007730850018560886, "x/lr0": 0.007558, "x/lr1": 0.007558, "x/lr2": 0.007558, "_timestamp": 1662110212, "_runtime": 22409, "_step": 76, "BoundingBoxDebugger": {"_type": "images/separated", "width": 1344, "height": 768, "format": "png", "count": 16, "filenames": ["media/images/BoundingBoxDebugger_59_ee852353bbcffb6029db.png", "media/images/BoundingBoxDebugger_59_28dde4d61c956d308210.png", "media/images/BoundingBoxDebugger_59_88d4276bf909a7c8731b.png", "media/images/BoundingBoxDebugger_59_46b1609b3dd4b85a558d.png", "media/images/BoundingBoxDebugger_59_785003fd04f4c3107a64.png", "media/images/BoundingBoxDebugger_59_aa349ee51ea80cc2b241.png", "media/images/BoundingBoxDebugger_59_9e8873e8d2336f586820.png", "media/images/BoundingBoxDebugger_59_99e16d2ee1ef5e18040c.png", "media/images/BoundingBoxDebugger_59_3bee43b9efbb99b5fb9e.png", "media/images/BoundingBoxDebugger_59_f28b1174943aeb439e08.png", "media/images/BoundingBoxDebugger_59_53a50e2075a255998660.png", "media/images/BoundingBoxDebugger_59_a8a5e443f99e12afa31a.png", "media/images/BoundingBoxDebugger_59_21ce790b008bad74ff88.png", "media/images/BoundingBoxDebugger_59_c6d1f1fc21d90d736660.png", "media/images/BoundingBoxDebugger_59_0748d1034a65fcd21551.png", "media/images/BoundingBoxDebugger_59_07aed0bacafa44c48e27.png"], "captions": ["7d06fefd-f7be05a6.jpg", "a217361a-01b5b341.jpg", "a217361a-cdf174d7.jpg", "a2297c18-876eb30b.jpg", "a2300bf9-00000000.jpg", "a269d8cd-af4fc1d1.jpg", "a2881013-88cf91d5.jpg", "a293d57a-00000000.jpg", "a296eb41-691738fc.jpg", "a2ae40f3-00000000.jpg", "a2c6d74b-00000000.jpg", "a2c9376f-00000000.jpg", "a2d1b2be-d0ddcd7d.jpg", "a3025d3c-00000000.jpg", "a316282d-0e90097d.jpg", "a316362b-00000000.jpg"], "all_boxes": [{"predictions": {"_type": "boxes2D", "sha256": "37a3cba0b8fc4e91a29e3cfc94965fd36c63b2d14ce55666233ad5a9520d498f", "size": 32776, "path": "media/metadata/boxes2D/BoundingBoxDebugger_59_37a3cba0b8fc4e91a29e.boxes2D.json"}}, {"predictions": {"_type": "boxes2D", "sha256": "f58762a614e03d4df8ed89e112d5159cf9fd4412fe937c654411dd07fad5f219", "size": 56557, "path": "media/metadata/boxes2D/BoundingBoxDebugger_59_f58762a614e03d4df8ed.boxes2D.json"}}, {"predictions": {"_type": "boxes2D", "sha256": "144a5dd6fca9380784670d758f39d73ce29f5c3a63d3e574348b60c768e759a6", "size": 56478, "path": "media/metadata/boxes2D/BoundingBoxDebugger_59_144a5dd6fca938078467.boxes2D.json"}}, {"predictions": {"_type": "boxes2D", "sha256": "6abe6228d9d8c023cd47e810b07f302062df694488ffb62b40cbe5f02673b324", "size": 56560, "path": "media/metadata/boxes2D/BoundingBoxDebugger_59_6abe6228d9d8c023cd47.boxes2D.json"}}, {"predictions": {"_type": "boxes2D", "sha256": "1dfc778eb8492cf5c6ddd545074670768b9845e2961e94af7fa0fc964f17d06b", "size": 56492, "path": "media/metadata/boxes2D/BoundingBoxDebugger_59_1dfc778eb8492cf5c6dd.boxes2D.json"}}, {"predictions": {"_type": "boxes2D", "sha256": "e3b3ed74909bc0082e0d83317a0f99017fab572ad4347983374eff1705112a4d", "size": 11146, "path": "media/metadata/boxes2D/BoundingBoxDebugger_59_e3b3ed74909bc0082e0d.boxes2D.json"}}, {"predictions": {"_type": "boxes2D", "sha256": "26656561c230eb176b011e2bf62e808e3131c7f53fd1af0ec00595a5d3cc5eff", "size": 35961, "path": "media/metadata/boxes2D/BoundingBoxDebugger_59_26656561c230eb176b01.boxes2D.json"}}, {"predictions": {"_type": "boxes2D", "sha256": "4b58284937727e0bf9f1671258d094ee26fe401a957ed9bf78df57bc6cbda832", "size": 17268, "path": "media/metadata/boxes2D/BoundingBoxDebugger_59_4b58284937727e0bf9f1.boxes2D.json"}}, {"predictions": {"_type": "boxes2D", "sha256": "528e9d7a5e53c849f88bca9dbd5ea772512cbfe04a8d6074f7010231f6bb1d46", "size": 46450, "path": "media/metadata/boxes2D/BoundingBoxDebugger_59_528e9d7a5e53c849f88b.boxes2D.json"}}, {"predictions": {"_type": "boxes2D", "sha256": "76317986c782ba75c7cdd7bae1907e62b4b767981ba40cc93caca12f3bf23b4f", "size": 56470, "path": "media/metadata/boxes2D/BoundingBoxDebugger_59_76317986c782ba75c7cd.boxes2D.json"}}, {"predictions": {"_type": "boxes2D", "sha256": "e9922a5342486235fb283ff171be97b26d54c93d7496b65c6a3e4d3274236204", "size": 47878, "path": "media/metadata/boxes2D/BoundingBoxDebugger_59_e9922a5342486235fb28.boxes2D.json"}}, {"predictions": {"_type": "boxes2D", "sha256": "5f78bda45391646278743ca4afe7eee0c19daf1f6a4b9d082ca08a43c7fab30b", "size": 30545, "path": "media/metadata/boxes2D/BoundingBoxDebugger_59_5f78bda4539164627874.boxes2D.json"}}, {"predictions": {"_type": "boxes2D", "sha256": "99263875554063469c57709727a932edaf27d716f76ebcc0fc91400a2dceeb29", "size": 30361, "path": "media/metadata/boxes2D/BoundingBoxDebugger_59_99263875554063469c57.boxes2D.json"}}, {"predictions": {"_type": "boxes2D", "sha256": "c14c294af122bf3eb43ced1e91b955a2405d4acab4c665309d475a06afd07d0b", "size": 53025, "path": "media/metadata/boxes2D/BoundingBoxDebugger_59_c14c294af122bf3eb43c.boxes2D.json"}}, {"predictions": {"_type": "boxes2D", "sha256": "76cad582f79b5d6ac0b90e5236c808e3ba6bd0d65960e3948976c022b77abb33", "size": 23925, "path": "media/metadata/boxes2D/BoundingBoxDebugger_59_76cad582f79b5d6ac0b9.boxes2D.json"}}, {"predictions": {"_type": "boxes2D", "sha256": "ae6180903cdd14e642373bc6f259bba1e2c69fa560137d88baac79f3752e5ec5", "size": 46491, "path": "media/metadata/boxes2D/BoundingBoxDebugger_59_ae6180903cdd14e64237.boxes2D.json"}}]}, "Validation": {"_type": "images/separated", "width": 1920, "height": 1100, "format": "jpg", "count": 6, "filenames": ["media/images/Validation_76_16851127fed0319052e2.jpg", "media/images/Validation_76_8c436d2528d93d7db876.jpg", "media/images/Validation_76_90cb3e1fc03ef97f8783.jpg", "media/images/Validation_76_6ec4dcc020eb3555773d.jpg", "media/images/Validation_76_c7bb9755ae28184a548f.jpg", "media/images/Validation_76_ed40d9b0a956d1e61711.jpg"], "captions": ["val_batch0_labels.jpg", "val_batch0_pred.jpg", "val_batch1_labels.jpg", "val_batch1_pred.jpg", "val_batch2_labels.jpg", "val_batch2_pred.jpg"]}, "Results": {"_type": "images/separated", "width": 2400, "height": 1200, "format": "png", "count": 6, "filenames": ["media/images/Results_76_627f2724dea4254dac05.png", "media/images/Results_76_9a19e0806e46f222e929.png", "media/images/Results_76_c323ec172de56afba55d.png", "media/images/Results_76_bb0ebda59f2c45510e9d.png", "media/images/Results_76_55f89c6a95a9bb2483c3.png", "media/images/Results_76_daf0d1e2a02637dfc0af.png"], "captions": ["results.png", "confusion_matrix.png", "F1_curve.png", "PR_curve.png", "P_curve.png", "R_curve.png"]}, "_wandb": {"runtime": 22410}}