{"best/epoch": 126, "best/precision": 0.6418357636354088, "best/recall": 0.3458295666733886, "best/mAP_0.5": 0.39035059978749576, "best/mAP_0.5:0.95": 0.24591836754580249, "Labels": {"_type": "images/separated", "width": 2000, "height": 2000, "format": "jpg", "count": 2, "filenames": ["media/images/Labels_0_014b32c1c455ba565211.jpg", "media/images/Labels_0_e686cf0ffef4ef07bc11.jpg"], "captions": ["labels_correlogram.jpg", "labels.jpg"]}, "Mosaics": {"_type": "images/separated", "width": 1920, "height": 1920, "format": "jpg", "count": 3, "filenames": ["media/images/Mosaics_0_24990470dca583371b16.jpg", "media/images/Mosaics_0_e9dbdb75187728f9fe83.jpg", "media/images/Mosaics_0_7c1ce69cfd78b4946d93.jpg"], "captions": ["train_batch0.jpg", "train_batch1.jpg", "train_batch2.jpg"]}, "train/box_loss": 0.03440781310200691, "train/obj_loss": 0.048919592052698135, "train/cls_loss": 0.00309347384609282, "metrics/precision": 0.6416567828839984, "metrics/recall": 0.34608783315216185, "metrics/mAP_0.5": 0.39045047401978666, "metrics/mAP_0.5:0.95": 0.24577691461933857, "val/box_loss": 0.03961196914315224, "val/obj_loss": 0.06350608915090561, "val/cls_loss": 0.00879473052918911, "x/lr0": 0.004225, "x/lr1": 0.004225, "x/lr2": 0.004225, "_timestamp": 1659857691, "_runtime": 24823, "_step": 177, "BoundingBoxDebugger": {"_type": "images/separated", "width": 1344, "height": 768, "format": "png", "count": 16, "filenames": ["media/images/BoundingBoxDebugger_149_ee852353bbcffb6029db.png", "media/images/BoundingBoxDebugger_149_28dde4d61c956d308210.png", "media/images/BoundingBoxDebugger_149_88d4276bf909a7c8731b.png", "media/images/BoundingBoxDebugger_149_46b1609b3dd4b85a558d.png", "media/images/BoundingBoxDebugger_149_785003fd04f4c3107a64.png", "media/images/BoundingBoxDebugger_149_aa349ee51ea80cc2b241.png", "media/images/BoundingBoxDebugger_149_9e8873e8d2336f586820.png", "media/images/BoundingBoxDebugger_149_99e16d2ee1ef5e18040c.png", "media/images/BoundingBoxDebugger_149_3bee43b9efbb99b5fb9e.png", "media/images/BoundingBoxDebugger_149_f28b1174943aeb439e08.png", "media/images/BoundingBoxDebugger_149_53a50e2075a255998660.png", "media/images/BoundingBoxDebugger_149_a8a5e443f99e12afa31a.png", "media/images/BoundingBoxDebugger_149_21ce790b008bad74ff88.png", "media/images/BoundingBoxDebugger_149_c6d1f1fc21d90d736660.png", "media/images/BoundingBoxDebugger_149_0748d1034a65fcd21551.png", "media/images/BoundingBoxDebugger_149_07aed0bacafa44c48e27.png"], "captions": ["7d06fefd-f7be05a6.jpg", "a217361a-01b5b341.jpg", "a217361a-cdf174d7.jpg", "a2297c18-876eb30b.jpg", "a2300bf9-00000000.jpg", "a269d8cd-af4fc1d1.jpg", "a2881013-88cf91d5.jpg", "a293d57a-00000000.jpg", "a296eb41-691738fc.jpg", "a2ae40f3-00000000.jpg", "a2c6d74b-00000000.jpg", "a2c9376f-00000000.jpg", "a2d1b2be-d0ddcd7d.jpg", "a3025d3c-00000000.jpg", "a316282d-0e90097d.jpg", "a316362b-00000000.jpg"], "all_boxes": [{"predictions": {"_type": "boxes2D", "sha256": "d1a8ef47465a3cb1375b00d3ac1685cf4c2cc963982daf166830587af186af4d", "size": 26664, "path": "media/metadata/boxes2D/BoundingBoxDebugger_149_d1a8ef47465a3cb1375b.boxes2D.json"}}, {"predictions": {"_type": "boxes2D", "sha256": "18cfac8340e42ff4118d22fd065a66f6df7d0dd5f82e0bfef03cc3031e02551a", "size": 56728, "path": "media/metadata/boxes2D/BoundingBoxDebugger_149_18cfac8340e42ff4118d.boxes2D.json"}}, {"predictions": {"_type": "boxes2D", "sha256": "27e4b68b7e53750e9d6f26681dadf7f0628a7c20873a4853f1c8d0d8c7d81d1a", "size": 56632, "path": "media/metadata/boxes2D/BoundingBoxDebugger_149_27e4b68b7e53750e9d6f.boxes2D.json"}}, {"predictions": {"_type": "boxes2D", "sha256": "cdc45943ad4e3ff9a84a692d69188cc95b427951b26b1789505f9efe6943d7fd", "size": 50990, "path": "media/metadata/boxes2D/BoundingBoxDebugger_149_cdc45943ad4e3ff9a84a.boxes2D.json"}}, {"predictions": {"_type": "boxes2D", "sha256": "0d5bcd8377fd61ddfecc6e9b8f1f1bfcad0dd09273be3d36410fdb9dc651aa85", "size": 52975, "path": "media/metadata/boxes2D/BoundingBoxDebugger_149_0d5bcd8377fd61ddfecc.boxes2D.json"}}, {"predictions": {"_type": "boxes2D", "sha256": "2d4c1755629e2789524a4c6e422c9f2f538c2ea7e930a148d972080ea7c65034", "size": 3574, "path": "media/metadata/boxes2D/BoundingBoxDebugger_149_2d4c1755629e2789524a.boxes2D.json"}}, {"predictions": {"_type": "boxes2D", "sha256": "f91b98825d9d1150cebb51dcc44b5f29b13049b7898de4dce7a47cbdd0dc9863", "size": 24726, "path": "media/metadata/boxes2D/BoundingBoxDebugger_149_f91b98825d9d1150cebb.boxes2D.json"}}, {"predictions": {"_type": "boxes2D", "sha256": "1983564dc9a6ffe0fe4481ac89d19877b606c0cacfd377e7b779fd40ecb243d6", "size": 12303, "path": "media/metadata/boxes2D/BoundingBoxDebugger_149_1983564dc9a6ffe0fe44.boxes2D.json"}}, {"predictions": {"_type": "boxes2D", "sha256": "0320e84d54948c576b5b2b365b0a0ecbeef53ab5997a0a75fcc5d9478413fc6d", "size": 38806, "path": "media/metadata/boxes2D/BoundingBoxDebugger_149_0320e84d54948c576b5b.boxes2D.json"}}, {"predictions": {"_type": "boxes2D", "sha256": "b024051fc8c4b2504bf98f6fd9270382bf0bdc26a17dee6841342a94d9118d9b", "size": 52027, "path": "media/metadata/boxes2D/BoundingBoxDebugger_149_b024051fc8c4b2504bf9.boxes2D.json"}}, {"predictions": {"_type": "boxes2D", "sha256": "6db13675336f49949dae702971d40b91c9c7000fc7fab0f4e0bcc0fea28bf516", "size": 36910, "path": "media/metadata/boxes2D/BoundingBoxDebugger_149_6db13675336f49949dae.boxes2D.json"}}, {"predictions": {"_type": "boxes2D", "sha256": "511db3ea816ad765046d955cbe24a66caea34049c10c8642a7efa37b14825ba3", "size": 21504, "path": "media/metadata/boxes2D/BoundingBoxDebugger_149_511db3ea816ad765046d.boxes2D.json"}}, {"predictions": {"_type": "boxes2D", "sha256": "9031b8df972a9cfdbb5dedcdd10d35cc2bddee538dc53934382451c4989ea41f", "size": 19341, "path": "media/metadata/boxes2D/BoundingBoxDebugger_149_9031b8df972a9cfdbb5d.boxes2D.json"}}, {"predictions": {"_type": "boxes2D", "sha256": "d15f1cf9b7bcf8c94631c3868bbf28e64d14b9e7b9e81de1c9481a76b414feb6", "size": 30372, "path": "media/metadata/boxes2D/BoundingBoxDebugger_149_d15f1cf9b7bcf8c94631.boxes2D.json"}}, {"predictions": {"_type": "boxes2D", "sha256": "d9d4f03c231f53e294aa3f5c6f667a74c0adaf9ca672c506469d4b3eeeb81678", "size": 18341, "path": "media/metadata/boxes2D/BoundingBoxDebugger_149_d9d4f03c231f53e294aa.boxes2D.json"}}, {"predictions": {"_type": "boxes2D", "sha256": "c1d3ab4025509ee74c6c0d9ceed4c9cac2d14bf1ae96edbe74f9f4b1696c6004", "size": 31304, "path": "media/metadata/boxes2D/BoundingBoxDebugger_149_c1d3ab4025509ee74c6c.boxes2D.json"}}]}, "Validation": {"_type": "images/separated", "width": 1920, "height": 1100, "format": "jpg", "count": 6, "filenames": ["media/images/Validation_177_69d317ec8430c32cf939.jpg", "media/images/Validation_177_e2f689432c30e5bc1faa.jpg", "media/images/Validation_177_b392abaf6d9dee0f0f95.jpg", "media/images/Validation_177_e65f28374dc0a8a34495.jpg", "media/images/Validation_177_7083518b32e3ee2d3dd7.jpg", "media/images/Validation_177_a0f6c2acb9e426717229.jpg"], "captions": ["val_batch0_labels.jpg", "val_batch0_pred.jpg", "val_batch1_labels.jpg", "val_batch1_pred.jpg", "val_batch2_labels.jpg", "val_batch2_pred.jpg"]}, "Results": {"_type": "images/separated", "width": 2400, "height": 1200, "format": "png", "count": 6, "filenames": ["media/images/Results_177_cf2009f3731fe93007a1.png", "media/images/Results_177_decef82e3be1dee86c26.png", "media/images/Results_177_dbc0c652f1b972ba0749.png", "media/images/Results_177_5b492628815780e0f09c.png", "media/images/Results_177_5bf8e0a6fc622a9526be.png", "media/images/Results_177_d5337c040254c6c7562b.png"], "captions": ["results.png", "confusion_matrix.png", "F1_curve.png", "PR_curve.png", "P_curve.png", "R_curve.png"]}, "_wandb": {"runtime": 24823}}