{"best/epoch": 94, "best/precision": 0.5221262792185237, "best/recall": 0.349758596596362, "best/mAP_0.5": 0.37822416551101384, "best/mAP_0.5:0.95": 0.23393202472324043, "Labels": {"_type": "images/separated", "width": 2000, "height": 2000, "format": "jpg", "count": 2, "filenames": ["media/images/Labels_0_8270a4f85aa020e9d122.jpg", "media/images/Labels_0_97f689a2ba2872564d3e.jpg"], "captions": ["labels_correlogram.jpg", "labels.jpg"]}, "Mosaics": {"_type": "images/separated", "width": 1920, "height": 1920, "format": "jpg", "count": 3, "filenames": ["media/images/Mosaics_0_ab217304724727dd319e.jpg", "media/images/Mosaics_0_6365698dc0ec6871e6e1.jpg", "media/images/Mosaics_0_57d3aef66184bb72e955.jpg"], "captions": ["train_batch0.jpg", "train_batch1.jpg", "train_batch2.jpg"]}, "train/box_loss": 0.01752440258860588, "train/obj_loss": 0.024111460894346237, "train/cls_loss": 0.0013893217546865344, "metrics/precision": 0.5234494605854058, "metrics/recall": 0.34784716591327713, "metrics/mAP_0.5": 0.3784647933923648, "metrics/mAP_0.5:0.95": 0.2337054846930585, "val/box_loss": 0.023210544139146805, "val/obj_loss": 0.05260393023490906, "val/cls_loss": 0.008242912590503693, "x/lr0": 0.005281, "x/lr1": 0.005281, "x/lr2": 0.005281, "_timestamp": 1662441792, "_runtime": 37995, "_step": 145, "BoundingBoxDebugger": {"_type": "images/separated", "width": 1344, "height": 768, "format": "png", "count": 16, "filenames": ["media/images/BoundingBoxDebugger_119_ee852353bbcffb6029db.png", "media/images/BoundingBoxDebugger_119_28dde4d61c956d308210.png", "media/images/BoundingBoxDebugger_119_88d4276bf909a7c8731b.png", "media/images/BoundingBoxDebugger_119_46b1609b3dd4b85a558d.png", "media/images/BoundingBoxDebugger_119_785003fd04f4c3107a64.png", "media/images/BoundingBoxDebugger_119_aa349ee51ea80cc2b241.png", "media/images/BoundingBoxDebugger_119_9e8873e8d2336f586820.png", "media/images/BoundingBoxDebugger_119_99e16d2ee1ef5e18040c.png", "media/images/BoundingBoxDebugger_119_3bee43b9efbb99b5fb9e.png", "media/images/BoundingBoxDebugger_119_f28b1174943aeb439e08.png", "media/images/BoundingBoxDebugger_119_53a50e2075a255998660.png", "media/images/BoundingBoxDebugger_119_a8a5e443f99e12afa31a.png", "media/images/BoundingBoxDebugger_119_21ce790b008bad74ff88.png", "media/images/BoundingBoxDebugger_119_c6d1f1fc21d90d736660.png", "media/images/BoundingBoxDebugger_119_0748d1034a65fcd21551.png", "media/images/BoundingBoxDebugger_119_07aed0bacafa44c48e27.png"], "captions": ["7d06fefd-f7be05a6.jpg", "a217361a-01b5b341.jpg", "a217361a-cdf174d7.jpg", "a2297c18-876eb30b.jpg", "a2300bf9-00000000.jpg", "a269d8cd-af4fc1d1.jpg", "a2881013-88cf91d5.jpg", "a293d57a-00000000.jpg", "a296eb41-691738fc.jpg", "a2ae40f3-00000000.jpg", "a2c6d74b-00000000.jpg", "a2c9376f-00000000.jpg", "a2d1b2be-d0ddcd7d.jpg", "a3025d3c-00000000.jpg", "a316282d-0e90097d.jpg", "a316362b-00000000.jpg"], "all_boxes": [{"predictions": {"_type": "boxes2D", "sha256": "e010745c2804a140bbfabd3377739aff1ea3a283f95b0c67d21ff1fcf1c5f5b3", "size": 36199, "path": "media/metadata/boxes2D/BoundingBoxDebugger_119_e010745c2804a140bbfa.boxes2D.json"}}, {"predictions": {"_type": "boxes2D", "sha256": "49f34c54738a513793dad23874c82b22df4750f68df54fe722c186c4b26c4cee", "size": 56998, "path": "media/metadata/boxes2D/BoundingBoxDebugger_119_49f34c54738a513793da.boxes2D.json"}}, {"predictions": {"_type": "boxes2D", "sha256": "2049aac0cd4a69b84aca56565274d774c0ccd7c2ae31c7058ae440c9105166e2", "size": 55169, "path": "media/metadata/boxes2D/BoundingBoxDebugger_119_2049aac0cd4a69b84aca.boxes2D.json"}}, {"predictions": {"_type": "boxes2D", "sha256": "347f69bc1a421d58b6f4adf2a2d3b2b1dfea02016030f71fd48c5c38a92af73d", "size": 56609, "path": "media/metadata/boxes2D/BoundingBoxDebugger_119_347f69bc1a421d58b6f4.boxes2D.json"}}, {"predictions": {"_type": "boxes2D", "sha256": "83929be585b3c8d06a12aa470bf97ae7e3d7a5a3630e770861eb3ba025d47c28", "size": 55111, "path": "media/metadata/boxes2D/BoundingBoxDebugger_119_83929be585b3c8d06a12.boxes2D.json"}}, {"predictions": {"_type": "boxes2D", "sha256": "97c57a73d106f78f9ec1eec50551cadd2c06b892d529c610716d363307580e57", "size": 7762, "path": "media/metadata/boxes2D/BoundingBoxDebugger_119_97c57a73d106f78f9ec1.boxes2D.json"}}, {"predictions": {"_type": "boxes2D", "sha256": "fdbed88be96b322db27533e9b9a1d9a94f1e5ff0f1f5a5c7012632461a88b916", "size": 28496, "path": "media/metadata/boxes2D/BoundingBoxDebugger_119_fdbed88be96b322db275.boxes2D.json"}}, {"predictions": {"_type": "boxes2D", "sha256": "ae6b39bff5dbe6c5e6767c944240b1ba20144bce3a16c09806714c1e0406b1ff", "size": 15541, "path": "media/metadata/boxes2D/BoundingBoxDebugger_119_ae6b39bff5dbe6c5e676.boxes2D.json"}}, {"predictions": {"_type": "boxes2D", "sha256": "334f9686a1f38cfb5c9815fe6e9a00e8dd02ac9ea4044f413f54df3ecec86756", "size": 56717, "path": "media/metadata/boxes2D/BoundingBoxDebugger_119_334f9686a1f38cfb5c98.boxes2D.json"}}, {"predictions": {"_type": "boxes2D", "sha256": "f05e24f49f157eb464d34c77e8173afa2ac505046fe00c841048f4fc1d2b9a21", "size": 56702, "path": "media/metadata/boxes2D/BoundingBoxDebugger_119_f05e24f49f157eb464d3.boxes2D.json"}}, {"predictions": {"_type": "boxes2D", "sha256": "10966f6dc0699ca8d92008ba55a11c38ed3a21a8b58c62f3480d8cf13667bab9", "size": 49298, "path": "media/metadata/boxes2D/BoundingBoxDebugger_119_10966f6dc0699ca8d920.boxes2D.json"}}, {"predictions": {"_type": "boxes2D", "sha256": "c2b36db3554fc65dfb8aa108c6f433871c52317959b94710face2552f9a6ccd4", "size": 15953, "path": "media/metadata/boxes2D/BoundingBoxDebugger_119_c2b36db3554fc65dfb8a.boxes2D.json"}}, {"predictions": {"_type": "boxes2D", "sha256": "e821f2e5a90d97ab5bef96d59bcf695fcc2a342c6312d34aff9d792a8cea56a8", "size": 35675, "path": "media/metadata/boxes2D/BoundingBoxDebugger_119_e821f2e5a90d97ab5bef.boxes2D.json"}}, {"predictions": {"_type": "boxes2D", "sha256": "9a6641481bd82b34c0652120874262e1ddfbc53d626568e27b1b211eafb611c7", "size": 44280, "path": "media/metadata/boxes2D/BoundingBoxDebugger_119_9a6641481bd82b34c065.boxes2D.json"}}, {"predictions": {"_type": "boxes2D", "sha256": "7788c875902b4abaa13dd379637a599edcebc9215f26be43de82068dd794836f", "size": 31336, "path": "media/metadata/boxes2D/BoundingBoxDebugger_119_7788c875902b4abaa13d.boxes2D.json"}}, {"predictions": {"_type": "boxes2D", "sha256": "ed899ec6975b501748b75aac7bec529f867fc628cb479f5658a898cfe5f248b1", "size": 36807, "path": "media/metadata/boxes2D/BoundingBoxDebugger_119_ed899ec6975b501748b7.boxes2D.json"}}]}, "Validation": {"_type": "images/separated", "width": 1920, "height": 1100, "format": "jpg", "count": 6, "filenames": ["media/images/Validation_145_16851127fed0319052e2.jpg", "media/images/Validation_145_efd093413786a72bdc04.jpg", "media/images/Validation_145_90cb3e1fc03ef97f8783.jpg", "media/images/Validation_145_bfc54ba1980d0c7288d4.jpg", "media/images/Validation_145_c7bb9755ae28184a548f.jpg", "media/images/Validation_145_825e3bd25a235a12c4a5.jpg"], "captions": ["val_batch0_labels.jpg", "val_batch0_pred.jpg", "val_batch1_labels.jpg", "val_batch1_pred.jpg", "val_batch2_labels.jpg", "val_batch2_pred.jpg"]}, "Results": {"_type": "images/separated", "width": 2400, "height": 1200, "format": "png", "count": 6, "filenames": ["media/images/Results_145_6e7e4ba613e8a4b767a0.png", "media/images/Results_145_c75c214abb19c867bc32.png", "media/images/Results_145_06ecfa824930ea02cb4f.png", "media/images/Results_145_7aeaaa16e693eaf8faaf.png", "media/images/Results_145_8bfee188e7b50f6f7104.png", "media/images/Results_145_a8463d5fe3e996373f12.png"], "captions": ["results.png", "confusion_matrix.png", "F1_curve.png", "PR_curve.png", "P_curve.png", "R_curve.png"]}, "_wandb": {"runtime": 37997}}