{"best/epoch": 44, "best/precision": 0.6507802600914524, "best/recall": 0.33841956365371684, "best/mAP_0.5": 0.38021044248970337, "best/mAP_0.5:0.95": 0.2327486505108512, "Labels": {"_type": "images/separated", "width": 2000, "height": 2000, "format": "jpg", "count": 2, "filenames": ["media/images/Labels_0_8270a4f85aa020e9d122.jpg", "media/images/Labels_0_97f689a2ba2872564d3e.jpg"], "captions": ["labels_correlogram.jpg", "labels.jpg"]}, "Mosaics": {"_type": "images/separated", "width": 1920, "height": 1920, "format": "jpg", "count": 3, "filenames": ["media/images/Mosaics_0_ab217304724727dd319e.jpg", "media/images/Mosaics_0_6365698dc0ec6871e6e1.jpg", "media/images/Mosaics_0_57d3aef66184bb72e955.jpg"], "captions": ["train_batch0.jpg", "train_batch1.jpg", "train_batch2.jpg"]}, "train/box_loss": 0.01922456920146942, "train/obj_loss": 0.026102865114808083, "train/cls_loss": 0.0017598510021343827, "metrics/precision": 0.6512908764700035, "metrics/recall": 0.33859750878397343, "metrics/mAP_0.5": 0.3802591260305005, "metrics/mAP_0.5:0.95": 0.23277225537320972, "val/box_loss": 0.02348518744111061, "val/obj_loss": 0.05208216980099678, "val/cls_loss": 0.0077315024100244045, "x/lr0": 0.006931, "x/lr1": 0.006931, "x/lr2": 0.006931, "_timestamp": 1662403775, "_runtime": 25191, "_step": 95, "BoundingBoxDebugger": {"_type": "images/separated", "width": 1344, "height": 768, "format": "png", "count": 16, "filenames": ["media/images/BoundingBoxDebugger_89_ee852353bbcffb6029db.png", "media/images/BoundingBoxDebugger_89_28dde4d61c956d308210.png", "media/images/BoundingBoxDebugger_89_88d4276bf909a7c8731b.png", "media/images/BoundingBoxDebugger_89_46b1609b3dd4b85a558d.png", "media/images/BoundingBoxDebugger_89_785003fd04f4c3107a64.png", "media/images/BoundingBoxDebugger_89_aa349ee51ea80cc2b241.png", "media/images/BoundingBoxDebugger_89_9e8873e8d2336f586820.png", "media/images/BoundingBoxDebugger_89_99e16d2ee1ef5e18040c.png", "media/images/BoundingBoxDebugger_89_3bee43b9efbb99b5fb9e.png", "media/images/BoundingBoxDebugger_89_f28b1174943aeb439e08.png", "media/images/BoundingBoxDebugger_89_53a50e2075a255998660.png", "media/images/BoundingBoxDebugger_89_a8a5e443f99e12afa31a.png", "media/images/BoundingBoxDebugger_89_21ce790b008bad74ff88.png", "media/images/BoundingBoxDebugger_89_c6d1f1fc21d90d736660.png", "media/images/BoundingBoxDebugger_89_0748d1034a65fcd21551.png", "media/images/BoundingBoxDebugger_89_07aed0bacafa44c48e27.png"], "captions": ["7d06fefd-f7be05a6.jpg", "a217361a-01b5b341.jpg", "a217361a-cdf174d7.jpg", "a2297c18-876eb30b.jpg", "a2300bf9-00000000.jpg", "a269d8cd-af4fc1d1.jpg", "a2881013-88cf91d5.jpg", "a293d57a-00000000.jpg", "a296eb41-691738fc.jpg", "a2ae40f3-00000000.jpg", "a2c6d74b-00000000.jpg", "a2c9376f-00000000.jpg", "a2d1b2be-d0ddcd7d.jpg", "a3025d3c-00000000.jpg", "a316282d-0e90097d.jpg", "a316362b-00000000.jpg"], "all_boxes": [{"predictions": {"_type": "boxes2D", "sha256": "a0e2d5cbacb98ab6a3b73409cb34ada654d1e5609b44c804e64fca84673415b4", "size": 45734, "path": "media/metadata/boxes2D/BoundingBoxDebugger_89_a0e2d5cbacb98ab6a3b7.boxes2D.json"}}, {"predictions": {"_type": "boxes2D", "sha256": "14b0ab35625e0e1f150b0e1501e9d2c309cb1f898c75908e24ee2b30731906a0", "size": 56883, "path": "media/metadata/boxes2D/BoundingBoxDebugger_89_14b0ab35625e0e1f150b.boxes2D.json"}}, {"predictions": {"_type": "boxes2D", "sha256": "fed9cdd58afa7840354a9cf777aeb9650c10d1946904e793ecf1aeee44729b86", "size": 56825, "path": "media/metadata/boxes2D/BoundingBoxDebugger_89_fed9cdd58afa7840354a.boxes2D.json"}}, {"predictions": {"_type": "boxes2D", "sha256": "f063cb6aea931a05209354dfae024e65ee6af48f2c1e4866c22f5e339cd2791f", "size": 56480, "path": "media/metadata/boxes2D/BoundingBoxDebugger_89_f063cb6aea931a052093.boxes2D.json"}}, {"predictions": {"_type": "boxes2D", "sha256": "78784f710fe3c1abf744a00c0d0cd0c2df0a3f77f37e8b2bcb593b98f58a678c", "size": 56908, "path": "media/metadata/boxes2D/BoundingBoxDebugger_89_78784f710fe3c1abf744.boxes2D.json"}}, {"predictions": {"_type": "boxes2D", "sha256": "37c6f6205f318e0ecf368bf0c729b58d202e2aaa2e11f23ab350186034181659", "size": 6986, "path": "media/metadata/boxes2D/BoundingBoxDebugger_89_37c6f6205f318e0ecf36.boxes2D.json"}}, {"predictions": {"_type": "boxes2D", "sha256": "a6cef9f4c470998ef9e2e10cfe45de959231851f9011f7fb47a10d5d38a92812", "size": 31026, "path": "media/metadata/boxes2D/BoundingBoxDebugger_89_a6cef9f4c470998ef9e2.boxes2D.json"}}, {"predictions": {"_type": "boxes2D", "sha256": "16d50d7cfe7b288c1dde8c059fee170c5e0da9d3a1a61cb08ad6fdfc8ead344f", "size": 15187, "path": "media/metadata/boxes2D/BoundingBoxDebugger_89_16d50d7cfe7b288c1dde.boxes2D.json"}}, {"predictions": {"_type": "boxes2D", "sha256": "2cd18b91941e35919d7fd9aa8f7699accb21fa268a23f34b426563f0efd94346", "size": 47684, "path": "media/metadata/boxes2D/BoundingBoxDebugger_89_2cd18b91941e35919d7f.boxes2D.json"}}, {"predictions": {"_type": "boxes2D", "sha256": "f574de46fdd71525ee471274ae8ea007053417d46f9bc4563f0efbf9dc26adf5", "size": 56702, "path": "media/metadata/boxes2D/BoundingBoxDebugger_89_f574de46fdd71525ee47.boxes2D.json"}}, {"predictions": {"_type": "boxes2D", "sha256": "9713b13a0f5a7a4a4e6eb890dfb44800151f7a6dc15d7ffb06d85db6a6c3d7db", "size": 54095, "path": "media/metadata/boxes2D/BoundingBoxDebugger_89_9713b13a0f5a7a4a4e6e.boxes2D.json"}}, {"predictions": {"_type": "boxes2D", "sha256": "400177f5457bff17919cbba8f26f7abb84e3816cd6939e53fa2a2b1288ff88e3", "size": 24707, "path": "media/metadata/boxes2D/BoundingBoxDebugger_89_400177f5457bff17919c.boxes2D.json"}}, {"predictions": {"_type": "boxes2D", "sha256": "7caa19925f2e57038091e367fa4e30c55f35a6b3949182061591c2467219615d", "size": 27294, "path": "media/metadata/boxes2D/BoundingBoxDebugger_89_7caa19925f2e57038091.boxes2D.json"}}, {"predictions": {"_type": "boxes2D", "sha256": "895b7b7b7b39eb80b2446beeb669bfaed28c3e1fbd495e4d3f5e1bbccae7e397", "size": 56606, "path": "media/metadata/boxes2D/BoundingBoxDebugger_89_895b7b7b7b39eb80b244.boxes2D.json"}}, {"predictions": {"_type": "boxes2D", "sha256": "42ba84bff9ec3dcad6d9a9ce897591103091d81d4b57e90be26073e3879b0950", "size": 24509, "path": "media/metadata/boxes2D/BoundingBoxDebugger_89_42ba84bff9ec3dcad6d9.boxes2D.json"}}, {"predictions": {"_type": "boxes2D", "sha256": "2f682b8a129ce770d220516ad16a5a14e6b821dc79ed649279988f09f9772fa5", "size": 40102, "path": "media/metadata/boxes2D/BoundingBoxDebugger_89_2f682b8a129ce770d220.boxes2D.json"}}]}, "Validation": {"_type": "images/separated", "width": 1920, "height": 1100, "format": "jpg", "count": 6, "filenames": ["media/images/Validation_95_16851127fed0319052e2.jpg", "media/images/Validation_95_689b317fbb61bc0242f2.jpg", "media/images/Validation_95_90cb3e1fc03ef97f8783.jpg", "media/images/Validation_95_1a2cc7590862f4bc294d.jpg", "media/images/Validation_95_c7bb9755ae28184a548f.jpg", "media/images/Validation_95_5afe74dfe400a4f0c1a5.jpg"], "captions": ["val_batch0_labels.jpg", "val_batch0_pred.jpg", "val_batch1_labels.jpg", "val_batch1_pred.jpg", "val_batch2_labels.jpg", "val_batch2_pred.jpg"]}, "Results": {"_type": "images/separated", "width": 2400, "height": 1200, "format": "png", "count": 6, "filenames": ["media/images/Results_95_63c839898d412fd11eef.png", "media/images/Results_95_5b7a71c51909631136a2.png", "media/images/Results_95_5f0c4a461a5ed72f82a7.png", "media/images/Results_95_8c8ee5f0c74027a54832.png", "media/images/Results_95_f1198b48c8598c27c41f.png", "media/images/Results_95_6c6fa2ac6624004d82d5.png"], "captions": ["results.png", "confusion_matrix.png", "F1_curve.png", "PR_curve.png", "P_curve.png", "R_curve.png"]}, "_wandb": {"runtime": 25192}}