{"best/epoch": 73, "best/precision": 0.6579661270236886, "best/recall": 0.36587087902012794, "best/mAP_0.5": 0.39805190894238185, "best/mAP_0.5:0.95": 0.2528947154791885, "Labels": {"_type": "images/separated", "width": 2000, "height": 2000, "format": "jpg", "count": 2, "filenames": ["media/images/Labels_0_499228cf609f2efabde4.jpg", "media/images/Labels_0_8e2913080ea67aebe3f0.jpg"], "captions": ["labels_correlogram.jpg", "labels.jpg"]}, "Mosaics": {"_type": "images/separated", "width": 1920, "height": 1920, "format": "jpg", "count": 3, "filenames": ["media/images/Mosaics_0_53727859276d9eec1de5.jpg", "media/images/Mosaics_0_1ea64e1f999d1545d3eb.jpg", "media/images/Mosaics_0_2a86ee3a0a37fd2f7e7c.jpg"], "captions": ["train_batch0.jpg", "train_batch1.jpg", "train_batch2.jpg"]}, "train/box_loss": 0.018626727163791656, "train/obj_loss": 0.044433947652578354, "train/cls_loss": 0.002031165873631835, "metrics/precision": 0.6575194897047978, "metrics/recall": 0.3662185376533022, "metrics/mAP_0.5": 0.3975329338222298, "metrics/mAP_0.5:0.95": 0.2526597006137309, "val/box_loss": 0.022828951478004456, "val/obj_loss": 0.05181271210312843, "val/cls_loss": 0.007722395937889814, "x/lr0": 0.005973999999999999, "x/lr1": 0.005973999999999999, "x/lr2": 0.005973999999999999, "_timestamp": 1662363153, "_runtime": 37112, "_step": 124, "BoundingBoxDebugger": {"_type": "images/separated", "width": 1344, "height": 768, "format": "png", "count": 16, "filenames": ["media/images/BoundingBoxDebugger_119_ee852353bbcffb6029db.png", "media/images/BoundingBoxDebugger_119_28dde4d61c956d308210.png", "media/images/BoundingBoxDebugger_119_88d4276bf909a7c8731b.png", "media/images/BoundingBoxDebugger_119_46b1609b3dd4b85a558d.png", "media/images/BoundingBoxDebugger_119_785003fd04f4c3107a64.png", "media/images/BoundingBoxDebugger_119_aa349ee51ea80cc2b241.png", "media/images/BoundingBoxDebugger_119_9e8873e8d2336f586820.png", "media/images/BoundingBoxDebugger_119_99e16d2ee1ef5e18040c.png", "media/images/BoundingBoxDebugger_119_3bee43b9efbb99b5fb9e.png", "media/images/BoundingBoxDebugger_119_f28b1174943aeb439e08.png", "media/images/BoundingBoxDebugger_119_53a50e2075a255998660.png", "media/images/BoundingBoxDebugger_119_a8a5e443f99e12afa31a.png", "media/images/BoundingBoxDebugger_119_21ce790b008bad74ff88.png", "media/images/BoundingBoxDebugger_119_c6d1f1fc21d90d736660.png", "media/images/BoundingBoxDebugger_119_0748d1034a65fcd21551.png", "media/images/BoundingBoxDebugger_119_07aed0bacafa44c48e27.png"], "captions": ["7d06fefd-f7be05a6.jpg", "a217361a-01b5b341.jpg", "a217361a-cdf174d7.jpg", "a2297c18-876eb30b.jpg", "a2300bf9-00000000.jpg", "a269d8cd-af4fc1d1.jpg", "a2881013-88cf91d5.jpg", "a293d57a-00000000.jpg", "a296eb41-691738fc.jpg", "a2ae40f3-00000000.jpg", "a2c6d74b-00000000.jpg", "a2c9376f-00000000.jpg", "a2d1b2be-d0ddcd7d.jpg", "a3025d3c-00000000.jpg", "a316282d-0e90097d.jpg", "a316362b-00000000.jpg"], "all_boxes": [{"predictions": {"_type": "boxes2D", "sha256": "0e55be356a435435c2e8b4aba4f10572603c1fb89f831a955f95febe58306d83", "size": 39207, "path": "media/metadata/boxes2D/BoundingBoxDebugger_119_0e55be356a435435c2e8.boxes2D.json"}}, {"predictions": {"_type": "boxes2D", "sha256": "5ff9c0d3c3f1947183fb4ac620608c59e0c2a49600a6dd75e6ae2fa32b63e6fb", "size": 55702, "path": "media/metadata/boxes2D/BoundingBoxDebugger_119_5ff9c0d3c3f1947183fb.boxes2D.json"}}, {"predictions": {"_type": "boxes2D", "sha256": "fb4ab231f32c9c39fc39ed7225678144b322598d589c0d3a2e4240680ba00671", "size": 56251, "path": "media/metadata/boxes2D/BoundingBoxDebugger_119_fb4ab231f32c9c39fc39.boxes2D.json"}}, {"predictions": {"_type": "boxes2D", "sha256": "f1a0eeb0727efe9e9af8a43ca7ca05249964f13eae29f0e828a44666347fae1b", "size": 54169, "path": "media/metadata/boxes2D/BoundingBoxDebugger_119_f1a0eeb0727efe9e9af8.boxes2D.json"}}, {"predictions": {"_type": "boxes2D", "sha256": "0a5b10821aa7ef967f7c39f506069f62257aa36171f2f2b73eb53ea835608c0e", "size": 57014, "path": "media/metadata/boxes2D/BoundingBoxDebugger_119_0a5b10821aa7ef967f7c.boxes2D.json"}}, {"predictions": {"_type": "boxes2D", "sha256": "e44034f0e461da0759beead822ddb1726658732d812365c4d711e053b5e9c38c", "size": 5842, "path": "media/metadata/boxes2D/BoundingBoxDebugger_119_e44034f0e461da0759be.boxes2D.json"}}, {"predictions": {"_type": "boxes2D", "sha256": "a6716176004e0f79be0b40ec87dc6882003865d99141cc4598d3af2cede4bc1d", "size": 27442, "path": "media/metadata/boxes2D/BoundingBoxDebugger_119_a6716176004e0f79be0b.boxes2D.json"}}, {"predictions": {"_type": "boxes2D", "sha256": "96529a0eb5c1aff82e73be550b5b91791be11683d9c49650fe233a81e2642888", "size": 14935, "path": "media/metadata/boxes2D/BoundingBoxDebugger_119_96529a0eb5c1aff82e73.boxes2D.json"}}, {"predictions": {"_type": "boxes2D", "sha256": "69631a099d2e528d10354cb892f294aea4ebc80e76b7b04f5a5036ea6f93a17b", "size": 45572, "path": "media/metadata/boxes2D/BoundingBoxDebugger_119_69631a099d2e528d1035.boxes2D.json"}}, {"predictions": {"_type": "boxes2D", "sha256": "3462fdf1f6e679cd4b8b76652dab1a0c0a1d972156114b95c71df89cece60f2a", "size": 56700, "path": "media/metadata/boxes2D/BoundingBoxDebugger_119_3462fdf1f6e679cd4b8b.boxes2D.json"}}, {"predictions": {"_type": "boxes2D", "sha256": "74047ce09dd1fee555c3673c8aeb7d79ca6ede13db52f2b3e4b0ef4af20d0eb1", "size": 51161, "path": "media/metadata/boxes2D/BoundingBoxDebugger_119_74047ce09dd1fee555c3.boxes2D.json"}}, {"predictions": {"_type": "boxes2D", "sha256": "2ed955aef0ca54a94dbd027520b25f3b1683b692aba170b36e7cb4dc706d41da", "size": 16720, "path": "media/metadata/boxes2D/BoundingBoxDebugger_119_2ed955aef0ca54a94dbd.boxes2D.json"}}, {"predictions": {"_type": "boxes2D", "sha256": "47e6504092126643e2dbe6e152a80fe7c4b97f8fbde6305ecdfdd522c4678669", "size": 20868, "path": "media/metadata/boxes2D/BoundingBoxDebugger_119_47e6504092126643e2db.boxes2D.json"}}, {"predictions": {"_type": "boxes2D", "sha256": "a173d675e99870e7c4954d5c3206099d536c6759151dc62a595173f75e9de2fb", "size": 36033, "path": "media/metadata/boxes2D/BoundingBoxDebugger_119_a173d675e99870e7c495.boxes2D.json"}}, {"predictions": {"_type": "boxes2D", "sha256": "0205c69a0b9372e069c8e4cd6dcf0d75abcd18b5d21b1fb8fa5ca1703d920e3e", "size": 15603, "path": "media/metadata/boxes2D/BoundingBoxDebugger_119_0205c69a0b9372e069c8.boxes2D.json"}}, {"predictions": {"_type": "boxes2D", "sha256": "a9dcd8ecdc458af366deb49fc966d01590fc293d0db03a7e7045f6e968975740", "size": 32967, "path": "media/metadata/boxes2D/BoundingBoxDebugger_119_a9dcd8ecdc458af366de.boxes2D.json"}}]}, "Validation": {"_type": "images/separated", "width": 1920, "height": 1100, "format": "jpg", "count": 6, "filenames": ["media/images/Validation_124_16851127fed0319052e2.jpg", "media/images/Validation_124_09d7d56835388064ccde.jpg", "media/images/Validation_124_90cb3e1fc03ef97f8783.jpg", "media/images/Validation_124_5444a8bec8c573c7df43.jpg", "media/images/Validation_124_c7bb9755ae28184a548f.jpg", "media/images/Validation_124_acb56032e3f130d9f12e.jpg"], "captions": ["val_batch0_labels.jpg", "val_batch0_pred.jpg", "val_batch1_labels.jpg", "val_batch1_pred.jpg", "val_batch2_labels.jpg", "val_batch2_pred.jpg"]}, "Results": {"_type": "images/separated", "width": 2400, "height": 1200, "format": "png", "count": 6, "filenames": ["media/images/Results_124_372ac2aa28f645bd360e.png", "media/images/Results_124_4a1a86b4a8b9eaf75aa0.png", "media/images/Results_124_d4cbce9eb10b8422170b.png", "media/images/Results_124_6c49e0fe0c4544040c2d.png", "media/images/Results_124_8e9cdf31674134224df5.png", "media/images/Results_124_61d45f5aabe67c0f591e.png"], "captions": ["results.png", "confusion_matrix.png", "F1_curve.png", "PR_curve.png", "P_curve.png", "R_curve.png"]}, "_wandb": {"runtime": 37112}}