{"best/epoch": 40, "best/precision": 0.6816301760605274, "best/recall": 0.37419866145668945, "best/mAP_0.5": 0.4045398361102247, "best/mAP_0.5:0.95": 0.2358991942024596, "Labels": {"_type": "images/separated", "width": 2000, "height": 2000, "format": "jpg", "count": 2, "filenames": ["media/images/Labels_0_691d4c832bd849a806b2.jpg", "media/images/Labels_0_61cb45ac99b12cbb594c.jpg"], "captions": ["labels_correlogram.jpg", "labels.jpg"]}, "Mosaics": {"_type": "images/separated", "width": 1920, "height": 1920, "format": "jpg", "count": 3, "filenames": ["media/images/Mosaics_0_80a57d08971761c431b6.jpg", "media/images/Mosaics_0_0beeb7be9c62d9566060.jpg", "media/images/Mosaics_0_5ff35399858a5717b7dc.jpg"], "captions": ["train_batch0.jpg", "train_batch1.jpg", "train_batch2.jpg"]}, "train/box_loss": 0.043452054262161255, "train/obj_loss": 0.03333276882767677, "train/cls_loss": 0.005362458527088165, "metrics/precision": 0.7195725378189839, "metrics/recall": 0.3567543830078591, "metrics/mAP_0.5": 0.39874265741490544, "metrics/mAP_0.5:0.95": 0.23221355786294112, "val/box_loss": 0.04338431358337402, "val/obj_loss": 0.060365065932273865, "val/cls_loss": 0.008616369217634201, "x/lr0": 0.008086, "x/lr1": 0.008086, "x/lr2": 0.008086, "_timestamp": 1659581872, "_runtime": 6194, "_step": 59, "BoundingBoxDebugger": {"_type": "images/separated", "width": 1344, "height": 768, "format": "png", "count": 16, "filenames": ["media/images/BoundingBoxDebugger_59_924c76c42cb44e884969.png", "media/images/BoundingBoxDebugger_59_bd380590f7ccc08a4ff5.png", "media/images/BoundingBoxDebugger_59_17f60037d8f941f549cc.png", "media/images/BoundingBoxDebugger_59_89b79c7abe989ab1881f.png", "media/images/BoundingBoxDebugger_59_74f00ef0d0f1a39561b6.png", "media/images/BoundingBoxDebugger_59_08e9043997a689c9f56a.png", "media/images/BoundingBoxDebugger_59_92a3146ef0ca37913b5d.png", "media/images/BoundingBoxDebugger_59_95ee921877fc010445e1.png", "media/images/BoundingBoxDebugger_59_a8a553582d0f38cd84d6.png", "media/images/BoundingBoxDebugger_59_c977be2b06448b0489da.png", "media/images/BoundingBoxDebugger_59_26339fd4c66e27e7f1b9.png", "media/images/BoundingBoxDebugger_59_bde4087747f934d6299b.png", "media/images/BoundingBoxDebugger_59_6d72e18416f79c6f41d8.png", "media/images/BoundingBoxDebugger_59_7f6ea14197261f9de724.png", "media/images/BoundingBoxDebugger_59_0c64a3bc1fc28830efd7.png", "media/images/BoundingBoxDebugger_59_f5ab1f8f0f8420a087f2.png"], "captions": ["0004a4c0-d4dff0ad_jpg.rf.c4523588d7f9ecd1e3118bbad53fae62.jpg", "7429a7c2-6e655bd4_jpg.rf.27e85397890e9565716dadbf9a2775a1.jpg", "73f91726-a4b42013_jpg.rf.601b0e7a07d1efc07d47f4c98acc69dc.jpg", "73d972b6-17d447e3_jpg.rf.90f85b1f2eb128edfb9b5992f66fbd9a.jpg", "73bc6319-00000000_jpg.rf.0e26d84facecd179ea82286900e7564b.jpg", "73b09461-29fd15f1_jpg.rf.bdef29f4830f80e5c650ebee827897ef.jpg", "73ad6197-185e087c_jpg.rf.05875e6e8dca62689e7d847f21100c91.jpg", "73a1f742-63890001_jpg.rf.83aae5d4a8040389079ef23defac01dd.jpg", "736ef944-35249131_jpg.rf.91913b2810c98b237848b4cae1b40ca9.jpg", "734cfd60-5a112a74_jpg.rf.b85a41547228963b204a19a3785fd840.jpg", "72d1a01b-4a230000_jpg.rf.8f2bbf5e5c07d851c721a010989b980f.jpg", "72d1a01b-00000000_jpg.rf.262eff5e078166a62f9521c4fa2237e9.jpg", "72cd9cec-dbf0b815_jpg.rf.403703b078711454ac765f6756b96f1a.jpg", "7291f215-f66e0000_jpg.rf.a416ff4d1a86289c4653ff18c421ebcf.jpg", "724b5120-98a49fd9_jpg.rf.bc033c758c084f8bf6a53e20e3473fee.jpg", "7238b169-c3aebcfe_jpg.rf.109fa38b3cd092a4f73181697de20c57.jpg"], "all_boxes": [{"predictions": {"_type": "boxes2D", "sha256": "8123c8df4f59ea745f4b5d0d7ac81f73af0d5e7f2fb794eb2dd6d52f2777a61e", "size": 57179, "path": "media/metadata/boxes2D/BoundingBoxDebugger_59_8123c8df4f59ea745f4b.boxes2D.json"}}, {"predictions": {"_type": "boxes2D", "sha256": "1e1ea9a5f94ed245444e9bfa8b8bda27889368d067b34026cbcd77ba0f6e6cdf", "size": 56259, "path": "media/metadata/boxes2D/BoundingBoxDebugger_59_1e1ea9a5f94ed245444e.boxes2D.json"}}, {"predictions": {"_type": "boxes2D", "sha256": "cde3d5e58d1cbc0caee1f49b2476ef6c7caadd1045fc9ac100a5b2803a2ec5b5", "size": 6414, "path": "media/metadata/boxes2D/BoundingBoxDebugger_59_cde3d5e58d1cbc0caee1.boxes2D.json"}}, {"predictions": {"_type": "boxes2D", "sha256": "c8c247db01e568de6db62fa3b1e4f654ca2399f5aa1bbd57dde549bc3bbea705", "size": 56228, "path": "media/metadata/boxes2D/BoundingBoxDebugger_59_c8c247db01e568de6db6.boxes2D.json"}}, {"predictions": {"_type": "boxes2D", "sha256": "69cc848710f44b246de72457d64574da95c8e3a148dbc0ecc539de90b9376c2b", "size": 56416, "path": "media/metadata/boxes2D/BoundingBoxDebugger_59_69cc848710f44b246de7.boxes2D.json"}}, {"predictions": {"_type": "boxes2D", "sha256": "92088f3043f982dd938ba2cf8e518d4ba832aa143b7b1e87cb3ef22db145585a", "size": 57123, "path": "media/metadata/boxes2D/BoundingBoxDebugger_59_92088f3043f982dd938b.boxes2D.json"}}, {"predictions": {"_type": "boxes2D", "sha256": "89c11248c32c50edc416713ee3d07881981f3fbf6f38d5b464cdc73923c31669", "size": 56668, "path": "media/metadata/boxes2D/BoundingBoxDebugger_59_89c11248c32c50edc416.boxes2D.json"}}, {"predictions": {"_type": "boxes2D", "sha256": "b93fbb09eee4d974763b57f2ceb811d6995875bbcf391731edf06386cee41de8", "size": 34578, "path": "media/metadata/boxes2D/BoundingBoxDebugger_59_b93fbb09eee4d974763b.boxes2D.json"}}, {"predictions": {"_type": "boxes2D", "sha256": "826f71f3e68f1d37da16b44f1fd18262bb602a24b6e27ff643026ebff2cc2186", "size": 57081, "path": "media/metadata/boxes2D/BoundingBoxDebugger_59_826f71f3e68f1d37da16.boxes2D.json"}}, {"predictions": {"_type": "boxes2D", "sha256": "f96b2743b0508920edf21e895ca581e10b66f990e82082fe575847a66ee33154", "size": 56961, "path": "media/metadata/boxes2D/BoundingBoxDebugger_59_f96b2743b0508920edf2.boxes2D.json"}}, {"predictions": {"_type": "boxes2D", "sha256": "b72c00bcd5f16c6a5b75b8b03570281e0ebae2bd8058a2e6f7b269d829cd4c43", "size": 7155, "path": "media/metadata/boxes2D/BoundingBoxDebugger_59_b72c00bcd5f16c6a5b75.boxes2D.json"}}, {"predictions": {"_type": "boxes2D", "sha256": "2269d7509e0945c56e3479b1a2ce0c68c1bd649ab658c38ea75c7a82b25e5158", "size": 36344, "path": "media/metadata/boxes2D/BoundingBoxDebugger_59_2269d7509e0945c56e34.boxes2D.json"}}, {"predictions": {"_type": "boxes2D", "sha256": "40b6241fbec255b6244b674c369a061d6d3d632fa015293ec2b01b9c3a8d5288", "size": 57481, "path": "media/metadata/boxes2D/BoundingBoxDebugger_59_40b6241fbec255b6244b.boxes2D.json"}}, {"predictions": {"_type": "boxes2D", "sha256": "276b56f44e22ca6bc5e086e190dd2cb9574e3e4f037ec0c88cb1df940e7bdfad", "size": 56893, "path": "media/metadata/boxes2D/BoundingBoxDebugger_59_276b56f44e22ca6bc5e0.boxes2D.json"}}, {"predictions": {"_type": "boxes2D", "sha256": "d7ff09fa985d02bee030974eec041723abd313838097f574e7895f7d4e85b022", "size": 57094, "path": "media/metadata/boxes2D/BoundingBoxDebugger_59_d7ff09fa985d02bee030.boxes2D.json"}}, {"predictions": {"_type": "boxes2D", "sha256": "960e08fe42d1cedf6f92603fd315181ee958d5919d3bf7eae5317c33aa4c4a48", "size": 56176, "path": "media/metadata/boxes2D/BoundingBoxDebugger_59_960e08fe42d1cedf6f92.boxes2D.json"}}]}}