{"best/epoch": 2, "best/precision": 0.8667444692121309, "best/recall": 0.17069805637950042, "best/mAP_0.5": 0.2244281768017032, "best/mAP_0.5:0.95": 0.11870899530786716, "Labels": {"_type": "images/separated", "width": 2000, "height": 2000, "format": "jpg", "count": 2, "filenames": ["media/images/Labels_0_7724d5ccfa03abdbd0b8.jpg", "media/images/Labels_0_4b1c5ff999c23706242e.jpg"], "captions": ["labels_correlogram.jpg", "labels.jpg"]}, "Mosaics": {"_type": "images/separated", "width": 1920, "height": 1920, "format": "jpg", "count": 3, "filenames": ["media/images/Mosaics_0_58ebaf8812906f642d9b.jpg", "media/images/Mosaics_0_9b28830eb37503c5e403.jpg", "media/images/Mosaics_0_716e74955a526d661564.jpg"], "captions": ["train_batch0.jpg", "train_batch1.jpg", "train_batch2.jpg"]}, "train/box_loss": 0.061667148023843765, "train/obj_loss": 0.07024523615837097, "train/cls_loss": 0.01308475062251091, "metrics/precision": 0.8667444692121309, "metrics/recall": 0.17069805637950042, "metrics/mAP_0.5": 0.2244281768017032, "metrics/mAP_0.5:0.95": 0.11870899530786716, "val/box_loss": 0.053026434034109116, "val/obj_loss": 0.06607090681791306, "val/cls_loss": 0.011044295504689217, "x/lr0": 0.010002543378995435, "x/lr1": 0.009926439878234399, "x/lr2": 0.009926439878234399, "_timestamp": 1659831957, "_runtime": 493, "_step": 2}