{"best/epoch": 149, "best/precision": 0.7577275779268593, "best/recall": 0.39391970823707845, "best/mAP_0.5": 0.4321193947119071, "best/mAP_0.5:0.95": 0.2618288555531453, "Labels": {"_type": "images/separated", "width": 2000, "height": 2000, "format": "jpg", "count": 2, "filenames": ["media/images/Labels_0_691d4c832bd849a806b2.jpg", "media/images/Labels_0_61cb45ac99b12cbb594c.jpg"], "captions": ["labels_correlogram.jpg", "labels.jpg"]}, "Mosaics": {"_type": "images/separated", "width": 1920, "height": 1920, "format": "jpg", "count": 3, "filenames": ["media/images/Mosaics_0_cd6d197b83cf58bb6a3c.jpg", "media/images/Mosaics_0_c36de760c036b7deb3ef.jpg", "media/images/Mosaics_0_e7c65fc8de603b767848.jpg"], "captions": ["train_batch0.jpg", "train_batch1.jpg", "train_batch2.jpg"]}, "train/box_loss": 0.030096385627985, "train/obj_loss": 0.04466124624013901, "train/cls_loss": 0.0021025033202022314, "metrics/precision": 0.7580216395185047, "metrics/recall": 0.39388061795371987, "metrics/mAP_0.5": 0.43217941750348166, "metrics/mAP_0.5:0.95": 0.2619564424205361, "val/box_loss": 0.03722885251045227, "val/obj_loss": 0.06159854307770729, "val/cls_loss": 0.008896049112081528, "x/lr0": 0.0018160000000000001, "x/lr1": 0.0018160000000000001, "x/lr2": 0.0018160000000000001, "_timestamp": 1659657436, "_runtime": 25859, "_step": 250, "BoundingBoxDebugger": {"_type": "images/separated", "width": 1344, "height": 768, "format": "png", "count": 16, "filenames": ["media/images/BoundingBoxDebugger_239_924c76c42cb44e884969.png", "media/images/BoundingBoxDebugger_239_bd380590f7ccc08a4ff5.png", "media/images/BoundingBoxDebugger_239_17f60037d8f941f549cc.png", "media/images/BoundingBoxDebugger_239_89b79c7abe989ab1881f.png", "media/images/BoundingBoxDebugger_239_74f00ef0d0f1a39561b6.png", "media/images/BoundingBoxDebugger_239_08e9043997a689c9f56a.png", "media/images/BoundingBoxDebugger_239_92a3146ef0ca37913b5d.png", "media/images/BoundingBoxDebugger_239_95ee921877fc010445e1.png", "media/images/BoundingBoxDebugger_239_a8a553582d0f38cd84d6.png", "media/images/BoundingBoxDebugger_239_c977be2b06448b0489da.png", "media/images/BoundingBoxDebugger_239_26339fd4c66e27e7f1b9.png", "media/images/BoundingBoxDebugger_239_bde4087747f934d6299b.png", "media/images/BoundingBoxDebugger_239_6d72e18416f79c6f41d8.png", "media/images/BoundingBoxDebugger_239_7f6ea14197261f9de724.png", "media/images/BoundingBoxDebugger_239_0c64a3bc1fc28830efd7.png", "media/images/BoundingBoxDebugger_239_f5ab1f8f0f8420a087f2.png"], "captions": ["0004a4c0-d4dff0ad_jpg.rf.c4523588d7f9ecd1e3118bbad53fae62.jpg", "7429a7c2-6e655bd4_jpg.rf.27e85397890e9565716dadbf9a2775a1.jpg", "73f91726-a4b42013_jpg.rf.601b0e7a07d1efc07d47f4c98acc69dc.jpg", "73d972b6-17d447e3_jpg.rf.90f85b1f2eb128edfb9b5992f66fbd9a.jpg", "73bc6319-00000000_jpg.rf.0e26d84facecd179ea82286900e7564b.jpg", "73b09461-29fd15f1_jpg.rf.bdef29f4830f80e5c650ebee827897ef.jpg", "73ad6197-185e087c_jpg.rf.05875e6e8dca62689e7d847f21100c91.jpg", "73a1f742-63890001_jpg.rf.83aae5d4a8040389079ef23defac01dd.jpg", "736ef944-35249131_jpg.rf.91913b2810c98b237848b4cae1b40ca9.jpg", "734cfd60-5a112a74_jpg.rf.b85a41547228963b204a19a3785fd840.jpg", "72d1a01b-4a230000_jpg.rf.8f2bbf5e5c07d851c721a010989b980f.jpg", "72d1a01b-00000000_jpg.rf.262eff5e078166a62f9521c4fa2237e9.jpg", "72cd9cec-dbf0b815_jpg.rf.403703b078711454ac765f6756b96f1a.jpg", "7291f215-f66e0000_jpg.rf.a416ff4d1a86289c4653ff18c421ebcf.jpg", "724b5120-98a49fd9_jpg.rf.bc033c758c084f8bf6a53e20e3473fee.jpg", "7238b169-c3aebcfe_jpg.rf.109fa38b3cd092a4f73181697de20c57.jpg"], "all_boxes": [{"predictions": {"_type": "boxes2D", "sha256": "aa32e5d5bc23e700725a7d390529c5b5af01f0617bbba459cce60675385557b2", "size": 14842, "path": "media/metadata/boxes2D/BoundingBoxDebugger_239_aa32e5d5bc23e700725a.boxes2D.json"}}, {"predictions": {"_type": "boxes2D", "sha256": "06476f6caef9ad05e173e144003e7cdc99359941202493dd1adb6fb18ead9999", "size": 39651, "path": "media/metadata/boxes2D/BoundingBoxDebugger_239_06476f6caef9ad05e173.boxes2D.json"}}, {"predictions": {"_type": "boxes2D", "sha256": "c84851df0545412095d53e532a76305dd1ca930cc98c5ca527e8d02b02928abb", "size": 2799, "path": "media/metadata/boxes2D/BoundingBoxDebugger_239_c84851df0545412095d5.boxes2D.json"}}, {"predictions": {"_type": "boxes2D", "sha256": "9630d14493c22f15c6d3ffd37a8e43d00cb46cad2e173d7cc5921129aa81c70a", "size": 56617, "path": "media/metadata/boxes2D/BoundingBoxDebugger_239_9630d14493c22f15c6d3.boxes2D.json"}}, {"predictions": {"_type": "boxes2D", "sha256": "fd9f3b2505080885fa2a8c6b0fdd9f289d4e23621c8aeda38ae5a0a012dd955e", "size": 33850, "path": "media/metadata/boxes2D/BoundingBoxDebugger_239_fd9f3b2505080885fa2a.boxes2D.json"}}, {"predictions": {"_type": "boxes2D", "sha256": "106b319b3bbc2b5418840ad06c202dff763e5b13391f4f005a5b0a3129a6cbeb", "size": 46454, "path": "media/metadata/boxes2D/BoundingBoxDebugger_239_106b319b3bbc2b541884.boxes2D.json"}}, {"predictions": {"_type": "boxes2D", "sha256": "4b56523303959d3a7e6dc5b1eb2d8d9ddd7ebb3e2069c8696de7abec11f5d2ba", "size": 15685, "path": "media/metadata/boxes2D/BoundingBoxDebugger_239_4b56523303959d3a7e6d.boxes2D.json"}}, {"predictions": {"_type": "boxes2D", "sha256": "226cdb71390e3576a40bbdfea305f4fbac22b37d64b413451dfd0ef784e3b123", "size": 13938, "path": "media/metadata/boxes2D/BoundingBoxDebugger_239_226cdb71390e3576a40b.boxes2D.json"}}, {"predictions": {"_type": "boxes2D", "sha256": "1cf568c3072a941277328a7ff64ad5833aaff5550fe422102d1f63f8c376e59a", "size": 21851, "path": "media/metadata/boxes2D/BoundingBoxDebugger_239_1cf568c3072a94127732.boxes2D.json"}}, {"predictions": {"_type": "boxes2D", "sha256": "87c6a31c6248111a442c4855e27531f211e1d3171bb44bafd4badb09f03d2c22", "size": 34901, "path": "media/metadata/boxes2D/BoundingBoxDebugger_239_87c6a31c6248111a442c.boxes2D.json"}}, {"predictions": {"_type": "boxes2D", "sha256": "596be9954798eca81054443a433ed017e60216474d03eb50a4842f7eb1b1477b", "size": 4713, "path": "media/metadata/boxes2D/BoundingBoxDebugger_239_596be9954798eca81054.boxes2D.json"}}, {"predictions": {"_type": "boxes2D", "sha256": "cfe4e7eb6edd405b57f0e054383f39e3b11f6593f86843d99e7443f5b4b914fc", "size": 9647, "path": "media/metadata/boxes2D/BoundingBoxDebugger_239_cfe4e7eb6edd405b57f0.boxes2D.json"}}, {"predictions": {"_type": "boxes2D", "sha256": "78efada02a1c91364de33c6b117b9913c4b9a3181af0822c3f521eab0283b2b8", "size": 23278, "path": "media/metadata/boxes2D/BoundingBoxDebugger_239_78efada02a1c91364de3.boxes2D.json"}}, {"predictions": {"_type": "boxes2D", "sha256": "c8ce37fdefb73fe4d94617be177d8fe03f4ddf3f9d90c5992ec2070d3ef0334b", "size": 26471, "path": "media/metadata/boxes2D/BoundingBoxDebugger_239_c8ce37fdefb73fe4d946.boxes2D.json"}}, {"predictions": {"_type": "boxes2D", "sha256": "5f80db2ccafce66a19d313a7fb99bbafa5db2e26bad0765e9b6ff7a0093d5ed9", "size": 57066, "path": "media/metadata/boxes2D/BoundingBoxDebugger_239_5f80db2ccafce66a19d3.boxes2D.json"}}, {"predictions": {"_type": "boxes2D", "sha256": "7e41486fba3d771cea1dc03780c52244dc111e6add1c6bde0ff2f909ce814c34", "size": 49183, "path": "media/metadata/boxes2D/BoundingBoxDebugger_239_7e41486fba3d771cea1d.boxes2D.json"}}]}, "Validation": {"_type": "images/separated", "width": 1920, "height": 1100, "format": "jpg", "count": 6, "filenames": ["media/images/Validation_250_b521ce79752db5effba3.jpg", "media/images/Validation_250_3dca53a9b35a10939ae1.jpg", "media/images/Validation_250_548b524815e3fae644a1.jpg", "media/images/Validation_250_242ef388ad4c002a46e2.jpg", "media/images/Validation_250_0ccb2e144e2f8aa856f9.jpg", "media/images/Validation_250_3cea847765e260389c44.jpg"], "captions": ["val_batch0_labels.jpg", "val_batch0_pred.jpg", "val_batch1_labels.jpg", "val_batch1_pred.jpg", "val_batch2_labels.jpg", "val_batch2_pred.jpg"]}, "Results": {"_type": "images/separated", "width": 2400, "height": 1200, "format": "png", "count": 6,