{"best/epoch": 97, "best/precision": 0.6441457666496885, "best/recall": 0.346157583446259, "best/mAP_0.5": 0.3893589203231408, "best/mAP_0.5:0.95": 0.2449704168804036, "Labels": {"_type": "images/separated", "width": 2000, "height": 2000, "format": "jpg", "count": 2, "filenames": ["media/images/Labels_0_4542dd33bc3c12891143.jpg", "media/images/Labels_0_aee0fe8e095e02b208b2.jpg"], "captions": ["labels_correlogram.jpg", "labels.jpg"]}, "Mosaics": {"_type": "images/separated", "width": 1920, "height": 1920, "format": "jpg", "count": 3, "filenames": ["media/images/Mosaics_0_392d2590b323aea24077.jpg", "media/images/Mosaics_0_8a49666d9e64460762e4.jpg", "media/images/Mosaics_0_526e542caf85e172fe45.jpg"], "captions": ["train_batch0.jpg", "train_batch1.jpg", "train_batch2.jpg"]}, "train/box_loss": 0.036074016243219376, "train/obj_loss": 0.051809899508953094, "train/cls_loss": 0.0034329730551689863, "metrics/precision": 0.6444662774131337, "metrics/recall": 0.3462159066534586, "metrics/mAP_0.5": 0.39001981711893474, "metrics/mAP_0.5:0.95": 0.24520292220825488, "val/box_loss": 0.04128167778253555, "val/obj_loss": 0.062349893152713776, "val/cls_loss": 0.008624834008514881, "x/lr0": 0.005182, "x/lr1": 0.005182, "x/lr2": 0.005182, "_timestamp": 1662273818, "_runtime": 23167, "_step": 148, "BoundingBoxDebugger": {"_type": "images/separated", "width": 1344, "height": 768, "format": "png", "count": 16, "filenames": ["media/images/BoundingBoxDebugger_119_ee852353bbcffb6029db.png", "media/images/BoundingBoxDebugger_119_28dde4d61c956d308210.png", "media/images/BoundingBoxDebugger_119_88d4276bf909a7c8731b.png", "media/images/BoundingBoxDebugger_119_46b1609b3dd4b85a558d.png", "media/images/BoundingBoxDebugger_119_785003fd04f4c3107a64.png", "media/images/BoundingBoxDebugger_119_aa349ee51ea80cc2b241.png", "media/images/BoundingBoxDebugger_119_9e8873e8d2336f586820.png", "media/images/BoundingBoxDebugger_119_99e16d2ee1ef5e18040c.png", "media/images/BoundingBoxDebugger_119_3bee43b9efbb99b5fb9e.png", "media/images/BoundingBoxDebugger_119_f28b1174943aeb439e08.png", "media/images/BoundingBoxDebugger_119_53a50e2075a255998660.png", "media/images/BoundingBoxDebugger_119_a8a5e443f99e12afa31a.png", "media/images/BoundingBoxDebugger_119_21ce790b008bad74ff88.png", "media/images/BoundingBoxDebugger_119_c6d1f1fc21d90d736660.png", "media/images/BoundingBoxDebugger_119_0748d1034a65fcd21551.png", "media/images/BoundingBoxDebugger_119_07aed0bacafa44c48e27.png"], "captions": ["7d06fefd-f7be05a6.jpg", "a217361a-01b5b341.jpg", "a217361a-cdf174d7.jpg", "a2297c18-876eb30b.jpg", "a2300bf9-00000000.jpg", "a269d8cd-af4fc1d1.jpg", "a2881013-88cf91d5.jpg", "a293d57a-00000000.jpg", "a296eb41-691738fc.jpg", "a2ae40f3-00000000.jpg", "a2c6d74b-00000000.jpg", "a2c9376f-00000000.jpg", "a2d1b2be-d0ddcd7d.jpg", "a3025d3c-00000000.jpg", "a316282d-0e90097d.jpg", "a316362b-00000000.jpg"], "all_boxes": [{"predictions": {"_type": "boxes2D", "sha256": "fe9e5294f986ee30f57f9362d5ab1709ab84d447ab6ae6f87282c75caa8c39d5", "size": 30323, "path": "media/metadata/boxes2D/BoundingBoxDebugger_119_fe9e5294f986ee30f57f.boxes2D.json"}}, {"predictions": {"_type": "boxes2D", "sha256": "7366fc162f92517a8918a7f20167ffaabd2f286ef0020b4bb1773d35e0a6df56", "size": 56475, "path": "media/metadata/boxes2D/BoundingBoxDebugger_119_7366fc162f92517a8918.boxes2D.json"}}, {"predictions": {"_type": "boxes2D", "sha256": "b7025dbe220454f41964dda142e0fbc238f1a9eaab9406558450327657a90221", "size": 56425, "path": "media/metadata/boxes2D/BoundingBoxDebugger_119_b7025dbe220454f41964.boxes2D.json"}}, {"predictions": {"_type": "boxes2D", "sha256": "c48e9c3aafa81b7e3dc1bda86fc9d0513ef9d7b61a3b96fb00b3a7b29b8a4896", "size": 56627, "path": "media/metadata/boxes2D/BoundingBoxDebugger_119_c48e9c3aafa81b7e3dc1.boxes2D.json"}}, {"predictions": {"_type": "boxes2D", "sha256": "f6eb2e32a658133836fb8f69d85e34a758d8e549443b51533e14aaca890349b4", "size": 56761, "path": "media/metadata/boxes2D/BoundingBoxDebugger_119_f6eb2e32a658133836fb.boxes2D.json"}}, {"predictions": {"_type": "boxes2D", "sha256": "8b0c5b8a84a2dac56036d566fc99651dbf7142527b357a6e925894c903cb0dd3", "size": 7171, "path": "media/metadata/boxes2D/BoundingBoxDebugger_119_8b0c5b8a84a2dac56036.boxes2D.json"}}, {"predictions": {"_type": "boxes2D", "sha256": "5d39ac4321e8663867f7fda3cab83fef7ab88e0e9a73dda8172f0bf4a9709c3a", "size": 28506, "path": "media/metadata/boxes2D/BoundingBoxDebugger_119_5d39ac4321e8663867f7.boxes2D.json"}}, {"predictions": {"_type": "boxes2D", "sha256": "d6bad2d6ec47acb6d9422bafb21fd713fe8595f2714106209e76714712b35941", "size": 14947, "path": "media/metadata/boxes2D/BoundingBoxDebugger_119_d6bad2d6ec47acb6d942.boxes2D.json"}}, {"predictions": {"_type": "boxes2D", "sha256": "620ab4bb7a2bc87ee55cf325dea93ce9906d1d94f56f235bc627533d0d66388a", "size": 32252, "path": "media/metadata/boxes2D/BoundingBoxDebugger_119_620ab4bb7a2bc87ee55c.boxes2D.json"}}, {"predictions": {"_type": "boxes2D", "sha256": "6747b0bc62cd2d8aa0fb8b92a65c9921b2b566d37dff4799f7dd4ba7dd4262ee", "size": 56706, "path": "media/metadata/boxes2D/BoundingBoxDebugger_119_6747b0bc62cd2d8aa0fb.boxes2D.json"}}, {"predictions": {"_type": "boxes2D", "sha256": "e16710cd5a993a0bcd676bc0eaa47441f0f01527ea5c5da61a998680cf6ed2dd", "size": 41656, "path": "media/metadata/boxes2D/BoundingBoxDebugger_119_e16710cd5a993a0bcd67.boxes2D.json"}}, {"predictions": {"_type": "boxes2D", "sha256": "a68a0bb04a0467ddd7add38d9cc18e5ac6c9d8e2321d4da97db7a1f0df176935", "size": 16886, "path": "media/metadata/boxes2D/BoundingBoxDebugger_119_a68a0bb04a0467ddd7ad.boxes2D.json"}}, {"predictions": {"_type": "boxes2D", "sha256": "f0a21a8b834e10232ac8254332f0df8ca5a4dc2a031a5b9b2059071eebf12f0e", "size": 27980, "path": "media/metadata/boxes2D/BoundingBoxDebugger_119_f0a21a8b834e10232ac8.boxes2D.json"}}, {"predictions": {"_type": "boxes2D", "sha256": "97b533db2b8587c3edab18ad78f05e5bc5732449ca8025e961cfb8c2c021645b", "size": 30583, "path": "media/metadata/boxes2D/BoundingBoxDebugger_119_97b533db2b8587c3edab.boxes2D.json"}}, {"predictions": {"_type": "boxes2D", "sha256": "e2c1866ce2d224a8e0e2959ba7befa21fa727cab3d51417ed79d0f2729360acf", "size": 16169, "path": "media/metadata/boxes2D/BoundingBoxDebugger_119_e2c1866ce2d224a8e0e2.boxes2D.json"}}, {"predictions": {"_type": "boxes2D", "sha256": "76e8a1a75c67ab20c69a6db042766957de88617e1a18e87f7ddc91a40c7e4def", "size": 33920, "path": "media/metadata/boxes2D/BoundingBoxDebugger_119_76e8a1a75c67ab20c69a.boxes2D.json"}}]}, "Validation": {"_type": "images/separated", "width": 1920, "height": 1100, "format": "jpg", "count": 6, "filenames": ["media/images/Validation_148_16851127fed0319052e2.jpg", "media/images/Validation_148_cf0e7e56219bbab5b69c.jpg", "media/images/Validation_148_90cb3e1fc03ef97f8783.jpg", "media/images/Validation_148_be36beb3a4602cc7bbb6.jpg", "media/images/Validation_148_c7bb9755ae28184a548f.jpg", "media/images/Validation_148_848978354a4362cee6f7.jpg"], "captions": ["val_batch0_labels.jpg", "val_batch0_pred.jpg", "val_batch1_labels.jpg", "val_batch1_pred.jpg", "val_batch2_labels.jpg", "val_batch2_pred.jpg"]}, "Results": {"_type": "images/separated", "width": 2400, "height": 1200, "format": "png", "count": 6, "filenames": ["media/images/Results_148_77a48e282fd1f453b5c9.png", "media/images/Results_148_fbeee9a84b2c5e1fba02.png", "media/images/Results_148_977cc5bb1d5e7efa1510.png", "media/images/Results_148_555c6d4cc15d4639b380.png", "media/images/Results_148_9f8072e49d047e2ce054.png", "media/images/Results_148_69cea8260e0cebb2d8b5.png"], "captions": ["results.png", "confusion_matrix.png", "F1_curve.png", "PR_curve.png", "P_curve.png", "R_curve.png"]}, "_wandb": {"runtime": 23168}}