{"best/epoch": 0, "best/precision": 0.8828115306881397, "best/recall": 0.08917078177764168, "best/mAP_0.5": 0.1010989088767164, "best/mAP_0.5:0.95": 0.04478917289955782, "Labels": {"_type": "images/separated", "width": 2000, "height": 2000, "format": "jpg", "count": 2, "filenames": ["media/images/Labels_0_75f8a069f91436e74e79.jpg", "media/images/Labels_0_7e20077e3a35a160d389.jpg"], "captions": ["labels_correlogram.jpg", "labels.jpg"]}, "Mosaics": {"_type": "images/separated", "width": 1920, "height": 1920, "format": "jpg", "count": 3, "filenames": ["media/images/Mosaics_0_b5515f81b184cec691e6.jpg", "media/images/Mosaics_0_4527b2640d57c4edd96e.jpg", "media/images/Mosaics_0_fda94521b795804507d1.jpg"], "captions": ["train_batch0.jpg", "train_batch1.jpg", "train_batch2.jpg"]}, "train/box_loss": 0.08221880346536636, "train/obj_loss": 0.07797189056873322, "train/cls_loss": 0.02522970736026764, "metrics/precision": 0.8825810731480261, "metrics/recall": 0.08910427870909868, "metrics/mAP_0.5": 0.10098457534799068, "metrics/mAP_0.5:0.95": 0.044786208834849586, "val/box_loss": 0.07018983364105225, "val/obj_loss": 0.06903800368309021, "val/cls_loss": 0.0144642423838377, "x/lr0": 0.07006880733944955, "x/lr1": 0.0033256880733944956, "x/lr2": 0.0033256880733944956, "BoundingBoxDebugger": {"_type": "images/separated", "width": 1344, "height": 768, "format": "png", "count": 16, "filenames": ["media/images/BoundingBoxDebugger_0_ee852353bbcffb6029db.png", "media/images/BoundingBoxDebugger_0_28dde4d61c956d308210.png", "media/images/BoundingBoxDebugger_0_88d4276bf909a7c8731b.png", "media/images/BoundingBoxDebugger_0_46b1609b3dd4b85a558d.png", "media/images/BoundingBoxDebugger_0_785003fd04f4c3107a64.png", "media/images/BoundingBoxDebugger_0_aa349ee51ea80cc2b241.png", "media/images/BoundingBoxDebugger_0_9e8873e8d2336f586820.png", "media/images/BoundingBoxDebugger_0_99e16d2ee1ef5e18040c.png", "media/images/BoundingBoxDebugger_0_3bee43b9efbb99b5fb9e.png", "media/images/BoundingBoxDebugger_0_f28b1174943aeb439e08.png", "media/images/BoundingBoxDebugger_0_53a50e2075a255998660.png", "media/images/BoundingBoxDebugger_0_a8a5e443f99e12afa31a.png", "media/images/BoundingBoxDebugger_0_21ce790b008bad74ff88.png", "media/images/BoundingBoxDebugger_0_c6d1f1fc21d90d736660.png", "media/images/BoundingBoxDebugger_0_0748d1034a65fcd21551.png", "media/images/BoundingBoxDebugger_0_07aed0bacafa44c48e27.png"], "captions": ["7d06fefd-f7be05a6.jpg", "a217361a-01b5b341.jpg", "a217361a-cdf174d7.jpg", "a2297c18-876eb30b.jpg", "a2300bf9-00000000.jpg", "a269d8cd-af4fc1d1.jpg", "a2881013-88cf91d5.jpg", "a293d57a-00000000.jpg", "a296eb41-691738fc.jpg", "a2ae40f3-00000000.jpg", "a2c6d74b-00000000.jpg", "a2c9376f-00000000.jpg", "a2d1b2be-d0ddcd7d.jpg", "a3025d3c-00000000.jpg", "a316282d-0e90097d.jpg", "a316362b-00000000.jpg"], "all_boxes": [{"predictions": {"_type": "boxes2D", "sha256": "503d44f58beae74272dc6f4b10b6136c5d542896411abece5ae9cbad756817a5", "size": 55471, "path": "media/metadata/boxes2D/BoundingBoxDebugger_0_503d44f58beae74272dc.boxes2D.json"}}, {"predictions": {"_type": "boxes2D", "sha256": "3feee5774f17849241e22879e2d60b9a364987d0b493d69942e5d1a0e96934dd", "size": 55410, "path": "media/metadata/boxes2D/BoundingBoxDebugger_0_3feee5774f17849241e2.boxes2D.json"}}, {"predictions": {"_type": "boxes2D", "sha256": "65c8f4cf2da33be340874a74ac70db9db42b238d1bf856d7a5ebcb13df20e525", "size": 55213, "path": "media/metadata/boxes2D/BoundingBoxDebugger_0_65c8f4cf2da33be34087.boxes2D.json"}}, {"predictions": {"_type": "boxes2D", "sha256": "6cf7997dec107fc5b27c4189890dbb33d18e375714be60f68eadbd3754098e2d", "size": 55382, "path": "media/metadata/boxes2D/BoundingBoxDebugger_0_6cf7997dec107fc5b27c.boxes2D.json"}}, {"predictions": {"_type": "boxes2D", "sha256": "47b3be84a17896146bdb790c677c9a774f9ae01d7b50d126d150a100c702b7ee", "size": 55526, "path": "media/metadata/boxes2D/BoundingBoxDebugger_0_47b3be84a17896146bdb.boxes2D.json"}}, {"predictions": {"_type": "boxes2D", "sha256": "ef7c8a7649407c59b727e45dd26218bfbe833761812afb1b8c31041548388c9c", "size": 56913, "path": "media/metadata/boxes2D/BoundingBoxDebugger_0_ef7c8a7649407c59b727.boxes2D.json"}}, {"predictions": {"_type": "boxes2D", "sha256": "d5f21b554cadfed9f64445abf35925af0d4ba1d583188f085a22fc34d9d12a61", "size": 56059, "path": "media/metadata/boxes2D/BoundingBoxDebugger_0_d5f21b554cadfed9f644.boxes2D.json"}}, {"predictions": {"_type": "boxes2D", "sha256": "826d101f032e8f6189dfd7c7fd600e13f091854bbb3674f5afe0726ea4bd7cc9", "size": 56552, "path": "media/metadata/boxes2D/BoundingBoxDebugger_0_826d101f032e8f6189df.boxes2D.json"}}, {"predictions": {"_type": "boxes2D", "sha256": "424faf537f07fccad6fe122496ec82c75f08413d7ff40827930163188b762fb1", "size": 55455, "path": "media/metadata/boxes2D/BoundingBoxDebugger_0_424faf537f07fccad6fe.boxes2D.json"}}, {"predictions": {"_type": "boxes2D", "sha256": "e286c488ec0e285068c1b7e96309809dde96ad833e9053666b26d1de690106cc", "size": 55327, "path": "media/metadata/boxes2D/BoundingBoxDebugger_0_e286c488ec0e285068c1.boxes2D.json"}}, {"predictions": {"_type": "boxes2D", "sha256": "a41398f07e54adb54ad1ce6b4d5589f087882574b04764ebf8fec52a18db9157", "size": 55609, "path": "media/metadata/boxes2D/BoundingBoxDebugger_0_a41398f07e54adb54ad1.boxes2D.json"}}, {"predictions": {"_type": "boxes2D", "sha256": "6f37a1c5673ec1253dcda63a7f824e8572e2e275d22ef08c4c182eea07a4eb66", "size": 56288, "path": "media/metadata/boxes2D/BoundingBoxDebugger_0_6f37a1c5673ec1253dcd.boxes2D.json"}}, {"predictions": {"_type": "boxes2D", "sha256": "378f24cf959fa9c7425b7c1f6f03c0720d33a1c564b620958ba2ad3601b51d2d", "size": 56019, "path": "media/metadata/boxes2D/BoundingBoxDebugger_0_378f24cf959fa9c7425b.boxes2D.json"}}, {"predictions": {"_type": "boxes2D", "sha256": "e82ea198e63b32b343aa708e51d390d3112c2b1ec87caca67eceb3db3ad3aa17", "size": 55706, "path": "media/metadata/boxes2D/BoundingBoxDebugger_0_e82ea198e63b32b343aa.boxes2D.json"}}, {"predictions": {"_type": "boxes2D", "sha256": "cfe8aa29c26bb52b95ff242ea3e335c1763e74e2e8456dc35f0880c0e478214d", "size": 55976, "path": "media/metadata/boxes2D/BoundingBoxDebugger_0_cfe8aa29c26bb52b95ff.boxes2D.json"}}, {"predictions": {"_type": "boxes2D", "sha256": "1d93ca4cb19ee8c376e31c3783f12715fda94d0bf550da96b97715dcd2961635", "size": 55934, "path": "media/metadata/boxes2D/BoundingBoxDebugger_0_1d93ca4cb19ee8c376e3.boxes2D.json"}}]}, "_timestamp": 1659828005, "_runtime": 242, "_step": 1, "Validation": {"_type": "images/separated", "width": 1920, "height": 1100, "format": "jpg", "count": 6, "filenames": ["media/images/Validation_1_69d317ec8430c32cf939.jpg", "media/images/Validation_1_91b195e9ea7d5ead1fdb.jpg", "media/images/Validation_1_b392abaf6d9dee0f0f95.jpg", "media/images/Validation_1_d24a09ecf1214777ef1a.jpg", "media/images/Validation_1_7083518b32e3ee2d3dd7.jpg", "media/images/Validation_1_87ffa06406e4c892fae9.jpg"], "captions": ["val_batch0_labels.jpg", "val_batch0_pred.jpg", "val_batch1_labels.jpg", "val_batch1_pred.jpg", "val_batch2_labels.jpg", "val_batch2_pred.jpg"]}, "Results": {"_type": "images/separated", "width": 2400, "height": 1200, "format": "png", "count": 6, "filenames": ["media/images/Results_1_8bd8b2cc05479454347e.png", "media/images/Results_1_beb0564ece4c58bdea58.png", "media/images/Results_1_605b785fbab6a250ed72.png", "media/images/Results_1_bd9e132c951e97a19cc6.png", "media/images/Results_1_67db416ee97a426afa85.png", "media/images/Results_1_302c2b7d8415ba64bdf1.png"], "captions": ["results.png", "confusion_matrix.png", "F1_curve.png", "PR_curve.png", "P_curve.png", "R_curve.png"]}, "_wandb": {"runtime": 242}}