{"best/epoch": 32, "best/precision": 0.6363543847130033, "best/recall": 0.3445014393435174, "best/mAP_0.5": 0.38538300820396343, "best/mAP_0.5:0.95": 0.23842563628561259, "Labels": {"_type": "images/separated", "width": 2000, "height": 2000, "format": "jpg", "count": 2, "filenames": ["media/images/Labels_0_8270a4f85aa020e9d122.jpg", "media/images/Labels_0_97f689a2ba2872564d3e.jpg"], "captions": ["labels_correlogram.jpg", "labels.jpg"]}, "Mosaics": {"_type": "images/separated", "width": 1920, "height": 1920, "format": "jpg", "count": 3, "filenames": ["media/images/Mosaics_0_ab217304724727dd319e.jpg", "media/images/Mosaics_0_6365698dc0ec6871e6e1.jpg", "media/images/Mosaics_0_57d3aef66184bb72e955.jpg"], "captions": ["train_batch0.jpg", "train_batch1.jpg", "train_batch2.jpg"]}, "train/box_loss": 0.019837938249111176, "train/obj_loss": 0.026842258870601654, "train/cls_loss": 0.002122323727235198, "metrics/precision": 0.6354720810429823, "metrics/recall": 0.3443751978411641, "metrics/mAP_0.5": 0.3847615497342052, "metrics/mAP_0.5:0.95": 0.2385137163436586, "val/box_loss": 0.023931460455060005, "val/obj_loss": 0.05229910835623741, "val/cls_loss": 0.007868658751249313, "x/lr0": 0.007327, "x/lr1": 0.007327, "x/lr2": 0.007327, "_timestamp": 1662415559, "_runtime": 21791, "_step": 83, "BoundingBoxDebugger": {"_type": "images/separated", "width": 1344, "height": 768, "format": "png", "count": 16, "filenames": ["media/images/BoundingBoxDebugger_59_ee852353bbcffb6029db.png", "media/images/BoundingBoxDebugger_59_28dde4d61c956d308210.png", "media/images/BoundingBoxDebugger_59_88d4276bf909a7c8731b.png", "media/images/BoundingBoxDebugger_59_46b1609b3dd4b85a558d.png", "media/images/BoundingBoxDebugger_59_785003fd04f4c3107a64.png", "media/images/BoundingBoxDebugger_59_aa349ee51ea80cc2b241.png", "media/images/BoundingBoxDebugger_59_9e8873e8d2336f586820.png", "media/images/BoundingBoxDebugger_59_99e16d2ee1ef5e18040c.png", "media/images/BoundingBoxDebugger_59_3bee43b9efbb99b5fb9e.png", "media/images/BoundingBoxDebugger_59_f28b1174943aeb439e08.png", "media/images/BoundingBoxDebugger_59_53a50e2075a255998660.png", "media/images/BoundingBoxDebugger_59_a8a5e443f99e12afa31a.png", "media/images/BoundingBoxDebugger_59_21ce790b008bad74ff88.png", "media/images/BoundingBoxDebugger_59_c6d1f1fc21d90d736660.png", "media/images/BoundingBoxDebugger_59_0748d1034a65fcd21551.png", "media/images/BoundingBoxDebugger_59_07aed0bacafa44c48e27.png"], "captions": ["7d06fefd-f7be05a6.jpg", "a217361a-01b5b341.jpg", "a217361a-cdf174d7.jpg", "a2297c18-876eb30b.jpg", "a2300bf9-00000000.jpg", "a269d8cd-af4fc1d1.jpg", "a2881013-88cf91d5.jpg", "a293d57a-00000000.jpg", "a296eb41-691738fc.jpg", "a2ae40f3-00000000.jpg", "a2c6d74b-00000000.jpg", "a2c9376f-00000000.jpg", "a2d1b2be-d0ddcd7d.jpg", "a3025d3c-00000000.jpg", "a316282d-0e90097d.jpg", "a316362b-00000000.jpg"], "all_boxes": [{"predictions": {"_type": "boxes2D", "sha256": "c74edbad46dc728e8a386e4b590f7aad6f92d632eadc76b155304b40ed04501e", "size": 37117, "path": "media/metadata/boxes2D/BoundingBoxDebugger_59_c74edbad46dc728e8a38.boxes2D.json"}}, {"predictions": {"_type": "boxes2D", "sha256": "e6d6d0583210c60a296fec9044127fbe38ada622cdf8afd977be85d28c328ed6", "size": 56962, "path": "media/metadata/boxes2D/BoundingBoxDebugger_59_e6d6d0583210c60a296f.boxes2D.json"}}, {"predictions": {"_type": "boxes2D", "sha256": "96c6f572ecb2999afe3aa671fdd007a12af706ba17968534d0dd3a8bac85d566", "size": 56941, "path": "media/metadata/boxes2D/BoundingBoxDebugger_59_96c6f572ecb2999afe3a.boxes2D.json"}}, {"predictions": {"_type": "boxes2D", "sha256": "39afe376d39579ca15a36e32544869d1a267bae4699816d0c3b7c3a1e6ade753", "size": 56513, "path": "media/metadata/boxes2D/BoundingBoxDebugger_59_39afe376d39579ca15a3.boxes2D.json"}}, {"predictions": {"_type": "boxes2D", "sha256": "0f42dfc1773354563fc5ae476814ce77f3d841eee6d52f2fe8c139e3982f9452", "size": 56596, "path": "media/metadata/boxes2D/BoundingBoxDebugger_59_0f42dfc1773354563fc5.boxes2D.json"}}, {"predictions": {"_type": "boxes2D", "sha256": "dfbbcf82de5c3f509c6e53063de0204f93bfc5dc89162548432b749413b9a183", "size": 10036, "path": "media/metadata/boxes2D/BoundingBoxDebugger_59_dfbbcf82de5c3f509c6e.boxes2D.json"}}, {"predictions": {"_type": "boxes2D", "sha256": "998414ba96dbdc7d4e801b649c8149137ff16fc66a9278b201de8ea24b60f8a3", "size": 28125, "path": "media/metadata/boxes2D/BoundingBoxDebugger_59_998414ba96dbdc7d4e80.boxes2D.json"}}, {"predictions": {"_type": "boxes2D", "sha256": "8c5b78b029a82a0ee39e67e6dcf310b6baff4307bcaa09dade562472a8bba9ab", "size": 17258, "path": "media/metadata/boxes2D/BoundingBoxDebugger_59_8c5b78b029a82a0ee39e.boxes2D.json"}}, {"predictions": {"_type": "boxes2D", "sha256": "4e9767871fc342fe4f4806acb2ac561d3aed8c3d30b54807d409fd89f84866a5", "size": 53220, "path": "media/metadata/boxes2D/BoundingBoxDebugger_59_4e9767871fc342fe4f48.boxes2D.json"}}, {"predictions": {"_type": "boxes2D", "sha256": "aa188927af345c52a5818a89e02000331ed169ea57bd14515f9933f43e1c074d", "size": 56732, "path": "media/metadata/boxes2D/BoundingBoxDebugger_59_aa188927af345c52a581.boxes2D.json"}}, {"predictions": {"_type": "boxes2D", "sha256": "de23e9c3a11413bd11cac2c65496deae4833b2294ea6310855f6746744630bf9", "size": 56728, "path": "media/metadata/boxes2D/BoundingBoxDebugger_59_de23e9c3a11413bd11ca.boxes2D.json"}}, {"predictions": {"_type": "boxes2D", "sha256": "406d1b967548aadae4b02b0da1a5f7aeff937e92d1d7dbd2af7d271521f3e31f", "size": 25657, "path": "media/metadata/boxes2D/BoundingBoxDebugger_59_406d1b967548aadae4b0.boxes2D.json"}}, {"predictions": {"_type": "boxes2D", "sha256": "410ce257da5b56d8237aa33874eaedd1012baac618d7eebc95d40ec37b4a776d", "size": 26953, "path": "media/metadata/boxes2D/BoundingBoxDebugger_59_410ce257da5b56d8237a.boxes2D.json"}}, {"predictions": {"_type": "boxes2D", "sha256": "6b1f54ada6dc5fdc1c0740ac54e7eaa1476feaac3955429c0307f6abaaec7567", "size": 56675, "path": "media/metadata/boxes2D/BoundingBoxDebugger_59_6b1f54ada6dc5fdc1c07.boxes2D.json"}}, {"predictions": {"_type": "boxes2D", "sha256": "9693ef86a19905a08fbf52316baef6de8d520c5bf21b7c172526fcb42d3f43c6", "size": 21125, "path": "media/metadata/boxes2D/BoundingBoxDebugger_59_9693ef86a19905a08fbf.boxes2D.json"}}, {"predictions": {"_type": "boxes2D", "sha256": "bd4fff9098793a55daa3d795fa38ab309036f161075f5c7a6a3ddd4e5adec9da", "size": 47309, "path": "media/metadata/boxes2D/BoundingBoxDebugger_59_bd4fff9098793a55daa3.boxes2D.json"}}]}, "Validation": {"_type": "images/separated", "width": 1920, "height": 1100, "format": "jpg", "count": 6, "filenames": ["media/images/Validation_83_16851127fed0319052e2.jpg", "media/images/Validation_83_73182d221ccf5e3d1f8a.jpg", "media/images/Validation_83_90cb3e1fc03ef97f8783.jpg", "media/images/Validation_83_1242c9e92c8ca689f606.jpg", "media/images/Validation_83_c7bb9755ae28184a548f.jpg", "media/images/Validation_83_be89af54c05238662ec3.jpg"], "captions": ["val_batch0_labels.jpg", "val_batch0_pred.jpg", "val_batch1_labels.jpg", "val_batch1_pred.jpg", "val_batch2_labels.jpg", "val_batch2_pred.jpg"]}, "Results": {"_type": "images/separated", "width": 2400, "height": 1200, "format": "png", "count": 6, "filenames": ["media/images/Results_83_ef0804795c15a9400b78.png", "media/images/Results_83_89a4a69b231dbc7c1b4c.png", "media/images/Results_83_5e0a038b4d4cab1eba4b.png", "media/images/Results_83_b4721ba5459edd75172f.png", "media/images/Results_83_abe94f9829d0cecda1eb.png", "media/images/Results_83_dd0d33abbfb32ab37a84.png"], "captions": ["results.png", "confusion_matrix.png", "F1_curve.png", "PR_curve.png", "P_curve.png", "R_curve.png"]}, "_wandb": {"runtime": 21792}}