{"best/epoch": 0, "best/precision": 0.7456348146286816, "best/recall": 0.1116981735164719, "best/mAP_0.5": 0.11389917397063609, "best/mAP_0.5:0.95": 0.048661164410994814, "Labels": {"_type": "images/separated", "width": 2000, "height": 2000, "format": "jpg", "count": 2, "filenames": ["media/images/Labels_0_691d4c832bd849a806b2.jpg", "media/images/Labels_0_61cb45ac99b12cbb594c.jpg"], "captions": ["labels_correlogram.jpg", "labels.jpg"]}, "Mosaics": {"_type": "images/separated", "width": 1920, "height": 1920, "format": "jpg", "count": 3, "filenames": ["media/images/Mosaics_0_cd6d197b83cf58bb6a3c.jpg", "media/images/Mosaics_0_c36de760c036b7deb3ef.jpg", "media/images/Mosaics_0_e7c65fc8de603b767848.jpg"], "captions": ["train_batch0.jpg", "train_batch1.jpg", "train_batch2.jpg"]}, "train/box_loss": 0.08431993424892426, "train/obj_loss": 0.07647546380758286, "train/cls_loss": 0.025452526286244392, "metrics/precision": 0.7456261286112955, "metrics/recall": 0.1117588965721944, "metrics/mAP_0.5": 0.11384836382229314, "metrics/mAP_0.5:0.95": 0.04865121752944175, "val/box_loss": 0.0676347017288208, "val/obj_loss": 0.06556949019432068, "val/cls_loss": 0.01567714847624302, "x/lr0": 0.07008571428571428, "x/lr1": 0.003323809523809524, "x/lr2": 0.003323809523809524, "BoundingBoxDebugger": {"_type": "images/separated", "width": 1344, "height": 768, "format": "png", "count": 16, "filenames": ["media/images/BoundingBoxDebugger_0_924c76c42cb44e884969.png", "media/images/BoundingBoxDebugger_0_bd380590f7ccc08a4ff5.png", "media/images/BoundingBoxDebugger_0_17f60037d8f941f549cc.png", "media/images/BoundingBoxDebugger_0_89b79c7abe989ab1881f.png", "media/images/BoundingBoxDebugger_0_74f00ef0d0f1a39561b6.png", "media/images/BoundingBoxDebugger_0_08e9043997a689c9f56a.png", "media/images/BoundingBoxDebugger_0_92a3146ef0ca37913b5d.png", "media/images/BoundingBoxDebugger_0_95ee921877fc010445e1.png", "media/images/BoundingBoxDebugger_0_a8a553582d0f38cd84d6.png", "media/images/BoundingBoxDebugger_0_c977be2b06448b0489da.png", "media/images/BoundingBoxDebugger_0_26339fd4c66e27e7f1b9.png", "media/images/BoundingBoxDebugger_0_bde4087747f934d6299b.png", "media/images/BoundingBoxDebugger_0_6d72e18416f79c6f41d8.png", "media/images/BoundingBoxDebugger_0_7f6ea14197261f9de724.png", "media/images/BoundingBoxDebugger_0_0c64a3bc1fc28830efd7.png", "media/images/BoundingBoxDebugger_0_f5ab1f8f0f8420a087f2.png"], "captions": ["0004a4c0-d4dff0ad_jpg.rf.c4523588d7f9ecd1e3118bbad53fae62.jpg", "7429a7c2-6e655bd4_jpg.rf.27e85397890e9565716dadbf9a2775a1.jpg", "73f91726-a4b42013_jpg.rf.601b0e7a07d1efc07d47f4c98acc69dc.jpg", "73d972b6-17d447e3_jpg.rf.90f85b1f2eb128edfb9b5992f66fbd9a.jpg", "73bc6319-00000000_jpg.rf.0e26d84facecd179ea82286900e7564b.jpg", "73b09461-29fd15f1_jpg.rf.bdef29f4830f80e5c650ebee827897ef.jpg", "73ad6197-185e087c_jpg.rf.05875e6e8dca62689e7d847f21100c91.jpg", "73a1f742-63890001_jpg.rf.83aae5d4a8040389079ef23defac01dd.jpg", "736ef944-35249131_jpg.rf.91913b2810c98b237848b4cae1b40ca9.jpg", "734cfd60-5a112a74_jpg.rf.b85a41547228963b204a19a3785fd840.jpg", "72d1a01b-4a230000_jpg.rf.8f2bbf5e5c07d851c721a010989b980f.jpg", "72d1a01b-00000000_jpg.rf.262eff5e078166a62f9521c4fa2237e9.jpg", "72cd9cec-dbf0b815_jpg.rf.403703b078711454ac765f6756b96f1a.jpg", "7291f215-f66e0000_jpg.rf.a416ff4d1a86289c4653ff18c421ebcf.jpg", "724b5120-98a49fd9_jpg.rf.bc033c758c084f8bf6a53e20e3473fee.jpg", "7238b169-c3aebcfe_jpg.rf.109fa38b3cd092a4f73181697de20c57.jpg"], "all_boxes": [{"predictions": {"_type": "boxes2D", "sha256": "b50a2a462997dc50410112702d3cfb8dc6c31b7f035d575996bf3a613465369c", "size": 56381, "path": "media/metadata/boxes2D/BoundingBoxDebugger_0_b50a2a462997dc504101.boxes2D.json"}}, {"predictions": {"_type": "boxes2D", "sha256": "fd6d794dcf277b453cea286a715a562ed52f1bf7f88522c8505c7f9284bfcaeb", "size": 55764, "path": "media/metadata/boxes2D/BoundingBoxDebugger_0_fd6d794dcf277b453cea.boxes2D.json"}}, {"predictions": {"_type": "boxes2D", "sha256": "8077911c5bdcd6295118f5cc0dd73dc7fdbf686f4f5111c3e2c2f40cf8af3b78", "size": 56879, "path": "media/metadata/boxes2D/BoundingBoxDebugger_0_8077911c5bdcd6295118.boxes2D.json"}}, {"predictions": {"_type": "boxes2D", "sha256": "096343c109609b2df837ed45e4f57c443960ffe819ec2123c8545bd25fd0f02e", "size": 55332, "path": "media/metadata/boxes2D/BoundingBoxDebugger_0_096343c109609b2df837.boxes2D.json"}}, {"predictions": {"_type": "boxes2D", "sha256": "bd0b01b70d32aa9b0ebad070c6cf185d7052cb5196b4f5a65a105d3fab7f5ce7", "size": 55717, "path": "media/metadata/boxes2D/BoundingBoxDebugger_0_bd0b01b70d32aa9b0eba.boxes2D.json"}}, {"predictions": {"_type": "boxes2D", "sha256": "bc9e17cdfddd0ff3b305ef564c38cde38b47db2fa119765671573cc2374e9a55", "size": 55956, "path": "media/metadata/boxes2D/BoundingBoxDebugger_0_bc9e17cdfddd0ff3b305.boxes2D.json"}}, {"predictions": {"_type": "boxes2D", "sha256": "abe4e5e791e6c3833b746705f9d75e759d25a44705dc87e74b11c6bd489f0708", "size": 56306, "path": "media/metadata/boxes2D/BoundingBoxDebugger_0_abe4e5e791e6c3833b74.boxes2D.json"}}, {"predictions": {"_type": "boxes2D", "sha256": "b4728760663b6462a80d0f2857b56fdcc78b71c6160f10cf18c330073efc91c7", "size": 56742, "path": "media/metadata/boxes2D/BoundingBoxDebugger_0_b4728760663b6462a80d.boxes2D.json"}}, {"predictions": {"_type": "boxes2D", "sha256": "5949b6e007816ac888ad8fcf4a7bdf4ba9c12d991e372c71e1dbcb551d545e75", "size": 56338, "path": "media/metadata/boxes2D/BoundingBoxDebugger_0_5949b6e007816ac888ad.boxes2D.json"}}, {"predictions": {"_type": "boxes2D", "sha256": "04aab42e063f42a533478f12436572b6c99c6e8637af43f13b50a06d1a53defe", "size": 55989, "path": "media/metadata/boxes2D/BoundingBoxDebugger_0_04aab42e063f42a53347.boxes2D.json"}}, {"predictions": {"_type": "boxes2D", "sha256": "f7285671cecfd407730400ad8a9e708e84bb5a27a1d02aedeeba0b6766b003f8", "size": 56947, "path": "media/metadata/boxes2D/BoundingBoxDebugger_0_f7285671cecfd4077304.boxes2D.json"}}, {"predictions": {"_type": "boxes2D", "sha256": "2c7f02eb60432df8c2f88ad83560f61a63fedc0fa66904520c6539d7e9307bc3", "size": 56071, "path": "media/metadata/boxes2D/BoundingBoxDebugger_0_2c7f02eb60432df8c2f8.boxes2D.json"}}, {"predictions": {"_type": "boxes2D", "sha256": "a983492e7a8f8e2607ebaa45cfbc13ca4f9460960a0ca0b652e8f4f54585a69c", "size": 56282, "path": "media/metadata/boxes2D/BoundingBoxDebugger_0_a983492e7a8f8e2607eb.boxes2D.json"}}, {"predictions": {"_type": "boxes2D", "sha256": "e4044827965dfe28b4d6d7fd3c581a65537abb05aef1e35ca333fafb48d2fefb", "size": 55959, "path": "media/metadata/boxes2D/BoundingBoxDebugger_0_e4044827965dfe28b4d6.boxes2D.json"}}, {"predictions": {"_type": "boxes2D", "sha256": "1614e1326914e4baac0c946592d14bfa2c3c776f30c224f6eb1b5bcf8d4d9995", "size": 55981, "path": "media/metadata/boxes2D/BoundingBoxDebugger_0_1614e1326914e4baac0c.boxes2D.json"}}, {"predictions": {"_type": "boxes2D", "sha256": "cc52f1a2362bdf3ce423f905c9d207e309494bc2053995b95535bd8894309ad3", "size": 55421, "path": "media/metadata/boxes2D/BoundingBoxDebugger_0_cc52f1a2362bdf3ce423.boxes2D.json"}}]}, "_timestamp": 1659548936, "_runtime": 1072, "_step": 1, "Validation": {"_type": "images/separated", "width": 1920, "height": 1100, "format": "jpg", "count": 6, "filenames": ["media/images/Validation_1_b521ce79752db5effba3.jpg", "media/images/Validation_1_1f83e3d3ce2b0689a488.jpg", "media/images/Validation_1_548b524815e3fae644a1.jpg", "media/images/Validation_1_776af3105c01f410ac91.jpg", "media/images/Validation_1_0ccb2e144e2f8aa856f9.jpg", "media/images/Validation_1_e9d177cf593adcde5c41.jpg"], "captions": ["val_batch0_labels.jpg", "val_batch0_pred.jpg", "val_batch1_labels.jpg", "val_batch1_pred.jpg", "val_batch2_labels.jpg", "val_batch2_pred.jpg"]}, "Results": {"_type": "images/separated", "width": 2400, "height": 1200, "format": "png", "count": 6,