{"best/epoch": 36, "best/precision": 0.6380681878462423, "best/recall": 0.3467022985227525, "best/mAP_0.5": 0.3831157284291555, "best/mAP_0.5:0.95": 0.23551179445674975, "Labels": {"_type": "images/separated", "width": 2000, "height": 2000, "format": "jpg", "count": 2, "filenames": ["media/images/Labels_0_dad01c1423538d3081a0.jpg", "media/images/Labels_0_7035a8283727d0447d27.jpg"], "captions": ["labels_correlogram.jpg", "labels.jpg"]}, "Mosaics": {"_type": "images/separated", "width": 1920, "height": 1920, "format": "jpg", "count": 3, "filenames": ["media/images/Mosaics_0_17bbd26acbb5aa16e5a9.jpg", "media/images/Mosaics_0_10b1b0027a3985b1b3fc.jpg", "media/images/Mosaics_0_97b44c2bbf3c42e1fbb7.jpg"], "captions": ["train_batch0.jpg", "train_batch1.jpg", "train_batch2.jpg"]}, "train/box_loss": 0.04258483648300171, "train/obj_loss": 0.0731537863612175, "train/cls_loss": 0.007358348462730646, "metrics/precision": 0.6481411545716407, "metrics/recall": 0.32651054285392467, "metrics/mAP_0.5": 0.3751728971683102, "metrics/mAP_0.5:0.95": 0.23299597544968215, "val/box_loss": 0.04428132623434067, "val/obj_loss": 0.06170152872800827, "val/cls_loss": 0.008284777402877808, "x/lr0": 0.008251000000000001, "x/lr1": 0.008251000000000001, "x/lr2": 0.008251000000000001, "_timestamp": 1662104792, "_runtime": 16418, "_step": 54, "BoundingBoxDebugger": {"_type": "images/separated", "width": 1344, "height": 768, "format": "png", "count": 16, "filenames": ["media/images/BoundingBoxDebugger_29_ee852353bbcffb6029db.png", "media/images/BoundingBoxDebugger_29_28dde4d61c956d308210.png", "media/images/BoundingBoxDebugger_29_88d4276bf909a7c8731b.png", "media/images/BoundingBoxDebugger_29_46b1609b3dd4b85a558d.png", "media/images/BoundingBoxDebugger_29_785003fd04f4c3107a64.png", "media/images/BoundingBoxDebugger_29_aa349ee51ea80cc2b241.png", "media/images/BoundingBoxDebugger_29_9e8873e8d2336f586820.png", "media/images/BoundingBoxDebugger_29_99e16d2ee1ef5e18040c.png", "media/images/BoundingBoxDebugger_29_3bee43b9efbb99b5fb9e.png", "media/images/BoundingBoxDebugger_29_f28b1174943aeb439e08.png", "media/images/BoundingBoxDebugger_29_53a50e2075a255998660.png", "media/images/BoundingBoxDebugger_29_a8a5e443f99e12afa31a.png", "media/images/BoundingBoxDebugger_29_21ce790b008bad74ff88.png", "media/images/BoundingBoxDebugger_29_c6d1f1fc21d90d736660.png", "media/images/BoundingBoxDebugger_29_0748d1034a65fcd21551.png", "media/images/BoundingBoxDebugger_29_07aed0bacafa44c48e27.png"], "captions": ["7d06fefd-f7be05a6.jpg", "a217361a-01b5b341.jpg", "a217361a-cdf174d7.jpg", "a2297c18-876eb30b.jpg", "a2300bf9-00000000.jpg", "a269d8cd-af4fc1d1.jpg", "a2881013-88cf91d5.jpg", "a293d57a-00000000.jpg", "a296eb41-691738fc.jpg", "a2ae40f3-00000000.jpg", "a2c6d74b-00000000.jpg", "a2c9376f-00000000.jpg", "a2d1b2be-d0ddcd7d.jpg", "a3025d3c-00000000.jpg", "a316282d-0e90097d.jpg", "a316362b-00000000.jpg"], "all_boxes": [{"predictions": {"_type": "boxes2D", "sha256": "a704dd477dd764a253744fe081792f87d915fb7392a5a07e91bd6cca9072e0e9", "size": 38226, "path": "media/metadata/boxes2D/BoundingBoxDebugger_29_a704dd477dd764a25374.boxes2D.json"}}, {"predictions": {"_type": "boxes2D", "sha256": "c260077ce34648c3c6270a05e6a8e69106d35f09f71eed37f1647d484493d53a", "size": 56386, "path": "media/metadata/boxes2D/BoundingBoxDebugger_29_c260077ce34648c3c627.boxes2D.json"}}, {"predictions": {"_type": "boxes2D", "sha256": "0acf4424aedc415b62dca3116f039614c610d696f329e7a3ca515babc216bbbc", "size": 56342, "path": "media/metadata/boxes2D/BoundingBoxDebugger_29_0acf4424aedc415b62dc.boxes2D.json"}}, {"predictions": {"_type": "boxes2D", "sha256": "c51b1e610080adb07decd498093f24eea32096491d7f24deaab32a82efbff0e4", "size": 56338, "path": "media/metadata/boxes2D/BoundingBoxDebugger_29_c51b1e610080adb07dec.boxes2D.json"}}, {"predictions": {"_type": "boxes2D", "sha256": "06a8dbd7648397c488246ff971089a1af38033192740f426174d0a7efe897832", "size": 56324, "path": "media/metadata/boxes2D/BoundingBoxDebugger_29_06a8dbd7648397c48824.boxes2D.json"}}, {"predictions": {"_type": "boxes2D", "sha256": "bb3a551836b59e48bfae8430a146bdffd81cc749a052d29d33293701b268bb4b", "size": 12277, "path": "media/metadata/boxes2D/BoundingBoxDebugger_29_bb3a551836b59e48bfae.boxes2D.json"}}, {"predictions": {"_type": "boxes2D", "sha256": "6dbee976a60046700014c8af1495992e415b33a154d1f19ed66f75001fd5e70c", "size": 48098, "path": "media/metadata/boxes2D/BoundingBoxDebugger_29_6dbee976a60046700014.boxes2D.json"}}, {"predictions": {"_type": "boxes2D", "sha256": "237d057106a3c756e5c9cfb5a0e5fe8dfa38164276318ddc77ad445a937216a5", "size": 21044, "path": "media/metadata/boxes2D/BoundingBoxDebugger_29_237d057106a3c756e5c9.boxes2D.json"}}, {"predictions": {"_type": "boxes2D", "sha256": "861ab161c990bc6aadee422b1293e88020bea70bdf94ac5b19544b83631f4a02", "size": 50842, "path": "media/metadata/boxes2D/BoundingBoxDebugger_29_861ab161c990bc6aadee.boxes2D.json"}}, {"predictions": {"_type": "boxes2D", "sha256": "927bd5b1da3b3e817bbc4e7b5bf96401dd456325e0890580bfcda8eb5ff030e9", "size": 56549, "path": "media/metadata/boxes2D/BoundingBoxDebugger_29_927bd5b1da3b3e817bbc.boxes2D.json"}}, {"predictions": {"_type": "boxes2D", "sha256": "55e656932f2a108b9ca273d24edac58cbff5fe0e7af224e72357dd74c2c1b1ec", "size": 55955, "path": "media/metadata/boxes2D/BoundingBoxDebugger_29_55e656932f2a108b9ca2.boxes2D.json"}}, {"predictions": {"_type": "boxes2D", "sha256": "11a4c2d9ad97c928ab8e14f807b478c1893fdc379d8d91a0d875cc7edff836db", "size": 57125, "path": "media/metadata/boxes2D/BoundingBoxDebugger_29_11a4c2d9ad97c928ab8e.boxes2D.json"}}, {"predictions": {"_type": "boxes2D", "sha256": "dbedefebb6d8caef36f46f06d486803662e4193cdf3a7c604ea5320ed435c927", "size": 42318, "path": "media/metadata/boxes2D/BoundingBoxDebugger_29_dbedefebb6d8caef36f4.boxes2D.json"}}, {"predictions": {"_type": "boxes2D", "sha256": "6cd015d08385184c947f44ed807c1ca12b9fbea62b0b27d9160e1c3bd86fea34", "size": 55209, "path": "media/metadata/boxes2D/BoundingBoxDebugger_29_6cd015d08385184c947f.boxes2D.json"}}, {"predictions": {"_type": "boxes2D", "sha256": "6b12bccfd62f3f5ecd60a8cfba292c29bf24eb38faa8c0142f38233860e13bc6", "size": 38006, "path": "media/metadata/boxes2D/BoundingBoxDebugger_29_6b12bccfd62f3f5ecd60.boxes2D.json"}}, {"predictions": {"_type": "boxes2D", "sha256": "e4c9670e5ebf67ce1d3383597b53be1359f88238d04fe065c37136d0f788e5db", "size": 56736, "path": "media/metadata/boxes2D/BoundingBoxDebugger_29_e4c9670e5ebf67ce1d33.boxes2D.json"}}]}}