{"best/epoch": 36, "best/precision": 0.6380681878462423, "best/recall": 0.3467022985227525, "best/mAP_0.5": 0.3831157284291555, "best/mAP_0.5:0.95": 0.23551179445674975, "Labels": {"_type": "images/separated", "width": 2000, "height": 2000, "format": "jpg", "count": 2, "filenames": ["media/images/Labels_0_dad01c1423538d3081a0.jpg", "media/images/Labels_0_7035a8283727d0447d27.jpg"], "captions": ["labels_correlogram.jpg", "labels.jpg"]}, "Mosaics": {"_type": "images/separated", "width": 1920, "height": 1920, "format": "jpg", "count": 3, "filenames": ["media/images/Mosaics_0_17bbd26acbb5aa16e5a9.jpg", "media/images/Mosaics_0_10b1b0027a3985b1b3fc.jpg", "media/images/Mosaics_0_97b44c2bbf3c42e1fbb7.jpg"], "captions": ["train_batch0.jpg", "train_batch1.jpg", "train_batch2.jpg"]}, "train/box_loss": 0.04107421264052391, "train/obj_loss": 0.07061044126749039, "train/cls_loss": 0.0062537603080272675, "metrics/precision": 0.6396995938820004, "metrics/recall": 0.346013019382931, "metrics/mAP_0.5": 0.3830754832578341, "metrics/mAP_0.5:0.95": 0.23523943161101127, "val/box_loss": 0.04462749511003494, "val/obj_loss": 0.061502184718847275, "val/cls_loss": 0.00798759888857603, "x/lr0": 0.007195, "x/lr1": 0.007195, "x/lr2": 0.007195, "_timestamp": 1662114291, "_runtime": 25917, "_step": 87, "BoundingBoxDebugger": {"_type": "images/separated", "width": 1344, "height": 768, "format": "png", "count": 16, "filenames": ["media/images/BoundingBoxDebugger_59_ee852353bbcffb6029db.png", "media/images/BoundingBoxDebugger_59_28dde4d61c956d308210.png", "media/images/BoundingBoxDebugger_59_88d4276bf909a7c8731b.png", "media/images/BoundingBoxDebugger_59_46b1609b3dd4b85a558d.png", "media/images/BoundingBoxDebugger_59_785003fd04f4c3107a64.png", "media/images/BoundingBoxDebugger_59_aa349ee51ea80cc2b241.png", "media/images/BoundingBoxDebugger_59_9e8873e8d2336f586820.png", "media/images/BoundingBoxDebugger_59_99e16d2ee1ef5e18040c.png", "media/images/BoundingBoxDebugger_59_3bee43b9efbb99b5fb9e.png", "media/images/BoundingBoxDebugger_59_f28b1174943aeb439e08.png", "media/images/BoundingBoxDebugger_59_53a50e2075a255998660.png", "media/images/BoundingBoxDebugger_59_a8a5e443f99e12afa31a.png", "media/images/BoundingBoxDebugger_59_21ce790b008bad74ff88.png", "media/images/BoundingBoxDebugger_59_c6d1f1fc21d90d736660.png", "media/images/BoundingBoxDebugger_59_0748d1034a65fcd21551.png", "media/images/BoundingBoxDebugger_59_07aed0bacafa44c48e27.png"], "captions": ["7d06fefd-f7be05a6.jpg", "a217361a-01b5b341.jpg", "a217361a-cdf174d7.jpg", "a2297c18-876eb30b.jpg", "a2300bf9-00000000.jpg", "a269d8cd-af4fc1d1.jpg", "a2881013-88cf91d5.jpg", "a293d57a-00000000.jpg", "a296eb41-691738fc.jpg", "a2ae40f3-00000000.jpg", "a2c6d74b-00000000.jpg", "a2c9376f-00000000.jpg", "a2d1b2be-d0ddcd7d.jpg", "a3025d3c-00000000.jpg", "a316282d-0e90097d.jpg", "a316362b-00000000.jpg"], "all_boxes": [{"predictions": {"_type": "boxes2D", "sha256": "e715c512523f58ae17e6f1b5e29887d04376bdc8729d3e3fd50bdc602904748d", "size": 36306, "path": "media/metadata/boxes2D/BoundingBoxDebugger_59_e715c512523f58ae17e6.boxes2D.json"}}, {"predictions": {"_type": "boxes2D", "sha256": "0756034d93b298abf53a8d26c161b52cbfcfbe2c564fcfa3aa1da52e5c950e51", "size": 56449, "path": "media/metadata/boxes2D/BoundingBoxDebugger_59_0756034d93b298abf53a.boxes2D.json"}}, {"predictions": {"_type": "boxes2D", "sha256": "0b4cfce18a36dbccef23ac4205723a373cbd5bdd7d4d843e95ef3ca54ee7542c", "size": 56391, "path": "media/metadata/boxes2D/BoundingBoxDebugger_59_0b4cfce18a36dbccef23.boxes2D.json"}}, {"predictions": {"_type": "boxes2D", "sha256": "6bfd55261189deab32eb81430c1e980c12b42bab08d9bbe99ee030caab06765d", "size": 56391, "path": "media/metadata/boxes2D/BoundingBoxDebugger_59_6bfd55261189deab32eb.boxes2D.json"}}, {"predictions": {"_type": "boxes2D", "sha256": "0ecb9d22c36f42c7b16df00ecdac79f89881ffe915a6d763117aabac4f0dfce0", "size": 56643, "path": "media/metadata/boxes2D/BoundingBoxDebugger_59_0ecb9d22c36f42c7b16d.boxes2D.json"}}, {"predictions": {"_type": "boxes2D", "sha256": "a9a59fe36449f1adc0e0a1781824f752fdbbc52fdad6d13e3dc4090eea7a1c04", "size": 7740, "path": "media/metadata/boxes2D/BoundingBoxDebugger_59_a9a59fe36449f1adc0e0.boxes2D.json"}}, {"predictions": {"_type": "boxes2D", "sha256": "cad9b39ad0e153c5e8ef142c8b597b4fcdb79c0d189e6e2956911aa8f5e43a63", "size": 43157, "path": "media/metadata/boxes2D/BoundingBoxDebugger_59_cad9b39ad0e153c5e8ef.boxes2D.json"}}, {"predictions": {"_type": "boxes2D", "sha256": "3f383c0e3c31c6711c713f786ab0eaa360d28fce86327b70db0d273d35375333", "size": 14976, "path": "media/metadata/boxes2D/BoundingBoxDebugger_59_3f383c0e3c31c6711c71.boxes2D.json"}}, {"predictions": {"_type": "boxes2D", "sha256": "0e8f73a857938fa818d597827b8e37f428e4294e90521c2a9a11f3f02f8ebf51", "size": 41678, "path": "media/metadata/boxes2D/BoundingBoxDebugger_59_0e8f73a857938fa818d5.boxes2D.json"}}, {"predictions": {"_type": "boxes2D", "sha256": "96afec1fdce36212201cfde537dfd000f0f1e808fea4f52d67f06118ff440898", "size": 56656, "path": "media/metadata/boxes2D/BoundingBoxDebugger_59_96afec1fdce36212201c.boxes2D.json"}}, {"predictions": {"_type": "boxes2D", "sha256": "b9183d19de2ec34f850db839256d1b1f8529f20a9da2580ae5de8b453e72382a", "size": 53612, "path": "media/metadata/boxes2D/BoundingBoxDebugger_59_b9183d19de2ec34f850d.boxes2D.json"}}, {"predictions": {"_type": "boxes2D", "sha256": "3880f399300ae8bc3f424bbf5bff6ab12234533defee583a8ac1d5cd22a5b24d", "size": 45312, "path": "media/metadata/boxes2D/BoundingBoxDebugger_59_3880f399300ae8bc3f42.boxes2D.json"}}, {"predictions": {"_type": "boxes2D", "sha256": "fd97c39ba2b69b86342a1347ac3f235ed38d023a4ef823db13cecfd91e4b030f", "size": 33530, "path": "media/metadata/boxes2D/BoundingBoxDebugger_59_fd97c39ba2b69b86342a.boxes2D.json"}}, {"predictions": {"_type": "boxes2D", "sha256": "e87a1cb880acceb890d5c47f6340155d151189f195b3366a2ac3acd3cd75ed49", "size": 48820, "path": "media/metadata/boxes2D/BoundingBoxDebugger_59_e87a1cb880acceb890d5.boxes2D.json"}}, {"predictions": {"_type": "boxes2D", "sha256": "3f7fe11b6474cc7c8a81a216f4588fe3638ea89c1975c6f1f8d36f179b744148", "size": 25724, "path": "media/metadata/boxes2D/BoundingBoxDebugger_59_3f7fe11b6474cc7c8a81.boxes2D.json"}}, {"predictions": {"_type": "boxes2D", "sha256": "34ba35400f6e408bff71f96a687dcc9da54979a06772264e90f3ca95b163988c", "size": 44609, "path": "media/metadata/boxes2D/BoundingBoxDebugger_59_34ba35400f6e408bff71.boxes2D.json"}}]}, "Validation": {"_type": "images/separated", "width": 1920, "height": 1100, "format": "jpg", "count": 6, "filenames": ["media/images/Validation_87_16851127fed0319052e2.jpg", "media/images/Validation_87_b8cbb018d5c14555709a.jpg", "media/images/Validation_87_90cb3e1fc03ef97f8783.jpg", "media/images/Validation_87_d2ca488cbd4841704c80.jpg", "media/images/Validation_87_c7bb9755ae28184a548f.jpg", "media/images/Validation_87_fb36baaf5146ba8fbc9a.jpg"], "captions": ["val_batch0_labels.jpg", "val_batch0_pred.jpg", "val_batch1_labels.jpg", "val_batch1_pred.jpg", "val_batch2_labels.jpg", "val_batch2_pred.jpg"]}, "Results": {"_type": "images/separated", "width": 2400, "height": 1200, "format": "png", "count": 6, "filenames": ["media/images/Results_87_b44671c5c994f32745d1.png", "media/images/Results_87_1bf8407afd6a4fc5610d.png", "media/images/Results_87_7529deaa2c13ab0a1eea.png", "media/images/Results_87_89e8d35dee230189aac5.png", "media/images/Results_87_0762aeca23b409e7ae61.png", "media/images/Results_87_5891731e3d5a780218b3.png"], "captions": ["results.png", "confusion_matrix.png", "F1_curve.png", "PR_curve.png", "P_curve.png", "R_curve.png"]}, "_wandb": {"runtime": 25918}}